i,id,actor,padre,profundidad,texto,es_hoja,peso_arista,peso_acumulado,sim_con_raiz,sim_con_problema
0,Arab Republic of Egypt_0_0,Arab Republic of Egypt,,0,Egypt demands a legally binding agreement (not voluntary guidelines) that obliges Ethiopia to release guaranteed minimum flows during drought years to prevent irreversible damage. Invokes the international principle of 'no significant harm' and its historical rights based on the 1929 and 1959 treaties. Declares that all options remain open to protect its vital resource.,False,,0.0,1.0,0.7338124513626099
1,Arab Republic of Egypt_1_5,Arab Republic of Egypt,Arab Republic of Egypt_0_0,1,International mediators face increased pressure to propose compromise frameworks,False,1.39936563372612,1.39936563372612,0.3047345280647278,0.2958998382091522
2,Arab Republic of Egypt_2_9,Arab Republic of Egypt,Arab Republic of Egypt_1_5,2,Timeline pressure accelerates for presenting concrete proposals,False,1.5998982936143875,2.9992639273405075,0.15661975741386414,0.24348194897174835
3,Arab Republic of Egypt_3_22,Arab Republic of Egypt,Arab Republic of Egypt_2_9,3,Diplomatic channels experience increased urgency messaging from Arab Republic of Egypt,False,1.698644943535328,4.697908870875835,0.10720037668943405,0.19415467977523804
4,Arab Republic of Egypt_4_106,Arab Republic of Egypt,Arab Republic of Egypt_3_22,4,Egyptian diplomatic missions escalate communication frequency with key stakeholders,False,1.7902819067239761,6.4881907775998116,0.0528302937746048,0.15688779950141907
5,Arab Republic of Egypt_5_368,Arab Republic of Egypt,Arab Republic of Egypt_4_106,5,International partners face increased Egyptian engagement on GERD issue,True,1.592754527926445,8.080945305526257,0.16066816449165344,0.24657730758190155
6,Arab Republic of Egypt_5_367,Arab Republic of Egypt,Arab Republic of Egypt_4_106,5,Regional allies are contacted for diplomatic support coordination,True,1.5635080486536026,8.051698826253414,0.2132730334997177,0.2232189178466797
7,Arab Republic of Egypt_5_366,Arab Republic of Egypt,Arab Republic of Egypt_4_106,5,Key stakeholders receive intensified Egyptian position messaging,True,1.6868978291749954,8.175088606774807,0.09971539676189423,0.21338677406311035
8,Arab Republic of Egypt_4_105,Arab Republic of Egypt,Arab Republic of Egypt_3_22,4,International partners are briefed on Egypt's red lines regarding water security,False,1.0501752495765686,5.748084120452404,0.48465731739997864,0.46516743302345276
9,Arab Republic of Egypt_5_233,Arab Republic of Egypt,Arab Republic of Egypt_4_105,5,International partners evaluate their own strategic interests regarding Nile negotiations,True,1.3656664192676544,7.113750539720058,0.29186055064201355,0.34247303009033203
10,Arab Republic of Egypt_5_232,Arab Republic of Egypt,Arab Republic of Egypt_4_105,5,Key allies receive detailed briefings on Egypt's water security calculations,False,1.0850326418876648,6.833116762340069,0.46499794721603394,0.44996941089630127
11,Arab Republic of Egypt_6_522,Arab Republic of Egypt,Arab Republic of Egypt_5_232,6,Allied intelligence services receive Egypt's technical flow requirement documentation,True,1.3441733717918396,8.177290134131908,0.29213711619377136,0.36368951201438904
12,Arab Republic of Egypt_6_521,Arab Republic of Egypt,Arab Republic of Egypt_5_232,6,Key partners evaluate potential support mechanisms for Egypt's position,True,1.5132417976856232,8.346358560025692,0.2081785500049591,0.2785796523094177
13,Arab Republic of Egypt_6_520,Arab Republic of Egypt,Arab Republic of Egypt_5_232,6,Allied governments assess Egypt's water vulnerability data against regional stability interests,True,0.9619351029396057,7.7950518652796745,0.5214784145355225,0.5165864825248718
14,Arab Republic of Egypt_5_231,Arab Republic of Egypt,Arab Republic of Egypt_4_105,5,International partners assess potential regional stability implications of Egypt's position,True,1.441931128501892,7.190015248954296,0.24386969208717346,0.31419917941093445
15,Arab Republic of Egypt_3_21,Arab Republic of Egypt,Arab Republic of Egypt_2_9,3,Arab Republic of Egypt prepares accelerated response mechanisms for incoming proposals,False,1.6508422493934631,4.650106176733971,0.13494500517845154,0.21421274542808533
16,Arab Republic of Egypt_4_98,Arab Republic of Egypt,Arab Republic of Egypt_3_21,4,Egypt prepares contingency diplomatic responses for various proposal scenarios,False,1.550728902220726,6.200835078954697,0.2065776139497757,0.2426934838294983
17,Arab Republic of Egypt_5_302,Arab Republic of Egypt,Arab Republic of Egypt_4_98,5,Egypt assigns diplomatic teams to analyze incoming proposal details,True,1.6543626710772514,7.855197750031948,0.1160803958773613,0.22955693304538727
18,Arab Republic of Egypt_5_301,Arab Republic of Egypt,Arab Republic of Egypt_4_98,5,Egypt coordinates with allies on potential responses to proposals,True,1.5606191754341125,7.761454254388809,0.1946258693933487,0.24475495517253876
19,Arab Republic of Egypt_5_300,Arab Republic of Egypt,Arab Republic of Egypt_4_98,5,Egypt develops specific negotiation positions for different proposal types,True,1.633055403828621,7.833890482783318,0.1639430969953537,0.2030014991760254
20,Arab Republic of Egypt_4_97,Arab Republic of Egypt,Arab Republic of Egypt_3_21,4,Egypt develops predetermined red-lines for immediate proposal rejection,False,1.5663590729236603,6.216465249657631,0.2309110462665558,0.20272988080978394
21,Arab Republic of Egypt_5_310,Arab Republic of Egypt,Arab Republic of Egypt_4_97,5,Arab Republic of Egypt signals reduced willingness for compromise solutions,True,1.60154227912426,7.818007528781891,0.2093159705400467,0.18914175033569336
22,Arab Republic of Egypt_5_309,Arab Republic of Egypt,Arab Republic of Egypt_4_97,5,Egypt's response time to new proposals shortens significantly,True,1.6816482692956924,7.898113518953323,0.1419423669576645,0.17640936374664307
23,Arab Republic of Egypt_5_308,Arab Republic of Egypt,Arab Republic of Egypt_4_97,5,Arab Republic of Egypt's diplomatic team receives stricter mandate constraints,True,1.4694710671901703,7.685936316847801,0.27370768785476685,0.25682124495506287
24,Arab Republic of Egypt_5_307,Arab Republic of Egypt,Arab Republic of Egypt_4_97,5,Egypt's negotiation flexibility decreases in upcoming trilateral discussions,True,1.5106595158576965,7.7271247655153275,0.22960948944091797,0.2597309947013855
25,Arab Republic of Egypt_4_96,Arab Republic of Egypt,Arab Republic of Egypt_3_21,4,Egypt coordinates accelerated consultation processes with domestic stakeholders,False,1.5540735125541687,6.204179689288139,0.13655132055282593,0.30937516689300537
26,Arab Republic of Egypt_5_306,Arab Republic of Egypt,Arab Republic of Egypt_4_96,5,Egyptian negotiation team receives updated red lines from stakeholder consultations,True,1.489845871925354,7.694025561213493,0.23430174589157104,0.27585238218307495
27,Arab Republic of Egypt_5_305,Arab Republic of Egypt,Arab Republic of Egypt_4_96,5,Egypt's national security council receives expedited briefings on water scenarios,True,1.2171833515167236,7.421363040804863,0.36963075399398804,0.41318589448928833
28,Arab Republic of Egypt_5_304,Arab Republic of Egypt,Arab Republic of Egypt_4_96,5,Egyptian agricultural sector representatives provide drought impact assessments,True,1.0606932938098907,7.26487298309803,0.4363096058368683,0.502997100353241
29,Arab Republic of Egypt_5_303,Arab Republic of Egypt,Arab Republic of Egypt_4_96,5,Egypt's water ministry consolidates technical position papers for leadership review,True,1.2890541553497314,7.493233844637871,0.3340494930744171,0.37689635157585144
30,Arab Republic of Egypt_4_95,Arab Republic of Egypt,Arab Republic of Egypt_3_21,4,Egypt establishes rapid technical evaluation committees for proposal assessment,False,1.619825854897499,6.26993203163147,0.14775007963180542,0.2324240654706955
31,Arab Republic of Egypt_5_329,Arab Republic of Egypt,Arab Republic of Egypt_4_95,5,Egypt's government receives faster technical assessments of mediation proposals,True,1.620267003774643,7.890199035406113,0.13414698839187622,0.24558600783348083
32,Arab Republic of Egypt_5_328,Arab Republic of Egypt,Arab Republic of Egypt_4_95,5,Egypt accelerates recruitment of water management and legal experts,True,1.5100210905075073,7.779953122138977,0.22947698831558228,0.2605019211769104
33,Arab Republic of Egypt_5_327,Arab Republic of Egypt,Arab Republic of Egypt_4_95,5,Egypt's technical committees develop specific evaluation criteria for proposals,True,1.4778440594673157,7.747776091098785,0.2338165044784546,0.28833943605422974
34,Arab Republic of Egypt_3_20,Arab Republic of Egypt,Arab Republic of Egypt_2_9,3,International mediators prioritize speed over comprehensiveness in proposal development,False,1.4961842894554138,4.495448216795921,0.18130862712860107,0.3225070834159851
35,Arab Republic of Egypt_4_79,Arab Republic of Egypt,Arab Republic of Egypt_3_20,4,Egypt's historical water rights receive diminished consideration in accelerated negotiations,True,1.1952678263187408,5.690716043114662,0.4372103810310364,0.3675217926502228
36,Arab Republic of Egypt_4_78,Arab Republic of Egypt,Arab Republic of Egypt_3_20,4,Critical drought scenarios receive inadequate analysis in rushed proposals,False,1.0708374977111816,5.566285714507103,0.4465334713459015,0.48262903094291687
37,Arab Republic of Egypt_5_186,Arab Republic of Egypt,Arab Republic of Egypt_4_78,5,Technical risk assessments for extreme scenarios become superficial,False,1.448801428079605,7.015087142586708,0.26437434554100037,0.28682422637939453
38,Arab Republic of Egypt_6_589,Arab Republic of Egypt,Arab Republic of Egypt_5_186,6,Egypt's national security red lines become undefined in technical documentation,True,1.5938754230737686,8.608962565660477,0.19752459228038788,0.2085999846458435
39,Arab Republic of Egypt_6_588,Arab Republic of Egypt,Arab Republic of Egypt_5_186,6,Superficial assessments fail to quantify Egypt's agricultural collapse thresholds,True,1.4673071205615997,8.482394263148308,0.2547042667865753,0.27798861265182495
40,Arab Republic of Egypt_6_587,Arab Republic of Egypt,Arab Republic of Egypt_5_186,6,Egypt's catastrophic water shortage scenarios remain unaddressed in mediation frameworks,True,1.0980415642261505,8.113128706812859,0.47472336888313293,0.42723506689071655
41,Arab Republic of Egypt_5_185,Arab Republic of Egypt,Arab Republic of Egypt_4_78,5,Egypt's water security concerns remain unaddressed in mediation proposals,False,1.2283719778060913,6.794657692313194,0.4117721915245056,0.3598558306694031
42,Arab Republic of Egypt_6_499,Arab Republic of Egypt,Arab Republic of Egypt_5_185,6,Egypt rejects mediation proposals as inadequate for national security,True,1.659146323800087,8.453804016113281,0.1775284856557846,0.16332519054412842
43,Arab Republic of Egypt_5_184,Arab Republic of Egypt,Arab Republic of Egypt_4_78,5,Proposed agreements lack specific drought contingency mechanisms,False,0.9003781080245972,6.4666638225317,0.5709801912307739,0.5286417007446289
44,Arab Republic of Egypt_6_364,Arab Republic of Egypt,Arab Republic of Egypt_5_184,6,Arab Republic of Egypt escalates demands for more detailed drought protection clauses,True,1.0568096935749054,7.5234735161066055,0.5205364227294922,0.4226538836956024
45,Arab Republic of Egypt_6_363,Arab Republic of Egypt,Arab Republic of Egypt_5_184,6,International mediation process faces immediate credibility crisis from all parties,True,1.6269171684980392,8.09358099102974,0.1802205741405487,0.19286225736141205
46,Arab Republic of Egypt_6_362,Arab Republic of Egypt,Arab Republic of Egypt_5_184,6,Arab Republic of Egypt rejects proposed agreements as inadequate for protecting water security,True,1.1081059575080872,7.574769780039787,0.5121257305145264,0.3797683119773865
47,Arab Republic of Egypt_4_77,Arab Republic of Egypt,Arab Republic of Egypt_3_20,4,Proposed frameworks contain insufficient technical safeguards for Egypt's water security,False,1.0622048377990723,5.557653054594994,0.47941020131111145,0.4583849608898163
48,Arab Republic of Egypt_5_183,Arab Republic of Egypt,Arab Republic of Egypt_4_77,5,Arab Republic of Egypt rejects the proposed frameworks as inadequate,True,1.643080160021782,7.2007332146167755,0.16590404510498047,0.1910157948732376
49,Arab Republic of Egypt_2_8,Arab Republic of Egypt,Arab Republic of Egypt_1_5,2,Proposed frameworks emphasize downstream protection mechanisms,False,0.8939316272735596,2.2932972609996796,0.5652579069137573,0.5408104658126831
50,Arab Republic of Egypt_3_16,Arab Republic of Egypt,Arab Republic of Egypt_2_8,3,Sudan demands inclusion of its specific operational requirements,False,1.3019933104515076,3.595290571451187,0.3433266580104828,0.35468003153800964
51,Arab Republic of Egypt_4_42,Arab Republic of Egypt,Arab Republic of Egypt_3_16,4,Egypt must evaluate whether Sudan's operational needs align with Egyptian water security,False,1.0342855155467987,4.629576086997986,0.4707601070404053,0.494954377412796
52,Arab Republic of Egypt_5_91,Arab Republic of Egypt,Arab Republic of Egypt_4_42,5,Egypt determines if Sudan's infrastructure constraints could reduce overall downstream water availability,False,0.914636492729187,5.544212579727173,0.538578987121582,0.546784520149231
53,Arab Republic of Egypt_6_182,Arab Republic of Egypt,Arab Republic of Egypt_5_91,6,Egypt assesses whether Sudan's constraints justify separate bilateral negotiations,False,1.435691624879837,6.97990420460701,0.27692681550979614,0.2873815596103668
54,Arab Republic of Egypt_7_568,Arab Republic of Egypt,Arab Republic of Egypt_6_182,7,Egypt weighs dividing the negotiation process into separate tracks,True,1.5691510736942291,8.549055278301239,0.15224432945251465,0.2786045968532562
55,Arab Republic of Egypt_7_567,Arab Republic of Egypt,Arab Republic of Egypt_6_182,7,Egypt evaluates Sudan as potential ally against Ethiopian unilateral actions,True,1.6954344063997269,8.675338611006737,0.13846737146377563,0.1660982221364975
56,Arab Republic of Egypt_7_566,Arab Republic of Egypt,Arab Republic of Egypt_6_182,7,Egypt considers bypassing trilateral negotiations for bilateral water agreements,True,1.3064535856246948,8.286357790231705,0.3493856191635132,0.344160795211792
57,Arab Republic of Egypt_6_181,Arab Republic of Egypt,Arab Republic of Egypt_5_91,6,Egypt calculates potential water losses from Sudanese infrastructure bottlenecks,False,1.0621005594730377,6.606313139200211,0.4417255222797394,0.4961739182472229
58,Arab Republic of Egypt_7_422,Arab Republic of Egypt,Arab Republic of Egypt_6_181,7,Egypt assesses timing delays caused by Sudanese reservoir management,True,1.252084642648697,7.8583977818489075,0.3321126401424408,0.4158027172088623
59,Arab Republic of Egypt_7_421,Arab Republic of Egypt,Arab Republic of Egypt_6_181,7,Egypt quantifies water volume reductions from Sudanese dam operations,True,1.0861463844776154,7.692459523677826,0.42157360911369324,0.4922800064086914
60,Arab Republic of Egypt_7_420,Arab Republic of Egypt,Arab Republic of Egypt_6_181,7,Egypt identifies specific infrastructure capacity limitations in Sudan,True,1.2797859907150269,7.886099129915237,0.3158556818962097,0.4043583273887634
61,Arab Republic of Egypt_6_180,Arab Republic of Egypt,Arab Republic of Egypt_5_91,6,Egypt identifies specific Sudanese dam operations that could impede water flow,False,1.0201953649520874,6.56440794467926,0.43395060300827026,0.5458540320396423
62,Arab Republic of Egypt_7_411,Arab Republic of Egypt,Arab Republic of Egypt_6_180,7,Egypt assesses whether Sudanese reservoir management reduces downstream flow predictability,True,1.0177884101867676,7.582196354866028,0.4472803473472595,0.5349312424659729
63,Arab Republic of Egypt_7_410,Arab Republic of Egypt,Arab Republic of Egypt_6_180,7,Egypt calculates potential water losses from Sudanese dam coordination delays,True,0.9651469588279724,7.529554903507233,0.4799925684928894,0.5548604726791382
64,Arab Republic of Egypt_5_90,Arab Republic of Egypt,Arab Republic of Egypt_4_42,5,Egypt assesses whether coordinated operations with Sudan strengthen its negotiating position against Ethiopia,False,1.521708831191063,6.151284918189049,0.2106860727071762,0.26760509610176086
65,Arab Republic of Egypt_6_288,Arab Republic of Egypt,Arab Republic of Egypt_5_90,6,Egypt considers offering Sudan operational support to secure downstream alliance,True,1.4435954093933105,7.594880327582359,0.2946007251739502,0.26180386543273926
66,Arab Republic of Egypt_6_287,Arab Republic of Egypt,Arab Republic of Egypt_5_90,6,Egypt evaluates Sudan's technical capacity for synchronized dam operations,True,1.0646567940711975,7.215941712260246,0.3815794587135315,0.553763747215271
67,Arab Republic of Egypt_6_286,Arab Republic of Egypt,Arab Republic of Egypt_5_90,6,Egypt initiates bilateral consultations with Sudan regarding coordinated water management strategies,True,1.2333047091960907,7.3845896273851395,0.35509833693504333,0.41159695386886597
68,Arab Republic of Egypt_5_89,Arab Republic of Egypt,Arab Republic of Egypt_4_42,5,Egypt identifies potential conflicts between Sudanese dam safety requirements and Egyptian flow needs,False,0.9982798099517822,5.627855896949768,0.4580114483833313,0.5437087416648865
69,Arab Republic of Egypt_6_203,Arab Republic of Egypt,Arab Republic of Egypt_5_89,6,Egypt develops contingency positions for trilateral negotiations,True,1.5389522463083267,7.166808143258095,0.22640620172023773,0.23464155197143555
70,Arab Republic of Egypt_6_202,Arab Republic of Egypt,Arab Republic of Egypt_5_89,6,Egypt seeks to quantify trade-offs between competing downstream requirements,False,1.285023272037506,6.912879168987274,0.3286079168319702,0.3863688111305237
71,Arab Republic of Egypt_7_545,Arab Republic of Egypt,Arab Republic of Egypt_6_202,7,Egypt develops mathematical models comparing downstream water allocation scenarios,True,1.0928170382976532,8.005696207284927,0.4327416718006134,0.4744412899017334
72,Arab Republic of Egypt_7_544,Arab Republic of Egypt,Arab Republic of Egypt_6_202,7,Egypt discovers potential scenarios where Sudanese safety needs conflict with Egyptian water quotas,True,1.053597629070282,7.966476798057556,0.4785485863685608,0.4678537845611572
73,Arab Republic of Egypt_7_543,Arab Republic of Egypt,Arab Republic of Egypt_6_202,7,Egypt commissions technical studies on minimum flow requirements versus Sudanese infrastructure constraints,True,1.0678555071353912,7.980734676122665,0.41932395100593567,0.5128205418586731
74,Arab Republic of Egypt_6_201,Arab Republic of Egypt,Arab Republic of Egypt_5_89,6,Egypt prioritizes its own water security over Sudanese infrastructure concerns,False,1.1284142434597015,6.75627014040947,0.43693971633911133,0.43464604020118713
75,Arab Republic of Egypt_7_468,Arab Republic of Egypt,Arab Republic of Egypt_6_201,7,Egypt dismisses Sudanese dam safety concerns as secondary to Egyptian survival needs,True,1.1933367252349854,7.949606865644455,0.39529114961624146,0.4113721251487732
76,Arab Republic of Egypt_7_467,Arab Republic of Egypt,Arab Republic of Egypt_6_201,7,Egypt advocates for bilateral Egypt-Ethiopia negotiations excluding Sudan's operational constraints,True,1.5582896023988724,8.314559742808342,0.21326449513435364,0.228445902466774
77,Arab Republic of Egypt_7_466,Arab Republic of Egypt,Arab Republic of Egypt_6_201,7,Egypt rejects trilateral frameworks that subordinate Egyptian water needs to Sudanese infrastructure protection,True,1.0798763632774353,7.836146503686905,0.4642108976840973,0.4559127390384674
78,Arab Republic of Egypt_4_41,Arab Republic of Egypt,Arab Republic of Egypt_3_16,4,Trilateral negotiations become more complex with additional technical requirements,False,1.4476152956485748,5.042905867099762,0.22577887773513794,0.32660582661628723
79,Arab Republic of Egypt_5_128,Arab Republic of Egypt,Arab Republic of Egypt_4_41,5,International attention shifts from legal principles to technical details,False,1.4493946731090546,6.4923005402088165,0.2286265790462494,0.32197874784469604
80,Arab Republic of Egypt_6_371,Arab Republic of Egypt,Arab Republic of Egypt_5_128,6,Detailed engineering specifications become primary negotiation focus,True,1.3836170434951782,7.875917583703995,0.2886197566986084,0.3277631998062134
81,Arab Republic of Egypt_6_370,Arab Republic of Egypt,Arab Republic of Egypt_5_128,6,Egypt's legal arguments receive diminished international consideration,True,1.6692626178264618,8.161563158035278,0.17463994026184082,0.1560974419116974
82,Arab Republic of Egypt_5_126,Arab Republic of Egypt,Arab Republic of Egypt_4_41,5,Ethiopia gains time to consolidate operational control,False,1.5125581920146942,6.555464059114456,0.17756500840187073,0.30987679958343506
83,Arab Republic of Egypt_6_409,Arab Republic of Egypt,Arab Republic of Egypt_5_126,6,Egypt's negotiating position becomes more rigid,True,1.6929439157247543,8.24840797483921,0.15678176283836365,0.15027432143688202
84,Arab Republic of Egypt_6_407,Arab Republic of Egypt,Arab Republic of Egypt_5_126,6,Egypt perceives growing threat to its water security,True,1.2271721959114075,7.782636255025864,0.40261828899383545,0.3702095150947571
85,Arab Republic of Egypt_5_125,Arab Republic of Egypt,Arab Republic of Egypt_4_41,5,Technical discussions delay progress on Egypt's core legal demands,False,1.5113530606031418,6.554258927702904,0.2331876903772354,0.2554592490196228
86,Arab Republic of Egypt_6_406,Arab Republic of Egypt,Arab Republic of Egypt_5_125,6,Egypt considers unilateral protective measures outside negotiation framework,True,1.52765554189682,8.081914469599724,0.25686323642730713,0.2154812216758728
87,Arab Republic of Egypt_4_40,Arab Republic of Egypt,Arab Republic of Egypt_3_16,4,Egypt views Sudan's demands as potentially diluting downstream protection priorities,False,1.3261170387268066,4.921407610177994,0.3431311249732971,0.33075183629989624
88,Arab Republic of Egypt_5_117,Arab Republic of Egypt,Arab Republic of Egypt_4_40,5,Egypt questions Sudan's commitment to downstream solidarity against upstream control,False,1.3617062866687775,6.283113896846771,0.33683714270591736,0.3014565706253052
89,Arab Republic of Egypt_6_339,Arab Republic of Egypt,Arab Republic of Egypt_5_117,6,Egypt seeks alternative downstream allies beyond Sudan,True,1.6116318553686142,7.894745752215385,0.18657661974430084,0.20179152488708496
90,Arab Republic of Egypt_6_338,Arab Republic of Egypt,Arab Republic of Egypt_5_117,6,Egypt reassesses its diplomatic strategy toward Sudan,True,1.732755959033966,8.015869855880737,0.10010536015033722,0.16713868081569672
91,Arab Republic of Egypt_5_116,Arab Republic of Egypt,Arab Republic of Egypt_4_40,5,Egypt seeks alternative mediators who emphasize downstream water rights,False,1.171555995941162,6.092963606119156,0.4167800545692444,0.4116639494895935
92,Arab Republic of Egypt_6_282,Arab Republic of Egypt,Arab Republic of Egypt_5_116,6,Egypt emphasizes colonial-era treaties in alternative forums,True,1.6416084170341492,7.734572023153305,0.1713448166847229,0.18704676628112793
93,Arab Republic of Egypt_6_281,Arab Republic of Egypt,Arab Republic of Egypt_5_116,6,Current mediation processes lose Egyptian diplomatic support,True,1.7347986474633217,7.827762253582478,0.10965336114168167,0.15554799139499664
94,Arab Republic of Egypt_6_280,Arab Republic of Egypt,Arab Republic of Egypt_5_116,6,Egypt approaches riparian law specialists and water rights organizations,True,1.2017977833747864,7.294761389493942,0.39583534002304077,0.40236687660217285
95,Arab Republic of Egypt_5_115,Arab Republic of Egypt,Arab Republic of Egypt_4_40,5,Egypt prioritizes bilateral negotiations with Ethiopia over trilateral frameworks,False,1.5763089507818222,6.497716560959816,0.17538706958293915,0.24830397963523865
96,Arab Republic of Egypt_6_375,Arab Republic of Egypt,Arab Republic of Egypt_5_115,6,Egypt offers Ethiopia bilateral economic incentives for water guarantees,True,1.094589501619339,7.592306062579155,0.47904837131500244,0.42636212706565857
97,Arab Republic of Egypt_6_374,Arab Republic of Egypt,Arab Republic of Egypt_5_115,6,Regional multilateral institutions lose influence over dam governance,True,0.9570467472076416,7.454763308167458,0.443425714969635,0.5995275378227234
98,Arab Republic of Egypt_6_373,Arab Republic of Egypt,Arab Republic of Egypt_5_115,6,Ethiopia gains leverage through divide-and-conquer dynamics,True,1.5636571645736694,8.061373725533485,0.16244104504585266,0.2739017903804779
99,Arab Republic of Egypt_6_372,Arab Republic of Egypt,Arab Republic of Egypt_5_115,6,Sudan perceives exclusion from critical water negotiations,True,1.196639209985733,7.694355770945549,0.4436933696269989,0.35966742038726807
100,Arab Republic of Egypt_3_15,Arab Republic of Egypt,Arab Republic of Egypt_2_8,3,Arab Republic of Egypt views proposed mechanisms as insufficient,False,1.5761715471744537,3.8694688081741333,0.19557197391986847,0.2282564789056778
101,Arab Republic of Egypt_4_52,Arab Republic of Egypt,Arab Republic of Egypt_3_15,4,Arab Republic of Egypt considers unilateral protective measures,False,1.622393935918808,5.491862744092941,0.22207379341125488,0.15553227066993713
102,Arab Republic of Egypt_5_167,Arab Republic of Egypt,Arab Republic of Egypt_4_52,5,Arab Republic of Egypt prepares economic sanctions against Ethiopia,True,1.683450162410736,7.175312906503677,0.1457260400056839,0.17082379758358002
103,Arab Republic of Egypt_5_166,Arab Republic of Egypt,Arab Republic of Egypt_4_52,5,Arab Republic of Egypt seeks alternative water supply arrangements,False,1.1334843039512634,6.625347048044205,0.4524329900741577,0.41408270597457886
104,Arab Republic of Egypt_6_434,Arab Republic of Egypt,Arab Republic of Egypt_5_166,6,Arab Republic of Egypt allocates increased budget resources toward water infrastructure diversification,True,1.148308128118515,7.77365517616272,0.4119347035884857,0.43975716829299927
105,Arab Republic of Egypt_6_433,Arab Republic of Egypt,Arab Republic of Egypt_5_166,6,Arab Republic of Egypt investigates water import agreements with neighboring countries,True,1.144123136997223,7.769470185041428,0.4296247959136963,0.4262520670890808
106,Arab Republic of Egypt_6_432,Arab Republic of Egypt,Arab Republic of Egypt_5_166,6,Arab Republic of Egypt explores groundwater extraction expansion possibilities,True,1.3548908531665802,7.980237901210785,0.3261302411556244,0.3189789056777954
107,Arab Republic of Egypt_6_431,Arab Republic of Egypt,Arab Republic of Egypt_5_166,6,Arab Republic of Egypt initiates negotiations with desalination technology providers,True,1.459184855222702,8.084531903266907,0.2596294581890106,0.28118568658828735
108,Arab Republic of Egypt_4_50,Arab Republic of Egypt,Arab Republic of Egypt_3_15,4,Arab Republic of Egypt seeks alternative international forums,True,1.7368845641613007,5.606353372335434,0.08108097314834595,0.1820344626903534
109,Arab Republic of Egypt_3_14,Arab Republic of Egypt,Arab Republic of Egypt_2_8,3,Ethiopia rejects frameworks perceived as constraining its sovereignty,False,1.4129584729671478,3.7062557339668274,0.2788507044315338,0.30819082260131836
110,Arab Republic of Egypt_4_48,Arab Republic of Egypt,Arab Republic of Egypt_3_14,4,International community lacks viable compromise options,False,1.4690109491348267,5.175266683101654,0.29342347383499146,0.23756557703018188
111,Arab Republic of Egypt_5_144,Arab Republic of Egypt,Arab Republic of Egypt_4_48,5,International mediation mechanisms lose credibility with all parties,False,1.60378035902977,6.779047042131424,0.17545172572135925,0.22076791524887085
112,Arab Republic of Egypt_6_478,Arab Republic of Egypt,Arab Republic of Egypt_5_144,6,Arab Republic of Egypt seeks alternative international venues for dispute resolution,True,1.6792084872722626,8.458255529403687,0.1315714716911316,0.18922004103660583
113,Arab Republic of Egypt_6_477,Arab Republic of Egypt,Arab Republic of Egypt_5_144,6,Regional powers begin independent bilateral negotiations outside multilateral frameworks,True,1.5538030564785004,8.332850098609924,0.19707083702087402,0.2491261065006256
114,Arab Republic of Egypt_5_143,Arab Republic of Egypt,Arab Republic of Egypt_4_48,5,Regional powers begin choosing sides in the dispute,False,1.6088570952415466,6.784123778343201,0.16427916288375854,0.22686374187469482
115,Arab Republic of Egypt_6_486,Arab Republic of Egypt,Arab Republic of Egypt_5_143,6,External powers offer conditional support tied to broader interests,True,1.3401468694210052,8.124270647764206,0.3321392834186554,0.32771384716033936
116,Arab Republic of Egypt_6_485,Arab Republic of Egypt,Arab Republic of Egypt_5_143,6,Competing regional blocs form around the water dispute,True,1.0390425026416779,7.8231662809848785,0.4763604998588562,0.48459699749946594
117,Arab Republic of Egypt_4_47,Arab Republic of Egypt,Arab Republic of Egypt_3_14,4,Arab Republic of Egypt perceives diplomatic path as exhausted,False,1.691663384437561,5.397919118404388,0.14120003581047058,0.16713657975196838
118,Arab Republic of Egypt_5_158,Arab Republic of Egypt,Arab Republic of Egypt_4_47,5,Arab Republic of Egypt declares water crisis as national emergency,False,1.2761260867118835,6.674045205116272,0.4025455117225647,0.32132840156555176
119,Arab Republic of Egypt_6_444,Arab Republic of Egypt,Arab Republic of Egypt_5_158,6,Arab Republic of Egypt prepares contingency plans for water rationing,True,1.047305852174759,7.721351057291031,0.4997674822807312,0.4529266655445099
120,Arab Republic of Egypt_6_442,Arab Republic of Egypt,Arab Republic of Egypt_5_158,6,Arab Republic of Egypt activates crisis communication to international community,True,1.6812052428722382,8.35525044798851,0.12455970048904419,0.19423505663871765
121,Arab Republic of Egypt_6_441,Arab Republic of Egypt,Arab Republic of Egypt_5_158,6,Arab Republic of Egypt mobilizes emergency water conservation measures,True,1.158529669046402,7.832574874162674,0.46793699264526367,0.37353333830833435
122,Arab Republic of Egypt_4_46,Arab Republic of Egypt,Arab Republic of Egypt_3_14,4,Mediation efforts stall without Ethiopian participation,False,1.5439397096633911,5.2501954436302185,0.20295828580856323,0.25310200452804565
123,Arab Republic of Egypt_5_151,Arab Republic of Egypt,Arab Republic of Egypt_4_46,5,International community loses leverage over GERD operations,False,1.5424407422542572,6.792636185884476,0.19419163465499878,0.263367623090744
124,Arab Republic of Egypt_6_498,Arab Republic of Egypt,Arab Republic of Egypt_5_151,6,Regional water disputes shift toward bilateral confrontation dynamics,True,1.0490599870681763,7.841696172952652,0.4576813578605652,0.49325865507125854
125,Arab Republic of Egypt_6_497,Arab Republic of Egypt,Arab Republic of Egypt_5_151,6,Arab Republic of Egypt loses diplomatic channels for water security guarantees,True,1.2538646459579468,8.046500831842422,0.39501017332077026,0.35112518072128296
126,Arab Republic of Egypt_6_496,Arab Republic of Egypt,Arab Republic of Egypt_5_151,6,Ethiopia operates GERD unilaterally without external constraints,True,1.5314174145460129,8.324053600430489,0.19871564209461212,0.269866943359375
127,Arab Republic of Egypt_5_150,Arab Republic of Egypt,Arab Republic of Egypt_4_46,5,Egypt seeks alternative bilateral arrangements with Sudan,False,1.6417486369609833,6.891944080591202,0.16959276795387268,0.18865859508514404
128,Arab Republic of Egypt_6_536,Arab Republic of Egypt,Arab Republic of Egypt_5_150,6,Ethiopia perceives encirclement by downstream coalition,True,1.3071832060813904,8.199127286672592,0.2999824285507202,0.3928343653678894
129,Arab Republic of Egypt_6_535,Arab Republic of Egypt,Arab Republic of Egypt_5_150,6,Trilateral framework becomes secondary to bilateral approaches,True,1.4026339948177338,8.294578075408936,0.2511398196220398,0.34622618556022644
130,Arab Republic of Egypt_6_534,Arab Republic of Egypt,Arab Republic of Egypt_5_150,6,Egypt offers Sudan downstream coordination benefits,True,1.3245005309581757,8.216444611549377,0.30991533398628235,0.365584135055542
131,Arab Republic of Egypt_6_533,Arab Republic of Egypt,Arab Republic of Egypt_5_150,6,Sudan gains leverage in negotiations with Ethiopia,True,1.6522491723299026,8.544193252921104,0.17317593097686768,0.17457489669322968
132,Arab Republic of Egypt_5_149,Arab Republic of Egypt,Arab Republic of Egypt_4_46,5,Regional diplomatic isolation of Ethiopia increases,False,1.5783429741859436,6.828538417816162,0.19167673587799072,0.22998028993606567
133,Arab Republic of Egypt_6_515,Arab Republic of Egypt,Arab Republic of Egypt_5_149,6,Sudan aligns more closely with Egypt's negotiating position,True,1.6511055529117584,8.47964397072792,0.19000962376594543,0.15888482332229614
134,Arab Republic of Egypt_6_514,Arab Republic of Egypt,Arab Republic of Egypt_5_149,6,Ethiopia's access to regional development financing becomes restricted,True,1.2185231447219849,8.047061562538147,0.36033231019973755,0.4211445450782776
135,Arab Republic of Egypt_6_512,Arab Republic of Egypt,Arab Republic of Egypt_5_149,6,Ethiopia seeks alternative regional partnerships outside traditional frameworks,True,1.466855987906456,8.295394405722618,0.2025313526391983,0.3306126594543457
136,Arab Republic of Egypt_5_148,Arab Republic of Egypt,Arab Republic of Egypt_4_46,5,Egypt considers unilateral action to protect water security,False,1.2496685981750488,6.499864041805267,0.4140234589576721,0.33630794286727905
137,Arab Republic of Egypt_6_379,Arab Republic of Egypt,Arab Republic of Egypt_5_148,6,Arab Republic of Egypt seeks regional coalition against Ethiopian dam operations,True,1.2053155303001404,7.705179572105408,0.34994909167289734,0.4447353780269623
138,Arab Republic of Egypt_6_377,Arab Republic of Egypt,Arab Republic of Egypt_5_148,6,Arab Republic of Egypt increases military readiness near upstream territories,True,1.6273684799671173,8.127232521772385,0.2162642776966095,0.1563672423362732
139,Arab Republic of Egypt_2_7,Arab Republic of Egypt,Arab Republic of Egypt_1_5,2,External powers increase diplomatic involvement in trilateral negotiations,False,1.6413996815681458,3.0407653152942657,0.14965447783470154,0.2089458405971527
140,Arab Republic of Egypt_3_25,Arab Republic of Egypt,Arab Republic of Egypt_2_7,3,Arab Republic of Egypt seeks bilateral security guarantees from allied nations,False,1.4479361772537231,4.488701492547989,0.33500611782073975,0.2170577049255371
141,Arab Republic of Egypt_4_76,Arab Republic of Egypt,Arab Republic of Egypt_3_25,4,Arab Republic of Egypt's diplomatic resources shift toward bilateral channels,False,1.639340728521347,6.128042221069336,0.13314631581306458,0.22751295566558838
142,Arab Republic of Egypt_5_285,Arab Republic of Egypt,Arab Republic of Egypt_4_76,5,Ethiopia and Sudan increase direct bilateral coordination without Egyptian input,True,1.431475892663002,7.559518113732338,0.24253438413143158,0.3259897232055664
143,Arab Republic of Egypt_5_284,Arab Republic of Egypt,Arab Republic of Egypt_4_76,5,Arab Republic of Egypt's leverage in multilateral forums diminishes,True,1.6585326343774796,7.7865748554468155,0.143650084733963,0.19781728088855743
144,Arab Republic of Egypt_5_283,Arab Republic of Egypt,Arab Republic of Egypt_4_76,5,Trilateral negotiation momentum weakens due to reduced Egyptian participation,True,1.6257775276899338,7.75381974875927,0.15199650824069977,0.22222596406936646
145,Arab Republic of Egypt_4_75,Arab Republic of Egypt,Arab Republic of Egypt_3_25,4,Regional military partnerships with Arab Republic of Egypt strengthen,False,1.6983548700809479,6.187056362628937,0.14392688870429993,0.1577182412147522
146,Arab Republic of Egypt_5_299,Arab Republic of Egypt,Arab Republic of Egypt_4_75,5,International community views Arab Republic of Egypt's approach as militarizing water dispute,True,1.273176223039627,7.460232585668564,0.3668263554573059,0.359997421503067
147,Arab Republic of Egypt_5_298,Arab Republic of Egypt,Arab Republic of Egypt_4_75,5,Sudan faces pressure to choose between competing regional blocs,True,1.5833358764648438,7.7703922390937805,0.1959860920906067,0.22067803144454956
148,Arab Republic of Egypt_5_297,Arab Republic of Egypt,Arab Republic of Egypt_4_75,5,Ethiopia perceives Arab Republic of Egypt as escalating military threats,True,1.6817226111888885,7.868778973817825,0.14368382096290588,0.17459356784820557
149,Arab Republic of Egypt_4_74,Arab Republic of Egypt,Arab Republic of Egypt_3_25,4,Arab Republic of Egypt offers strategic concessions to secure water guarantees,False,1.0438279509544373,5.532529443502426,0.562229573726654,0.3939424753189087
150,Arab Republic of Egypt_5_175,Arab Republic of Egypt,Arab Republic of Egypt_4_74,5,Strategic concessions create precedent for future resource disputes,False,1.043257087469101,6.575786530971527,0.49840500950813293,0.4583379030227661
151,Arab Republic of Egypt_6_419,Arab Republic of Egypt,Arab Republic of Egypt_5_175,6,Egypt's future bargaining position weakens in subsequent resource conflicts,True,1.4984249472618103,8.074211478233337,0.24793031811714172,0.253644734621048
152,Arab Republic of Egypt_6_418,Arab Republic of Egypt,Arab Republic of Egypt_5_175,6,Regional water-sharing negotiations adopt Egypt's precedential framework,True,0.9393430948257446,7.515129625797272,0.5266424417495728,0.5340144634246826
153,Arab Republic of Egypt_6_417,Arab Republic of Egypt,Arab Republic of Egypt_5_175,6,Other downstream nations reference Egypt's concessions in their own disputes,True,1.4851922988891602,8.060978829860687,0.267278254032135,0.24752944707870483
154,Arab Republic of Egypt_5_174,Arab Republic of Egypt,Arab Republic of Egypt_4_74,5,Arab Republic of Egypt faces domestic criticism for compromising national interests,True,1.75346440076828,7.285993844270706,0.0881844162940979,0.15835118293762207
155,Arab Republic of Egypt_5_172,Arab Republic of Egypt,Arab Republic of Egypt_4_74,5,Arab Republic of Egypt reduces leverage in future water negotiations,False,1.1187494993209839,6.65127894282341,0.4754610061645508,0.40578949451446533
156,Arab Republic of Egypt_6_440,Arab Republic of Egypt,Arab Republic of Egypt_5_172,6,Arab Republic of Egypt must accept less favorable terms in agreements,True,1.5113653242588043,8.162644267082214,0.2776438891887665,0.2109907865524292
157,Arab Republic of Egypt_6_439,Arab Republic of Egypt,Arab Republic of Egypt_5_172,6,Arab Republic of Egypt faces weakened position in regional water disputes,True,1.313501387834549,7.964780330657959,0.3598252534866333,0.32667335867881775
158,Arab Republic of Egypt_6_438,Arab Republic of Egypt,Arab Republic of Egypt_5_172,6,Arab Republic of Egypt becomes more vulnerable to Ethiopian unilateral decisions,True,1.6359532326459885,8.287232175469398,0.1592806726694107,0.20476609468460083
159,Arab Republic of Egypt_4_73,Arab Republic of Egypt,Arab Republic of Egypt_3_25,4,Allied nations request specific commitments from Arab Republic of Egypt,False,1.4584731757640839,5.947174668312073,0.3265634775161743,0.21496334671974182
160,Arab Republic of Egypt_5_258,Arab Republic of Egypt,Arab Republic of Egypt_4_73,5,Arab Republic of Egypt calculates strategic trade-offs between sovereignty and security guarantees,True,1.3736348152160645,7.320809483528137,0.31042224168777466,0.3159429430961609
161,Arab Republic of Egypt_5_257,Arab Republic of Egypt,Arab Republic of Egypt_4_73,5,Arab Republic of Egypt assesses domestic political costs of international commitments,True,1.4959947019815445,7.443169370293617,0.23360203206539154,0.27040326595306396
162,Arab Republic of Egypt_5_256,Arab Republic of Egypt,Arab Republic of Egypt_4_73,5,Arab Republic of Egypt evaluates potential concessions regarding GERD operations,True,1.558009773492813,7.505184441804886,0.1995326578617096,0.2424575686454773
163,Arab Republic of Egypt_3_24,Arab Republic of Egypt,Arab Republic of Egypt_2_7,3,Multiple diplomatic frameworks emerge with conflicting legal interpretations,False,1.5027527958154678,4.543518111109734,0.20400719344615936,0.2932400107383728
164,Arab Republic of Egypt_4_82,Arab Republic of Egypt,Arab Republic of Egypt_3_24,4,Egypt seeks bilateral alternatives bypassing multilateral diplomatic processes,False,1.7028113305568695,6.246329441666603,0.11427333950996399,0.1829153299331665
165,Arab Republic of Egypt_5_316,Arab Republic of Egypt,Arab Republic of Egypt_4_82,5,Egypt reduces investment in trilateral institutional frameworks,True,1.5624451786279678,7.808774620294571,0.17130987346172333,0.26624494791030884
166,Arab Republic of Egypt_5_314,Arab Republic of Egypt,Arab Republic of Egypt_4_82,5,Egypt prioritizes direct negotiations with Ethiopia excluding Sudan,True,1.6578592956066132,7.904188737273216,0.16029414534568787,0.18184655904769897
167,Arab Republic of Egypt_4_81,Arab Republic of Egypt,Arab Republic of Egypt_3_24,4,Legal uncertainty undermines Egypt's negotiating position with Ethiopia,False,1.4983342587947845,6.041852369904518,0.22014304995536804,0.2815226912498474
168,Arab Republic of Egypt_5_262,Arab Republic of Egypt,Arab Republic of Egypt_4_81,5,Egypt questions legitimacy of current negotiation process,True,1.6132901012897491,7.655142471194267,0.17745563387870789,0.20925426483154297
169,Arab Republic of Egypt_4_80,Arab Republic of Egypt,Arab Republic of Egypt_3_24,4,Arab Republic of Egypt rejects frameworks contradicting its historical water rights,False,1.153176635503769,5.6966947466135025,0.46578845381736755,0.3810349106788635
170,Arab Republic of Egypt_5_230,Arab Republic of Egypt,Arab Republic of Egypt_4_80,5,Arab Republic of Egypt threatens unilateral protective measures for water security,False,1.116328865289688,6.813023611903191,0.5052084922790527,0.37846264243125916
171,Arab Republic of Egypt_6_510,Arab Republic of Egypt,Arab Republic of Egypt_5_230,6,Regional security dynamics shift toward potential armed conflict,True,1.5035485178232193,8.31657212972641,0.20725427567958832,0.2891972064971924
172,Arab Republic of Egypt_6_509,Arab Republic of Egypt,Arab Republic of Egypt_5_230,6,International community issues urgent calls for de-escalation,True,1.5343186557292938,8.347342267632484,0.2546271085739136,0.2110542356967926
173,Arab Republic of Egypt_6_508,Arab Republic of Egypt,Arab Republic of Egypt_5_230,6,Sudan expresses alarm over potential regional military confrontation,True,1.6212764829397202,8.43430009484291,0.18499836325645447,0.19372515380382538
174,Arab Republic of Egypt_6_507,Arab Republic of Egypt,Arab Republic of Egypt_5_230,6,Ethiopia perceives Egyptian threats as escalatory and destabilizing,True,1.6182513236999512,8.431274935603142,0.14756843447685242,0.2341802418231964
175,Arab Republic of Egypt_5_228,Arab Republic of Egypt,Arab Republic of Egypt_4_80,5,Arab Republic of Egypt seeks alternative bilateral arrangements with Ethiopia,True,1.5536046475172043,7.250299394130707,0.1947910338640213,0.2516043186187744
176,Arab Republic of Egypt_3_23,Arab Republic of Egypt,Arab Republic of Egypt_2_7,3,Regional powers align with competing positions on water sovereignty,False,1.0060341358184814,4.046799451112747,0.5122686624526978,0.4816972017288208
177,Arab Republic of Egypt_4_57,Arab Republic of Egypt,Arab Republic of Egypt_3_23,4,Competing regional blocs form around upstream versus downstream water rights,False,0.9106538891792297,4.957453340291977,0.5468053817749023,0.5425407290458679
178,Arab Republic of Egypt_5_123,Arab Republic of Egypt,Arab Republic of Egypt_4_57,5,International water law becomes increasingly polarized between competing doctrines,False,1.0867291390895844,6.044182479381561,0.4587266743183136,0.45454418659210205
179,Arab Republic of Egypt_6_271,Arab Republic of Egypt,Arab Republic of Egypt_5_123,6,Transboundary water treaties incorporate mutually exclusive doctrinal frameworks,False,0.8067799806594849,6.850962460041046,0.6316185593605042,0.561601459980011
180,Arab Republic of Egypt_7_529,Arab Republic of Egypt,Arab Republic of Egypt_6_271,7,Arab Republic of Egypt faces weakened legal standing in non-Nile water disputes,True,1.27236807346344,8.123330533504486,0.4038524925708771,0.323779433965683
181,Arab Republic of Egypt_7_528,Arab Republic of Egypt,Arab Republic of Egypt_6_271,7,International arbitration becomes impossible due to contradictory legal precedents,True,1.5382024645805359,8.389164924621582,0.26305121183395386,0.19874632358551025
182,Arab Republic of Egypt_7_527,Arab Republic of Egypt,Arab Republic of Egypt_6_271,7,Future water negotiations become legally incompatible across different treaty systems,True,0.934002697467804,7.78496515750885,0.5582779049873352,0.5077193975448608
183,Arab Republic of Egypt_6_270,Arab Republic of Egypt,Arab Republic of Egypt_5_123,6,Legal scholars advocate for incompatible water governance principles,False,0.9087466597557068,6.952929139137268,0.5706547498703003,0.5205985903739929
184,Arab Republic of Egypt_7_559,Arab Republic of Egypt,Arab Republic of Egypt_6_270,7,Legal education reinforces incompatible approaches to transboundary disputes,True,1.455816388130188,8.408745527267456,0.2608705163002014,0.2833130955696106
185,Arab Republic of Egypt_7_558,Arab Republic of Egypt,Arab Republic of Egypt_6_270,7,Water law textbooks present irreconcilable theoretical frameworks,True,1.1796927750110626,8.13262191414833,0.4266562759876251,0.39365094900131226
186,Arab Republic of Egypt_7_557,Arab Republic of Egypt,Arab Republic of Egypt_6_270,7,International legal training programs fragment along doctrinal lines,True,1.5596099197864532,8.512539058923721,0.1951409876346588,0.24524909257888794
187,Arab Republic of Egypt_7_556,Arab Republic of Egypt,Arab Republic of Egypt_6_270,7,Academic institutions develop contradictory water law curricula,True,1.2289953827857971,8.181924521923065,0.38247692584991455,0.38852769136428833
188,Arab Republic of Egypt_6_269,Arab Republic of Egypt,Arab Republic of Egypt_5_123,6,International courts receive conflicting expert testimony on water rights,True,1.2168062329292297,7.260988712310791,0.4315464496612549,0.3516473174095154
189,Arab Republic of Egypt_6_268,Arab Republic of Egypt,Arab Republic of Egypt_5_123,6,Upstream development projects face contradictory legal interpretations globally,True,1.0862958431243896,7.130478322505951,0.4007416367530823,0.5129625201225281
190,Arab Republic of Egypt_6_267,Arab Republic of Egypt,Arab Republic of Egypt_5_123,6,Future water disputes lack coherent international legal precedents,False,0.975954532623291,7.020137012004852,0.5363391637802124,0.4877063035964966
191,Arab Republic of Egypt_7_597,Arab Republic of Egypt,Arab Republic of Egypt_6_267,7,Regional water conflicts escalate without clear adjudication mechanisms,True,0.9894841313362122,8.009621143341064,0.5042557120323181,0.5062601566314697
192,Arab Republic of Egypt_7_596,Arab Republic of Egypt,Arab Republic of Egypt_6_267,7,Downstream nations strengthen military capabilities near transboundary water sources,True,1.0784465074539185,8.09858351945877,0.48542582988739014,0.4361276626586914
193,Arab Republic of Egypt_7_594,Arab Republic of Egypt,Arab Republic of Egypt_6_267,7,Water-dependent states increasingly resort to unilateral protective measures,True,0.8869048953056335,7.907041907310486,0.6077962517738342,0.5052988529205322
194,Arab Republic of Egypt_5_122,Arab Republic of Egypt,Arab Republic of Egypt_4_57,5,Arab Republic of Egypt seeks stronger military partnerships with downstream-supporting allies,False,1.6678248047828674,6.625278145074844,0.1775873601436615,0.15458783507347107
195,Arab Republic of Egypt_6_430,Arab Republic of Egypt,Arab Republic of Egypt_5_122,6,Egypt requests advanced surveillance technology from allied partners,True,1.5609880983829498,8.186266243457794,0.17909255623817444,0.25991934537887573
196,Arab Republic of Egypt_6_429,Arab Republic of Egypt,Arab Republic of Egypt_5_122,6,Military advisors assess operational readiness for infrastructure defense,True,1.3940268754959106,8.019305020570755,0.2548537254333496,0.35111939907073975
197,Arab Republic of Egypt_6_428,Arab Republic of Egypt,Arab Republic of Egypt_5_122,6,Egypt expands intelligence sharing agreements with sympathetic nations,True,1.6248969286680222,8.250175073742867,0.16775532066822052,0.20734775066375732
198,Arab Republic of Egypt_6_427,Arab Republic of Egypt,Arab Republic of Egypt_5_122,6,Regional military exercises focus on critical infrastructure protection,True,1.1840705871582031,7.8093487322330475,0.357036828994751,0.4588925838470459
199,Arab Republic of Egypt_6_426,Arab Republic of Egypt,Arab Republic of Egypt_5_122,6,Egypt increases defense spending allocation for water security scenarios,True,1.2894557118415833,7.914733856916428,0.36915323138237,0.34139105677604675
200,Arab Republic of Egypt_4_56,Arab Republic of Egypt,Arab Republic of Egypt_3_23,4,Arab Republic of Egypt seeks stronger bilateral security partnerships with aligned powers,False,1.6498285681009293,5.6966280192136765,0.17956189811229706,0.17060953378677368
201,Arab Republic of Egypt_5_225,Arab Republic of Egypt,Arab Republic of Egypt_4_56,5,Arab Republic of Egypt negotiates enhanced defense technology transfers from aligned partners,True,1.5518629252910614,7.248490944504738,0.1996627151966095,0.2484743595123291
202,Arab Republic of Egypt_5_224,Arab Republic of Egypt,Arab Republic of Egypt_4_56,5,Arab Republic of Egypt expands intelligence sharing arrangements regarding regional water security,False,1.1066461205482483,6.803274139761925,0.4251248240470886,0.4682290554046631
203,Arab Republic of Egypt_6_506,Arab Republic of Egypt,Arab Republic of Egypt_5_224,6,Arab Republic of Egypt establishes joint water security assessment protocols with partner nations,True,0.9967928528785706,7.800066992640495,0.5251438617706299,0.47806328535079956
204,Arab Republic of Egypt_6_505,Arab Republic of Egypt,Arab Republic of Egypt_5_224,6,Arab Republic of Egypt gains access to upstream hydrological intelligence networks,True,1.2441194653511047,8.04739360511303,0.32026833295822144,0.43561220169067383
205,Arab Republic of Egypt_6_504,Arab Republic of Egypt,Arab Republic of Egypt_5_224,6,Arab Republic of Egypt receives enhanced satellite monitoring data on Ethiopian dam operations,True,1.2110416293144226,8.014315769076347,0.2918250560760498,0.4971333146095276
206,Arab Republic of Egypt_2_6,Arab Republic of Egypt,Arab Republic of Egypt_1_5,2,Mediators prioritize water-sharing formulas over electricity generation schedules,False,0.9020113348960876,2.3013769686222076,0.5304874181747437,0.5675012469291687
207,Arab Republic of Egypt_3_19,Arab Republic of Egypt,Arab Republic of Egypt_2_6,3,Proposed frameworks emphasize volumetric water allocations over power output targets,False,0.960561215877533,3.2619381844997406,0.513007640838623,0.526431143283844
208,Arab Republic of Egypt_4_36,Arab Republic of Egypt,Arab Republic of Egypt_3_19,4,Sudan's infrastructure coordination needs receive less attention,False,1.2997872233390808,4.561725407838821,0.2755696177482605,0.4246431589126587
209,Arab Republic of Egypt_5_85,Arab Republic of Egypt,Arab Republic of Egypt_4_36,5,Sudan seeks bilateral arrangements with Ethiopia excluding Egypt,True,1.5135653018951416,6.075290709733963,0.2509134113788605,0.23552128672599792
210,Arab Republic of Egypt_5_84,Arab Republic of Egypt,Arab Republic of Egypt_4_36,5,Technical coordination failures increase downstream flood risks for Egypt,False,1.0849272310733795,5.646652638912201,0.4377029240131378,0.47736984491348267
211,Arab Republic of Egypt_6_209,Arab Republic of Egypt,Arab Republic of Egypt_5_84,6,Egypt's water ministry escalates crisis preparedness measures,False,1.3041303753852844,6.950783014297485,0.37153321504592896,0.3243364095687866
212,Arab Republic of Egypt_7_555,Arab Republic of Egypt,Arab Republic of Egypt_6_209,7,Water ministry coordinates with agriculture ministry on contingency planning,True,0.9200475215911865,7.870830535888672,0.5152477025985718,0.5647047758102417
213,Arab Republic of Egypt_7_554,Arab Republic of Egypt,Arab Republic of Egypt_6_209,7,Egypt's diplomatic missions receive crisis communication instructions,True,1.6479607373476028,8.598743751645088,0.14638853073120117,0.20565073192119598
214,Arab Republic of Egypt_7_553,Arab Republic of Egypt,Arab Republic of Egypt_6_209,7,Emergency water rationing protocols undergo accelerated development,True,0.9622851610183716,7.913068175315857,0.5268380641937256,0.5108767747879028
215,Arab Republic of Egypt_7_552,Arab Republic of Egypt,Arab Republic of Egypt_6_209,7,Egypt's military receives enhanced water security briefings,True,1.3140190839767456,8.264802098274231,0.3492359519004822,0.3367449641227722
216,Arab Republic of Egypt_6_208,Arab Republic of Egypt,Arab Republic of Egypt_5_84,6,Egypt intensifies demands for real-time dam operation data,False,1.18349027633667,6.830142915248871,0.3405749797821045,0.4759347438812256
217,Arab Republic of Egypt_7_519,Arab Republic of Egypt,Arab Republic of Egypt_6_208,7,Arab Republic of Egypt links data transparency to treaty negotiations,True,1.448134869337082,8.278277784585953,0.22447696328163147,0.3273881673812866
218,Arab Republic of Egypt_7_518,Arab Republic of Egypt,Arab Republic of Egypt_6_208,7,Technical disputes emerge over data sharing protocols,True,1.4880612194538116,8.318204134702682,0.1961594521999359,0.31577932834625244
219,Arab Republic of Egypt_7_517,Arab Republic of Egypt,Arab Republic of Egypt_6_208,7,Arab Republic of Egypt threatens unilateral monitoring mechanisms,True,1.4327154457569122,8.262858361005783,0.25744593143463135,0.3098386228084564
220,Arab Republic of Egypt_6_207,Arab Republic of Egypt,Arab Republic of Egypt_5_84,6,Egypt's agricultural planning becomes more unpredictable and risky,True,1.5127805024385452,7.159433141350746,0.17198063433170319,0.3152388632297516
221,Arab Republic of Egypt_5_83,Arab Republic of Egypt,Arab Republic of Egypt_4_36,5,Sudan becomes less committed to trilateral negotiations,False,1.6030853390693665,6.164810746908188,0.19473953545093536,0.20217512547969818
222,Arab Republic of Egypt_6_296,Arab Republic of Egypt,Arab Republic of Egypt_5_83,6,Trilateral framework becomes effectively bilateral Egypt-Ethiopia dispute,True,1.3976889848709106,7.5624997317790985,0.25728172063827515,0.3450292944908142
223,Arab Republic of Egypt_6_295,Arab Republic of Egypt,Arab Republic of Egypt_5_83,6,Egypt loses potential ally in downstream water security concerns,True,1.3290944397449493,7.493905186653137,0.34194642305374146,0.3289591372013092
224,Arab Republic of Egypt_6_294,Arab Republic of Egypt,Arab Republic of Egypt_5_83,6,Regional power dynamics shift toward direct Egypt-Ethiopia confrontation,True,1.5870245695114136,7.751835316419601,0.14207720756530762,0.2708982229232788
225,Arab Republic of Egypt_6_293,Arab Republic of Egypt,Arab Republic of Egypt_5_83,6,Egypt faces bilateral negotiations with Ethiopia without Sudanese buffer,True,1.5328264832496643,7.697637230157852,0.2159692347049713,0.2512042820453644
226,Arab Republic of Egypt_4_35,Arab Republic of Egypt,Arab Republic of Egypt_3_19,4,Technical disputes emerge over minimum flow calculations,False,1.171625167131424,4.4335633516311646,0.4184454083442688,0.40992942452430725
227,Arab Republic of Egypt_5_72,Arab Republic of Egypt,Arab Republic of Egypt_4_35,5,Technical expert committees become deadlocked over measurement methodologies,False,1.4951645880937576,5.928727939724922,0.23483972251415253,0.26999568939208984
228,Arab Republic of Egypt_6_255,Arab Republic of Egypt,Arab Republic of Egypt_5_72,6,Arab Republic of Egypt demands replacement of current technical advisors,True,1.7398858666419983,7.6686138063669205,0.09085521101951599,0.16925892233848572
229,Arab Republic of Egypt_6_254,Arab Republic of Egypt,Arab Republic of Egypt_5_72,6,Negotiations stall pending resolution of measurement standards,True,1.408106416463852,7.336834356188774,0.3016057312488556,0.2902878522872925
230,Arab Republic of Egypt_6_253,Arab Republic of Egypt,Arab Republic of Egypt_5_72,6,Arab Republic of Egypt questions the neutrality of technical experts,True,1.6319279074668884,7.560655847191811,0.15700700879096985,0.21106508374214172
231,Arab Republic of Egypt_5_71,Arab Republic of Egypt,Arab Republic of Egypt_4_35,5,Egypt demands access to Ethiopian meteorological and reservoir data,False,1.234736144542694,5.668299496173859,0.3405291438102722,0.4247347116470337
232,Arab Republic of Egypt_6_213,Arab Republic of Egypt,Arab Republic of Egypt_5_71,6,Arab Republic of Egypt threatens unilateral monitoring if access denied,False,1.3630955219268799,7.0313950181007385,0.3010660409927368,0.3358384370803833
233,Arab Republic of Egypt_7_605,Arab Republic of Egypt,Arab Republic of Egypt_6_213,7,Ethiopian government restricts foreign access to dam facilities,True,0.9018279314041138,7.933222949504852,0.4910513758659363,0.60712069272995
234,Arab Republic of Egypt_7_604,Arab Republic of Egypt,Arab Republic of Egypt_6_213,7,Arab Republic of Egypt begins technical preparations for satellite surveillance,True,1.698978751897812,8.73037376999855,0.09253308176994324,0.20848816633224487
235,Arab Republic of Egypt_7_603,Arab Republic of Egypt,Arab Republic of Egypt_6_213,7,International mediators warn against unilateral intelligence gathering operations,True,1.5583835691213608,8.5897785872221,0.1947411298751831,0.24687530100345612
236,Arab Republic of Egypt_7_601,Arab Republic of Egypt,Arab Republic of Egypt_6_213,7,Ethiopia perceives Egyptian monitoring threat as sovereignty violation,True,1.3871343731880188,8.418529391288757,0.2656516134738922,0.347214013338089
237,Arab Republic of Egypt_6_212,Arab Republic of Egypt,Arab Republic of Egypt_5_71,6,Technical specifications for data sharing become negotiation points,False,1.3128888607025146,6.981188356876373,0.2869543731212616,0.40015676617622375
238,Arab Republic of Egypt_7_573,Arab Republic of Egypt,Arab Republic of Egypt_6_212,7,Egypt pushes for independent third-party data validation protocols,True,1.580173820257187,8.56136217713356,0.19621247053146362,0.2236137092113495
239,Arab Republic of Egypt_7_572,Arab Republic of Egypt,Arab Republic of Egypt_6_212,7,Technical verification mechanisms for data accuracy become disputed,True,1.5618201941251755,8.543008551001549,0.20984801650047302,0.2283317893743515
240,Arab Republic of Egypt_7_571,Arab Republic of Egypt,Arab Republic of Egypt_6_212,7,Egypt demands inclusion of upstream tributary monitoring systems,True,0.9623301029205322,7.9435184597969055,0.4935882091522217,0.5440816879272461
241,Arab Republic of Egypt_7_570,Arab Republic of Egypt,Arab Republic of Egypt_6_212,7,Data frequency and format specifications become contentious issues,True,1.5177123546600342,8.498900711536407,0.19211244583129883,0.290175199508667
242,Arab Republic of Egypt_7_569,Arab Republic of Egypt,Arab Republic of Egypt_6_212,7,Egypt insists on real-time hydrological data access requirements,True,1.0023865699768066,7.98357492685318,0.4862254858016968,0.5113879442214966
243,Arab Republic of Egypt_6_211,Arab Republic of Egypt,Arab Republic of Egypt_5_71,6,Arab Republic of Egypt justifies monitoring as drought preparedness necessity,False,0.8725113272666931,6.540810823440552,0.5596829652786255,0.5678057074546814
244,Arab Republic of Egypt_7_397,Arab Republic of Egypt,Arab Republic of Egypt_6_211,7,Egypt frames monitoring as multilateral scientific cooperation requirement,True,1.2829543352127075,7.823765158653259,0.31882959604263306,0.3982160687446594
245,Arab Republic of Egypt_7_396,Arab Republic of Egypt,Arab Republic of Egypt_6_211,7,Egypt links data transparency to drought early warning systems,True,1.0592611134052277,7.600071936845779,0.4244174063205719,0.5163214802742004
246,Arab Republic of Egypt_7_395,Arab Republic of Egypt,Arab Republic of Egypt_6_211,7,Egypt proposes joint technical committees for data verification,True,1.5184239745140076,8.05923479795456,0.21255749464035034,0.2690185308456421
247,Arab Republic of Egypt_6_210,Arab Republic of Egypt,Arab Republic of Egypt_5_71,6,Ethiopia perceives data demands as sovereignty infringement,False,1.3568376898765564,7.025137186050415,0.28419744968414307,0.35896486043930054
248,Arab Republic of Egypt_7_600,Arab Republic of Egypt,Arab Republic of Egypt_6_210,7,Technical cooperation mechanisms between countries deteriorate further,True,1.4176322370767593,8.442769423127174,0.24232487380504608,0.3400428891181946
249,Arab Republic of Egypt_7_599,Arab Republic of Egypt,Arab Republic of Egypt_6_210,7,Arab Republic of Egypt interprets data refusal as negotiation obstruction,True,1.5955080389976501,8.620645225048065,0.18019504845142365,0.2242969125509262
250,Arab Republic of Egypt_7_598,Arab Republic of Egypt,Arab Republic of Egypt_6_210,7,Ethiopia restricts sharing of hydrological and operational data,True,0.8931008577346802,7.918238043785095,0.5053091049194336,0.6015900373458862
251,Arab Republic of Egypt_5_70,Arab Republic of Egypt,Arab Republic of Egypt_4_35,5,Disagreements arise over seasonal versus annual minimum thresholds,False,1.1854556500911713,5.619019001722336,0.4350719749927521,0.37947237491607666
252,Arab Republic of Egypt_6_200,Arab Republic of Egypt,Arab Republic of Egypt_5_70,6,Hydrological modeling becomes contested between competing seasonal approaches,False,1.0089686512947083,6.627987653017044,0.4568023085594177,0.534229040145874
253,Arab Republic of Egypt_7_437,Arab Republic of Egypt,Arab Republic of Egypt_6_200,7,Egypt demands independent international hydrological assessment of GERD impacts,True,1.1761277914047241,7.804115444421768,0.40852290391921997,0.4153493046760559
254,Arab Republic of Egypt_7_436,Arab Republic of Egypt,Arab Republic of Egypt_6_200,7,Technical experts from different countries produce conflicting flow projections,True,1.3709553927183151,7.998943045735359,0.2294481247663498,0.3995964825153351
255,Arab Republic of Egypt_7_435,Arab Republic of Egypt,Arab Republic of Egypt_6_200,7,Egypt challenges Ethiopia's hydrological data as scientifically inadequate,True,1.258934885263443,7.886922538280487,0.3502082824707031,0.3908568322658539
256,Arab Republic of Egypt_6_199,Arab Republic of Egypt,Arab Republic of Egypt_5_70,6,Egypt demands drought contingency protocols be seasonally differentiated,False,0.9265406727790833,6.545559674501419,0.5460573434829712,0.5274019837379456
257,Arab Republic of Egypt_7_401,Arab Republic of Egypt,Arab Republic of Egypt_6_199,7,Negotiation complexity increases due to multiple seasonal variables,True,1.509921282529831,8.05548095703125,0.20009365677833557,0.2899850606918335
258,Arab Republic of Egypt_7_400,Arab Republic of Egypt,Arab Republic of Egypt_6_199,7,Technical committees must define specific seasonal flow parameters,True,1.005286693572998,7.550846368074417,0.4738197326660156,0.5208935737609863
259,Arab Republic of Egypt_7_399,Arab Republic of Egypt,Arab Republic of Egypt_6_199,7,Sudan requests clarification on seasonal protocol impacts on its infrastructure,True,1.0995370745658875,7.6450967490673065,0.4090766906738281,0.4913862347602844
260,Arab Republic of Egypt_7_398,Arab Republic of Egypt,Arab Republic of Egypt_6_199,7,Ethiopia rejects seasonal differentiation as overly restrictive on dam operations,True,0.9877649545669556,7.533324629068375,0.47147154808044434,0.5407634973526001
261,Arab Republic of Egypt_6_198,Arab Republic of Egypt,Arab Republic of Egypt_5_70,6,Technical working groups deadlock over measurement methodologies,True,1.4345557391643524,7.053574740886688,0.2576635181903839,0.30778074264526367
262,Arab Republic of Egypt_6_197,Arab Republic of Egypt,Arab Republic of Egypt_5_70,6,Egypt rejects seasonal flexibility in favor of rigid annual guarantees,False,1.3923885524272919,7.011407554149628,0.3614669442176819,0.24614450335502625
263,Arab Republic of Egypt_7_586,Arab Republic of Egypt,Arab Republic of Egypt_6_197,7,Egypt's negotiating partners view annual guarantees as technically unfeasible,True,1.4410668909549713,8.452474445104599,0.32358819246292114,0.23534491658210754
264,Arab Republic of Egypt_7_585,Arab Republic of Egypt,Arab Republic of Egypt_6_197,7,Mediators recognize fundamental incompatibility between national positions,True,1.4290470480918884,8.440454602241516,0.25601255893707275,0.3149403929710388
265,Arab Republic of Egypt_7_584,Arab Republic of Egypt,Arab Republic of Egypt_6_197,7,Sudan finds Egypt's rigid stance incompatible with operational needs,True,1.648628607392311,8.660036161541939,0.15073372423648834,0.20063766837120056
266,Arab Republic of Egypt_7_583,Arab Republic of Egypt,Arab Republic of Egypt_6_197,7,Ethiopia perceives Egypt's position as inflexible and unreasonable,True,1.5901829451322556,8.601590499281883,0.1894747018814087,0.22034235298633575
267,Arab Republic of Egypt_5_69,Arab Republic of Egypt,Arab Republic of Egypt_4_35,5,Egypt challenges the hydrological models underlying flow calculations,False,1.1582168936729431,5.591780245304108,0.37855643033981323,0.46322667598724365
268,Arab Republic of Egypt_6_193,Arab Republic of Egypt,Arab Republic of Egypt_5_69,6,Egypt proposes alternative baseline flow calculations favoring downstream needs,False,1.2084510326385498,6.8002312779426575,0.3703693747520447,0.4211795926094055
269,Arab Republic of Egypt_7_503,Arab Republic of Egypt,Arab Republic of Egypt_6_193,7,Sudan questions the validity of Egypt's proposed calculations,True,1.6473303437232971,8.447561621665955,0.17356422543525696,0.17910543084144592
270,Arab Republic of Egypt_7_502,Arab Republic of Egypt,Arab Republic of Egypt_6_193,7,Egypt demands independent international verification of flow models,True,1.2673425674438477,8.067573845386505,0.3577139377593994,0.37494349479675293
271,Arab Republic of Egypt_7_501,Arab Republic of Egypt,Arab Republic of Egypt_6_193,7,Technical working groups deadlock over competing hydrological baselines,True,1.0016403198242188,7.801871597766876,0.49226903915405273,0.5060906410217285
272,Arab Republic of Egypt_7_500,Arab Republic of Egypt,Arab Republic of Egypt_6_193,7,Ethiopia rejects Egypt's alternative flow calculation methodology,True,1.3997140526771545,8.199945330619812,0.2636323571205139,0.33665359020233154
273,Arab Republic of Egypt_6_192,Arab Republic of Egypt,Arab Republic of Egypt_5_69,6,Egypt questions Ethiopia's data transparency and measurement accuracy,True,1.468684121966362,7.06046436727047,0.19740928709506989,0.3339065909385681
274,Arab Republic of Egypt_6_191,Arab Republic of Egypt,Arab Republic of Egypt_5_69,6,Technical negotiations stall over competing scientific methodologies,True,1.5323218703269958,7.1241021156311035,0.22646012902259827,0.24121800065040588
275,Arab Republic of Egypt_6_190,Arab Republic of Egypt,Arab Republic of Egypt_5_69,6,Egypt demands independent hydrological assessment by third-party experts,False,1.1918178498744965,6.783598095178604,0.4051155745983124,0.40306657552719116
276,Arab Republic of Egypt_7_483,Arab Republic of Egypt,Arab Republic of Egypt_6_190,7,Technical assessment timeline delays operational agreement negotiations,True,1.3952302038669586,8.178828299045563,0.26875239610671997,0.3360174000263214
277,Arab Republic of Egypt_7_482,Arab Republic of Egypt,Arab Republic of Egypt_6_190,7,Egypt questions credibility of existing Ethiopian flow data,True,1.5559254884719849,8.339523583650589,0.16749775409698486,0.2765767574310303
278,Arab Republic of Egypt_7_481,Arab Republic of Egypt,Arab Republic of Egypt_6_190,7,International water organizations offer technical expertise for hydrological review,True,0.911259114742279,7.694857209920883,0.5294261574745178,0.5593147277832031
279,Arab Republic of Egypt_7_480,Arab Republic of Egypt,Arab Republic of Egypt_6_190,7,Sudan supports independent assessment to validate infrastructure safety concerns,True,1.2367869019508362,8.02038499712944,0.3823780417442322,0.38083505630493164
280,Arab Republic of Egypt_7_479,Arab Republic of Egypt,Arab Republic of Egypt_6_190,7,Ethiopia rejects third-party assessment as interference in sovereign development,True,1.4445507228374481,8.228148818016052,0.2374609410762787,0.3179883360862732
281,Arab Republic of Egypt_4_34,Arab Republic of Egypt,Arab Republic of Egypt_3_19,4,Arab Republic of Egypt views volumetric guarantees as partial validation,False,1.4713442474603653,4.733282431960106,0.3028631806373596,0.22579257190227509
282,Arab Republic of Egypt_5_110,Arab Republic of Egypt,Arab Republic of Egypt_4_34,5,Arab Republic of Egypt seeks enforcement mechanisms for volumetric commitments,False,1.332367867231369,6.065650299191475,0.3486282229423523,0.3190039098262787
283,Arab Republic of Egypt_6_275,Arab Republic of Egypt,Arab Republic of Egypt_5_110,6,Arab Republic of Egypt seeks regional alliance support for enforcement,True,1.550056740641594,7.615707039833069,0.24464058876037598,0.2053026705980301
284,Arab Republic of Egypt_6_273,Arab Republic of Egypt,Arab Republic of Egypt_5_110,6,Arab Republic of Egypt demands third-party monitoring of dam releases,False,0.9869271218776703,7.052577421069145,0.4699414074420929,0.5431314706802368
285,Arab Republic of Egypt_7_613,Arab Republic of Egypt,Arab Republic of Egypt_6_273,7,Arab Republic of Egypt specifies real-time data disclosure requirements,True,1.4169963598251343,8.46957378089428,0.2523770332336426,0.33062660694122314
286,Arab Republic of Egypt_7_612,Arab Republic of Egypt,Arab Republic of Egypt_6_273,7,International organizations receive formal monitoring mandate requests,True,1.2177210450172424,8.270298466086388,0.3626575469970703,0.41962140798568726
287,Arab Republic of Egypt_7_611,Arab Republic of Egypt,Arab Republic of Egypt_6_273,7,Sudan must decide whether to support monitoring mechanisms,True,1.132770597934723,8.185348019003868,0.38687020540237427,0.48035919666290283
288,Arab Republic of Egypt_7_610,Arab Republic of Egypt,Arab Republic of Egypt_6_273,7,Ethiopia perceives third-party monitoring as sovereignty infringement,True,1.2731938362121582,8.325771257281303,0.30051153898239136,0.42629462480545044
289,Arab Republic of Egypt_6_272,Arab Republic of Egypt,Arab Republic of Egypt_5_110,6,Arab Republic of Egypt proposes international arbitration clauses for water disputes,True,1.199747622013092,7.265397921204567,0.45303434133529663,0.34721803665161133
290,Arab Republic of Egypt_5_109,Arab Republic of Egypt,Arab Republic of Egypt_4_34,5,Arab Republic of Egypt demands specific minimum flow thresholds be defined,False,1.0919491350650787,5.825231567025185,0.48155418038368225,0.426496684551239
291,Arab Republic of Egypt_6_236,Arab Republic of Egypt,Arab Republic of Egypt_5_109,6,Arab Republic of Egypt references historical flow data to justify thresholds,True,1.3118698298931122,7.137101396918297,0.32118943333625793,0.3669407367706299
292,Arab Republic of Egypt_6_235,Arab Republic of Egypt,Arab Republic of Egypt_5_109,6,Technical negotiations shift toward quantifying drought-year flow requirements,False,0.7103562355041504,6.535587802529335,0.617530107498169,0.6721136569976807
293,Arab Republic of Egypt_7_394,Arab Republic of Egypt,Arab Republic of Egypt_6_235,7,Technical experts replace diplomatic negotiators in key sessions,True,1.7579149082303047,8.29350271075964,0.07061829417943954,0.17146679759025574
294,Arab Republic of Egypt_7_393,Arab Republic of Egypt,Arab Republic of Egypt_6_235,7,Egypt emphasizes critical irrigation season water requirements,True,1.02414932847023,7.559737130999565,0.5205581188201904,0.45529255270957947
295,Arab Republic of Egypt_7_392,Arab Republic of Egypt,Arab Republic of Egypt_6_235,7,Hydrological modeling becomes central to negotiation discussions,True,0.8879164457321167,7.423504248261452,0.5206184387207031,0.5914651155471802
296,Arab Republic of Egypt_7_391,Arab Republic of Egypt,Arab Republic of Egypt_6_235,7,Egypt proposes specific cubic meter thresholds based on historical flow data,True,1.2815412878990173,7.817129090428352,0.3449001610279083,0.37355855107307434
297,Arab Republic of Egypt_6_234,Arab Republic of Egypt,Arab Republic of Egypt_5_109,6,Arab Republic of Egypt proposes specific cubic meters per second minimums,True,1.4475760161876678,7.2728075832128525,0.2982947826385498,0.25412920117378235
298,Arab Republic of Egypt_4_33,Arab Republic of Egypt,Arab Republic of Egypt_3_19,4,Ethiopia rejects frameworks that constrain its hydroelectric capacity,False,1.0831253826618195,4.34506356716156,0.4462761878967285,0.470598429441452
299,Arab Republic of Egypt_5_64,Arab Republic of Egypt,Arab Republic of Egypt_4_33,5,International pressure shifts toward finding electricity-compatible water security mechanisms,False,0.8594328761100769,5.204496443271637,0.6029236912727356,0.5376434326171875
300,Arab Republic of Egypt_6_147,Arab Republic of Egypt,Arab Republic of Egypt_5_64,6,Mediators commission studies on coordinated hydroelectric-irrigation scheduling,False,0.711621880531311,5.916118323802948,0.5741336345672607,0.7142444849014282
301,Arab Republic of Egypt_7_252,Arab Republic of Egypt,Arab Republic of Egypt_6_147,7,Research validates Egypt's position that coordination can protect downstream flows,False,1.0118515491485596,6.927969872951508,0.4774869680404663,0.5106614828109741
302,Arab Republic of Egypt_8_548,Arab Republic of Egypt,Arab Republic of Egypt_7_252,8,Egypt cites research to justify rejecting unilateral Ethiopian operations,True,1.7182300612330437,8.646199934184551,0.11888916045427322,0.1628807783126831
303,Arab Republic of Egypt_8_547,Arab Republic of Egypt,Arab Republic of Egypt_7_252,8,Egypt intensifies pressure for mandatory coordination mechanisms,True,1.4315535128116608,8.359523385763168,0.2700611650943756,0.2983853220939636
304,Arab Republic of Egypt_8_546,Arab Republic of Egypt,Arab Republic of Egypt_7_252,8,Egypt gains scientific legitimacy for its coordination demands,True,1.638888567686081,8.566858440637589,0.18759149312973022,0.17351993918418884
305,Arab Republic of Egypt_7_251,Arab Republic of Egypt,Arab Republic of Egypt_6_147,7,Technical data emerges showing potential for optimized dual-use scheduling,True,1.5885189026594162,7.504637226462364,0.1399848908185959,0.2714962065219879
306,Arab Republic of Egypt_7_250,Arab Republic of Egypt,Arab Republic of Egypt_6_147,7,Egypt gains scientific evidence supporting coordinated water management approaches,True,1.2256096601486206,7.141727983951569,0.3898274004459381,0.3845629394054413
307,Arab Republic of Egypt_7_249,Arab Republic of Egypt,Arab Republic of Egypt_6_147,7,Studies reveal technical feasibility of synchronized dam-irrigation operations,False,0.8298037052154541,6.745922029018402,0.5152777433395386,0.6549185514450073
308,Arab Republic of Egypt_8_465,Arab Republic of Egypt,Arab Republic of Egypt_7_249,8,Arab Republic of Egypt shifts focus from water allocation to operational coordination mechanisms,True,1.0956725776195526,7.841594606637955,0.39874741435050964,0.5055800080299377
309,Arab Republic of Egypt_8_464,Arab Republic of Egypt,Arab Republic of Egypt_7_249,8,Egypt intensifies calls for mandatory implementation of synchronized operations,True,1.5465498864650726,8.292471915483475,0.21983951330184937,0.233610600233078
310,Arab Republic of Egypt_8_463,Arab Republic of Egypt,Arab Republic of Egypt_7_249,8,Arab Republic of Egypt views technical feasibility as validation of coordinated operational demands,True,1.368889570236206,8.114811599254608,0.29385602474212646,0.3372544050216675
311,Arab Republic of Egypt_6_146,Arab Republic of Egypt,Arab Republic of Egypt_5_64,6,Egypt evaluates electricity-water trade-off proposals with skepticism,False,1.2438392639160156,6.448335707187653,0.36518722772598267,0.3909735083580017
312,Arab Republic of Egypt_7_356,Arab Republic of Egypt,Arab Republic of Egypt_6_146,7,Egypt questions the enforceability of electricity-based compensation mechanisms,True,1.3597193360328674,7.80805504322052,0.3241569399833679,0.31612372398376465
313,Arab Republic of Egypt_7_355,Arab Republic of Egypt,Arab Republic of Egypt_6_146,7,Egypt demands concrete water volume guarantees before considering any proposals,True,1.0083342492580414,7.456669956445694,0.5543110370635986,0.43735471367836
314,Arab Republic of Egypt_6_145,Arab Republic of Egypt,Arab Republic of Egypt_5_64,6,Technical working groups explore dual-purpose dam operation models,False,0.9487101435661316,6.1532065868377686,0.4179052710533142,0.6333845853805542
315,Arab Republic of Egypt_7_292,Arab Republic of Egypt,Arab Republic of Egypt_6_145,7,Egypt proposes seasonal operation protocols favoring downstream water security,True,0.9761656522750854,7.129372239112854,0.5159024000167847,0.5079319477081299
316,Arab Republic of Egypt_7_291,Arab Republic of Egypt,Arab Republic of Egypt_6_145,7,Arab Republic of Egypt insists on drought scenario prioritization mechanisms,True,0.9721095561981201,7.125316143035889,0.5147808790206909,0.513109564781189
317,Arab Republic of Egypt_7_290,Arab Republic of Egypt,Arab Republic of Egypt_6_145,7,Technical groups request Egypt's critical water requirement data for modeling,True,1.0041929185390472,7.157399505376816,0.5003745555877686,0.4954325258731842
318,Arab Republic of Egypt_7_289,Arab Republic of Egypt,Arab Republic of Egypt_6_145,7,Arab Republic of Egypt demands guaranteed minimum flow thresholds in dual-purpose models,True,1.0440277457237244,7.197234332561493,0.49761009216308594,0.4583621621131897
319,Arab Republic of Egypt_5_62,Arab Republic of Egypt,Arab Republic of Egypt_4_33,5,Mediation efforts stall without Ethiopian participation in water-focused negotiations,False,1.1157722771167755,5.460835844278336,0.446445107460022,0.4377826154232025
320,Arab Republic of Egypt_6_162,Arab Republic of Egypt,Arab Republic of Egypt_5_62,6,International community loses leverage over trilateral dispute resolution,False,1.494173139333725,6.9550089836120605,0.2538813650608063,0.25194549560546875
321,Arab Republic of Egypt_7_560,Arab Republic of Egypt,Arab Republic of Egypt_6_162,7,Regional powers fill the diplomatic vacuum in Nile negotiations,True,1.502672165632248,8.457681149244308,0.23383215069770813,0.26349568367004395
322,Arab Republic of Egypt_6_160,Arab Republic of Egypt,Arab Republic of Egypt_5_62,6,Alternative bilateral negotiations exclude multilateral frameworks,False,1.4871081709861755,6.947944015264511,0.2511366605758667,0.26175516843795776
323,Arab Republic of Egypt_7_551,Arab Republic of Egypt,Arab Republic of Egypt_6_160,7,Multilateral institutions lose influence over Nile water governance,True,1.0524876713752747,8.000431686639786,0.45070207118988037,0.49681025743484497
324,Arab Republic of Egypt_7_550,Arab Republic of Egypt,Arab Republic of Egypt_6_160,7,Regional powers choose sides between competing bilateral arrangements,True,1.4452515244483948,8.393195539712906,0.2501082718372345,0.3046402037143707
325,Arab Republic of Egypt_3_18,Arab Republic of Egypt,Arab Republic of Egypt_2_6,3,Arab Republic of Egypt gains negotiating advantage through aligned mediator priorities,False,1.7161207497119904,4.017497718334198,0.1276928186416626,0.15618643164634705
326,Arab Republic of Egypt_4_55,Arab Republic of Egypt,Arab Republic of Egypt_3_18,4,Sudan's infrastructure concerns receive reduced mediator attention,False,1.2551835179328918,5.27268123626709,0.3205738067626953,0.42424267530441284
327,Arab Republic of Egypt_5_154,Arab Republic of Egypt,Arab Republic of Egypt_4_55,5,Sudan's technical dam safety warnings become marginalized in discussions,False,1.0652724504470825,6.337953686714172,0.44386541843414307,0.4908621311187744
328,Arab Republic of Egypt_6_342,Arab Republic of Egypt,Arab Republic of Egypt_5_154,6,Sudan faces pressure to align with Egypt-Ethiopia positions rather than technical concerns,True,1.5712586790323257,7.909212365746498,0.21114873886108398,0.21759258210659027
329,Arab Republic of Egypt_6_341,Arab Republic of Egypt,Arab Republic of Egypt_5_154,6,Technical expertise becomes secondary to political water allocation priorities,True,1.0147695541381836,7.352723240852356,0.46291303634643555,0.5223174095153809
330,Arab Republic of Egypt_6_340,Arab Republic of Egypt,Arab Republic of Egypt_5_154,6,Sudan's ability to raise infrastructure risks in negotiations weakens,True,1.327487051486969,7.665440738201141,0.30787307024002075,0.36463987827301025
331,Arab Republic of Egypt_5_153,Arab Republic of Egypt,Arab Republic of Egypt_4_55,5,Arab Republic of Egypt perceives opportunity for direct bilateral engagement,False,1.6840745508670807,6.9567557871341705,0.11359661817550659,0.20232883095741272
332,Arab Republic of Egypt_6_565,Arab Republic of Egypt,Arab Republic of Egypt_5_153,6,Arab Republic of Egypt develops bilateral proposal framework excluding Sudan,True,1.5779197812080383,8.534675568342209,0.1943758726119995,0.22770434617996216
333,Arab Republic of Egypt_6_564,Arab Republic of Egypt,Arab Republic of Egypt_5_153,6,Arab Republic of Egypt reduces reliance on trilateral negotiation mechanisms,True,1.5905559062957764,8.547311693429947,0.18982216715812683,0.2196219265460968
334,Arab Republic of Egypt_6_563,Arab Republic of Egypt,Arab Republic of Egypt_5_153,6,Arab Republic of Egypt initiates direct diplomatic outreach to Ethiopia,True,1.7689317986369133,8.725687585771084,0.07821009308099747,0.15285810828208923
335,Arab Republic of Egypt_5_152,Arab Republic of Egypt,Arab Republic of Egypt_4_55,5,Sudan seeks alternative bilateral negotiations with Ethiopia,False,1.5704177767038345,6.843099012970924,0.19760993123054504,0.23197229206562042
336,Arab Republic of Egypt_6_526,Arab Republic of Egypt,Arab Republic of Egypt_5_152,6,Arab Republic of Egypt must counter Sudan-Ethiopia alignment through new strategies,True,1.611031860113144,8.454130873084068,0.16059459745883942,0.22837354242801666
337,Arab Republic of Egypt_6_525,Arab Republic of Egypt,Arab Republic of Egypt_5_152,6,Trilateral negotiation framework weakens through bilateral defection,True,1.4760830104351044,8.319182023406029,0.23848536610603333,0.2854316234588623
338,Arab Republic of Egypt_6_524,Arab Republic of Egypt,Arab Republic of Egypt_5_152,6,Ethiopia gains leverage by dividing downstream countries diplomatically,True,1.546223983168602,8.389322996139526,0.18211279809474945,0.27166321873664856
339,Arab Republic of Egypt_6_523,Arab Republic of Egypt,Arab Republic of Egypt_5_152,6,Arab Republic of Egypt faces exclusion from critical dam coordination discussions,True,1.1894845962524414,8.032583609223366,0.3726796507835388,0.4378357529640198
340,Arab Republic of Egypt_4_54,Arab Republic of Egypt,Arab Republic of Egypt_3_18,4,Ethiopia perceives increased international pressure against its development priorities,False,1.4874044358730316,5.50490215420723,0.2228359580039978,0.2897596061229706
341,Arab Republic of Egypt_5_171,Arab Republic of Egypt,Arab Republic of Egypt_4_54,5,Ethiopia questions legitimacy of current mediation processes,False,1.393100529909134,6.8980026841163635,0.2673691511154175,0.3395303189754486
342,Arab Republic of Egypt_6_539,Arab Republic of Egypt,Arab Republic of Egypt_5_171,6,Ethiopia delays scheduled trilateral negotiation sessions,True,1.5469580739736557,8.44496075809002,0.20216606557369232,0.250875860452652
343,Arab Republic of Egypt_6_538,Arab Republic of Egypt,Arab Republic of Egypt_5_171,6,Ethiopia reduces cooperation with current mediating institutions,True,1.3652565777301788,8.263259261846542,0.26739993691444397,0.3673434853553772
344,Arab Republic of Egypt_5_170,Arab Republic of Egypt,Arab Republic of Egypt_4_54,5,Ethiopia accelerates unilateral dam operations to establish facts,False,1.2802886962890625,6.785190850496292,0.29870039224624634,0.42101091146469116
345,Arab Republic of Egypt_6_492,Arab Republic of Egypt,Arab Republic of Egypt_5_170,6,International mediation efforts lose effectiveness due to unilateral actions,True,1.5953512787818909,8.380542129278183,0.1853814423084259,0.21926727890968323
346,Arab Republic of Egypt_6_491,Arab Republic of Egypt,Arab Republic of Egypt_5_170,6,Sudan faces immediate operational coordination challenges with Ethiopian dam,True,1.0940554440021515,7.879246294498444,0.3740861713886261,0.5318583846092224
347,Arab Republic of Egypt_6_489,Arab Republic of Egypt,Arab Republic of Egypt_5_170,6,Water flow patterns to Egypt become less predictable,True,1.2267807126045227,8.011971563100815,0.36175215244293213,0.41146713495254517
348,Arab Republic of Egypt_6_488,Arab Republic of Egypt,Arab Republic of Egypt_5_170,6,Arab Republic of Egypt perceives Ethiopia's actions as direct threat to national security,True,1.553785815834999,8.338976666331291,0.20291577279567719,0.24329841136932373
349,Arab Republic of Egypt_5_169,Arab Republic of Egypt,Arab Republic of Egypt_4_54,5,Ethiopia seeks alternative international partnerships for dam financing,False,1.188163012266159,6.693065166473389,0.35278287529945374,0.4590541124343872
350,Arab Republic of Egypt_6_447,Arab Republic of Egypt,Arab Republic of Egypt_5_169,6,Arab Republic of Egypt faces diminished international coalition pressure on Ethiopia,True,1.5870565623044968,8.280121728777885,0.19193102419376373,0.2210124135017395
351,Arab Republic of Egypt_6_446,Arab Republic of Egypt,Arab Republic of Egypt_5_169,6,Traditional Western donors reduce their leverage over Ethiopian dam operations,True,0.9820230603218079,7.6750882267951965,0.46581894159317017,0.552157998085022
352,Arab Republic of Egypt_6_445,Arab Republic of Egypt,Arab Republic of Egypt_5_169,6,China and Russia increase their influence in Ethiopian infrastructure projects,True,1.419306918978691,8.11237208545208,0.18937815725803375,0.39131492376327515
353,Arab Republic of Egypt_5_168,Arab Republic of Egypt,Arab Republic of Egypt_4_54,5,Ethiopia adopts more defensive negotiating positions,True,1.6128865033388138,7.117788657546043,0.20804031193256378,0.17907318472862244
354,Arab Republic of Egypt_4_53,Arab Republic of Egypt,Arab Republic of Egypt_3_18,4,Arab Republic of Egypt intensifies demands for binding minimum flow guarantees,False,1.1175971925258636,5.135094910860062,0.5212857723236084,0.36111703515052795
355,Arab Republic of Egypt_5_140,Arab Republic of Egypt,Arab Republic of Egypt_4_53,5,Egypt seeks alternative bilateral agreements bypassing Ethiopia,False,1.5650208294391632,6.700115740299225,0.20238128304481506,0.23259788751602173
356,Arab Republic of Egypt_6_451,Arab Republic of Egypt,Arab Republic of Egypt_5_140,6,Ethiopia faces increased isolation in trilateral negotiations,True,1.4723259806632996,8.172441720962524,0.2522232234477997,0.27545079588890076
357,Arab Republic of Egypt_6_450,Arab Republic of Egypt,Arab Republic of Egypt_5_140,6,Regional diplomatic alliances shift around water security issues,True,0.9842941164970398,7.684409856796265,0.5136569738388062,0.502048909664154
358,Arab Republic of Egypt_6_449,Arab Republic of Egypt,Arab Republic of Egypt_5_140,6,Egypt offers Sudan infrastructure investments in exchange for GERD opposition,True,1.5102803260087967,8.210396066308022,0.19959305226802826,0.29012662172317505
359,Arab Republic of Egypt_6_448,Arab Republic of Egypt,Arab Republic of Egypt_5_140,6,Sudan becomes Egypt's primary target for bilateral water coordination,True,1.1578486263751984,7.857964366674423,0.410776823759079,0.43137454986572266
360,Arab Republic of Egypt_5_139,Arab Republic of Egypt,Arab Republic of Egypt_4_53,5,Egypt threatens withdrawal from trilateral negotiations without binding commitments,False,1.6296297162771225,6.764724627137184,0.207515150308609,0.1628551334142685
361,Arab Republic of Egypt_6_472,Arab Republic of Egypt,Arab Republic of Egypt_5_139,6,Regional powers intervene to prevent negotiation collapse,True,1.4167505204677582,8.181475147604942,0.2861504852771759,0.2970989942550659
362,Arab Republic of Egypt_5_138,Arab Republic of Egypt,Arab Republic of Egypt_4_53,5,Sudan expresses concern about Egypt's hardening negotiation stance,False,1.654498353600502,6.789593264460564,0.17110174894332886,0.17439989745616913
363,Arab Republic of Egypt_6_495,Arab Republic of Egypt,Arab Republic of Egypt_5_138,6,Arab Republic of Egypt faces reduced trilateral coalition support,True,1.6616023629903793,8.451195627450943,0.17681095004081726,0.1615866869688034
364,Arab Republic of Egypt_6_494,Arab Republic of Egypt,Arab Republic of Egypt_5_138,6,Sudan seeks alternative negotiation channels bypassing Egypt's framework,True,1.604307398200035,8.393900662660599,0.15839189291000366,0.23730070888996124
365,Arab Republic of Egypt_6_493,Arab Republic of Egypt,Arab Republic of Egypt_5_138,6,Arab Republic of Egypt perceives Sudan as potentially aligning with Ethiopia,True,1.6773488596081734,8.466942124068737,0.12361753731966019,0.19903360307216644
366,Arab Republic of Egypt_5_137,Arab Republic of Egypt,Arab Republic of Egypt_4_53,5,Ethiopia rejects Egypt's intensified binding flow demands as sovereignty violation,True,1.3364790081977844,6.471573919057846,0.3536509871482849,0.30987000465393066
367,Arab Republic of Egypt_3_17,Arab Republic of Egypt,Arab Republic of Egypt_2_6,3,Ethiopia's electricity generation concerns receive secondary consideration in mediation proposals,False,1.3216136991977692,3.622990667819977,0.3111305236816406,0.3672557771205902
368,Arab Republic of Egypt_4_45,Arab Republic of Egypt,Arab Republic of Egypt_3_17,4,Ethiopia seeks alternative negotiation frameworks outside current mediation structure,False,1.4320575445890427,5.0550482124090195,0.23509635031223297,0.33284610509872437
369,Arab Republic of Egypt_5_133,Arab Republic of Egypt,Arab Republic of Egypt_4_45,5,Egypt must engage multiple competing negotiation tracks simultaneously,False,1.4774720966815948,6.532520309090614,0.2121589481830597,0.31036895513534546
370,Arab Republic of Egypt_6_390,Arab Republic of Egypt,Arab Republic of Egypt_5_133,6,Egypt loses leverage by appearing desperate for any agreement,True,1.6257744431495667,8.158294752240181,0.21191687881946564,0.1623086780309677
371,Arab Republic of Egypt_6_389,Arab Republic of Egypt,Arab Republic of Egypt_5_133,6,Egypt's negotiating positions may become inconsistent across different tracks,True,1.6325781643390656,8.16509847342968,0.1431904435157776,0.22423139214515686
372,Arab Republic of Egypt_6_388,Arab Republic of Egypt,Arab Republic of Egypt_5_133,6,Egypt faces increased coordination challenges between different negotiation teams,True,1.5857270658016205,8.118247374892235,0.15514305233955383,0.2591298818588257
373,Arab Republic of Egypt_6_387,Arab Republic of Egypt,Arab Republic of Egypt_5_133,6,Egypt's diplomatic resources become stretched across multiple simultaneous negotiations,True,1.5467885583639145,8.079308867454529,0.19865383207798004,0.25455760955810547
374,Arab Republic of Egypt_5_132,Arab Republic of Egypt,Arab Republic of Egypt_4_45,5,Bilateral Ethiopia-Sudan arrangements become more likely,False,1.4748437851667404,6.52989199757576,0.2425704151391983,0.2825857996940613
375,Arab Republic of Egypt_6_385,Arab Republic of Egypt,Arab Republic of Egypt_5_132,6,Egypt's water security concerns become marginalized in bilateral discussions,True,1.2012391686439514,7.731131166219711,0.40408092737197876,0.3946799039840698
376,Arab Republic of Egypt_6_383,Arab Republic of Egypt,Arab Republic of Egypt_5_132,6,Egypt perceives exclusion from critical upstream water negotiations,True,1.2801466882228851,7.810038685798645,0.38870537281036377,0.3311479389667511
377,Arab Republic of Egypt_5_131,Arab Republic of Egypt,Arab Republic of Egypt_4_45,5,Alternative frameworks may exclude Egypt's historical treaty claims,False,1.5586536973714828,6.613701909780502,0.22409687936306,0.21724942326545715
378,Arab Republic of Egypt_6_425,Arab Republic of Egypt,Arab Republic of Egypt_5_131,6,Egypt's negotiating position deteriorates in water diplomacy,True,1.3124787211418152,7.9261806309223175,0.34303903579711914,0.3444822430610657
379,Arab Republic of Egypt_6_424,Arab Republic of Egypt,Arab Republic of Egypt_5_131,6,Egypt faces exclusion from future GERD operational decisions,True,1.6216580122709274,8.23535992205143,0.17488910257816315,0.20345288515090942
380,Arab Republic of Egypt_6_423,Arab Republic of Egypt,Arab Republic of Egypt_5_131,6,Egypt's legal foundation for water claims becomes weakened,True,1.2276519238948822,7.8413538336753845,0.4205079972743988,0.351840078830719
381,Arab Republic of Egypt_5_130,Arab Republic of Egypt,Arab Republic of Egypt_4_45,5,Egypt faces reduced diplomatic leverage over GERD operations,False,1.6867939680814743,6.741842180490494,0.14470046758651733,0.16850556433200836
382,Arab Republic of Egypt_6_460,Arab Republic of Egypt,Arab Republic of Egypt_5_130,6,Egypt seeks bilateral agreements bypassing trilateral framework,True,1.585991308093071,8.327833488583565,0.19755448400974274,0.21645420789718628
383,Arab Republic of Egypt_5_129,Arab Republic of Egypt,Arab Republic of Egypt_4_45,5,Current mediation loses legitimacy as comprehensive trilateral framework,False,1.4541563093662262,6.509204521775246,0.25425881147384644,0.29158487915992737
384,Arab Republic of Egypt_6_380,Arab Republic of Egypt,Arab Republic of Egypt_5_129,6,Arab Republic of Egypt pursues bilateral negotiations with Sudan excluding Ethiopia,True,1.6433417350053787,8.152546256780624,0.17035554349422455,0.18630272150039673
385,Arab Republic of Egypt_4_44,Arab Republic of Egypt,Arab Republic of Egypt_3_17,4,Arab Republic of Egypt views mediation proposals as appropriately prioritizing water security,False,1.0266042947769165,4.649594962596893,0.5080466270446777,0.46534907817840576
386,Arab Republic of Egypt_5_94,Arab Republic of Egypt,Arab Republic of Egypt_4_44,5,Arab Republic of Egypt reduces immediate escalatory rhetoric regarding GERD operations,False,1.751509040594101,6.401104003190994,0.08152960240840912,0.16696135699748993
387,Arab Republic of Egypt_6_354,Arab Republic of Egypt,Arab Republic of Egypt_5_94,6,Arab Republic of Egypt creates diplomatic space for technical discussions on operational protocols,True,1.5943384170532227,7.995442420244217,0.1513230800628662,0.25433850288391113
388,Arab Republic of Egypt_6_353,Arab Republic of Egypt,Arab Republic of Egypt_5_94,6,International mediators view Egyptian moderation as validation of current negotiation approach,True,1.5337557047605515,7.934859707951546,0.22903528809547424,0.2372090071439743
389,Arab Republic of Egypt_6_352,Arab Republic of Egypt,Arab Republic of Egypt_5_94,6,Sudan interprets Egyptian restraint as weakening downstream coalition pressure,True,1.407078593969345,7.808182597160339,0.28808900713920593,0.304832398891449
390,Arab Republic of Egypt_6_351,Arab Republic of Egypt,Arab Republic of Egypt_5_94,6,Ethiopia perceives reduced Egyptian hostility toward ongoing dam operations,True,1.2730594873428345,7.674163490533829,0.3088069558143616,0.41813355684280396
391,Arab Republic of Egypt_4_43,Arab Republic of Egypt,Arab Republic of Egypt_3_17,4,Ethiopia rejects mediation proposals as biased toward downstream interests,False,1.4688571393489838,5.091847807168961,0.25819095969200134,0.2729519009590149
392,Arab Republic of Egypt_5_136,Arab Republic of Egypt,Arab Republic of Egypt_4_43,5,Sudan faces prolonged uncertainty about dam coordination protocols,False,0.9513065814971924,6.043154388666153,0.4558771252632141,0.5928162932395935
393,Arab Republic of Egypt_6_266,Arab Republic of Egypt,Arab Republic of Egypt_5_136,6,Sudan's flood management systems operate without upstream coordination,True,1.1434964537620544,7.186650842428207,0.37870508432388306,0.4777984619140625
394,Arab Republic of Egypt_6_265,Arab Republic of Egypt,Arab Republic of Egypt_5_136,6,Sudan seeks bilateral agreements outside trilateral framework,True,1.442694902420044,7.485849291086197,0.28028279542922974,0.2770223021507263
395,Arab Republic of Egypt_6_264,Arab Republic of Egypt,Arab Republic of Egypt_5_136,6,Sudan's dam safety protocols remain uncoordinated with GERD operations,True,1.1152892708778381,7.158443659543991,0.3863966464996338,0.4983140826225281
396,Arab Republic of Egypt_6_263,Arab Republic of Egypt,Arab Republic of Egypt_5_136,6,Sudan postpones critical infrastructure investments near Blue Nile,True,1.4183521568775177,7.461506545543671,0.27320563793182373,0.30844220519065857
397,Arab Republic of Egypt_1_1,Arab Republic of Egypt,Arab Republic of Egypt_0_0,1,Ethiopia rejects Egypt's binding agreement demands as colonial-era impositions,False,1.5432490855455399,1.5432490855455399,0.26897454261779785,0.1877763718366623
398,Arab Republic of Egypt_2_13,Arab Republic of Egypt,Arab Republic of Egypt_1_1,2,Egypt interprets rejection as confirmation of upstream hegemonic intentions,False,1.6841617822647095,3.2274108678102493,0.15699180960655212,0.1588464081287384
399,Arab Republic of Egypt_3_32,Arab Republic of Egypt,Arab Republic of Egypt_2_13,3,Egypt publicly frames the dispute as existential threat requiring defensive measures,False,1.5763451159000397,4.803755983710289,0.25179237127304077,0.17186251282691956
400,Arab Republic of Egypt_4_114,Arab Republic of Egypt,Arab Republic of Egypt_3_32,4,Egypt threatens withdrawal from existing Nile cooperation mechanisms,False,1.5438547730445862,6.347610756754875,0.2400810718536377,0.21606415510177612
401,Arab Republic of Egypt_5_346,Arab Republic of Egypt,Arab Republic of Egypt_4_114,5,Arab Republic of Egypt loses institutional leverage over upstream water decisions,True,1.1764156222343445,7.52402637898922,0.39211505651474,0.4314693212509155
402,Arab Republic of Egypt_5_345,Arab Republic of Egypt,Arab Republic of Egypt_4_114,5,Ethiopia gains diplomatic advantage by appearing more committed to multilateralism,True,1.6574416011571884,8.005052357912064,0.1481788009405136,0.19437959790229797
403,Arab Republic of Egypt_5_344,Arab Republic of Egypt,Arab Republic of Egypt_4_114,5,International donors question continued funding for Nile Basin Initiative projects,True,1.3156528174877167,7.663263574242592,0.35594433546066284,0.3284028470516205
404,Arab Republic of Egypt_5_343,Arab Republic of Egypt,Arab Republic of Egypt_4_114,5,Sudan perceives Egypt's withdrawal threat as abandonment of regional cooperation,True,1.6503991037607193,7.9980098605155945,0.1656157374382019,0.1839851588010788
405,Arab Republic of Egypt_4_113,Arab Republic of Egypt,Arab Republic of Egypt_3_32,4,Egypt mobilizes domestic public opinion against Ethiopian dam policies,False,1.4717943966388702,6.275550380349159,0.21600332856178284,0.3122022747993469
406,Arab Republic of Egypt_5_330,Arab Republic of Egypt,Arab Republic of Egypt_4_113,5,Egyptian government increases media campaigns portraying Ethiopia as regional threat,True,1.7071306556463242,7.982681035995483,0.09625200927257538,0.19661733508110046
407,Arab Republic of Egypt_4_112,Arab Republic of Egypt,Arab Republic of Egypt_3_32,4,Egypt seeks military or security partnerships to strengthen deterrent capabilities,False,1.5933782905340195,6.3971342742443085,0.21034455299377441,0.19627715647220612
408,Arab Republic of Egypt_5_350,Arab Republic of Egypt,Arab Republic of Egypt_4_112,5,Regional powers reassess their strategic positions regarding the dispute,True,1.5170058757066727,7.914140149950981,0.22045575082302094,0.2625383734703064
409,Arab Republic of Egypt_5_348,Arab Republic of Egypt,Arab Republic of Egypt_4_112,5,Egypt signals escalatory intent to international diplomatic channels,True,1.7175302132964134,8.114664487540722,0.10908613353967667,0.1733836531639099
410,Arab Republic of Egypt_3_31,Arab Republic of Egypt,Arab Republic of Egypt_2_13,3,Egypt seeks alternative water security partnerships with downstream allies,False,1.1574257910251617,4.384836658835411,0.4325483441352844,0.41002586483955383
411,Arab Republic of Egypt_4_68,Arab Republic of Egypt,Arab Republic of Egypt_3_31,4,Egypt activates diplomatic channels through Arab League water initiatives,False,1.4445794522762299,5.829416111111641,0.2547990381717682,0.30062150955200195
412,Arab Republic of Egypt_5_240,Arab Republic of Egypt,Arab Republic of Egypt_4_68,5,Egypt requests Arab League mediation in trilateral negotiations,True,1.7050330936908722,7.534449204802513,0.13339318335056305,0.16157372295856476
413,Arab Republic of Egypt_5_239,Arab Republic of Egypt,Arab Republic of Egypt_4_68,5,Arab League considers collective diplomatic pressure on Ethiopia,True,1.6327072829008102,7.462123394012451,0.17399121820926666,0.1933014988899231
414,Arab Republic of Egypt_5_238,Arab Republic of Egypt,Arab Republic of Egypt_4_68,5,Egypt frames GERD dispute as pan-Arab strategic threat,True,1.634560838341713,7.463976949453354,0.1573706567287445,0.20806850492954254
415,Arab Republic of Egypt_5_237,Arab Republic of Egypt,Arab Republic of Egypt_4_68,5,Arab League members express solidarity with Egypt's water security concerns,True,1.3043545484542847,7.133770659565926,0.4021458029747009,0.2934996485710144
416,Arab Republic of Egypt_4_67,Arab Republic of Egypt,Arab Republic of Egypt_3_31,4,Egypt explores Red Sea desalination partnerships with Gulf states,False,1.502921387553215,5.887758046388626,0.2482323944568634,0.24884621798992157
417,Arab Republic of Egypt_5_248,Arab Republic of Egypt,Arab Republic of Egypt_4_67,5,Egypt signals reduced dependence on Nile water negotiations,False,1.1573853194713593,7.045143365859985,0.44505777955055237,0.3975569009780884
418,Arab Republic of Egypt_6_609,Arab Republic of Egypt,Arab Republic of Egypt_5_248,6,Regional powers interpret Egypt's diversification as Nile basin destabilization,True,1.5183708369731903,8.563514202833176,0.2048008143901825,0.2768283486366272
419,Arab Republic of Egypt_6_608,Arab Republic of Egypt,Arab Republic of Egypt_5_248,6,Egypt reduces diplomatic pressure on Ethiopia regarding GERD operations,True,1.6432448774576187,8.688388243317604,0.152102991938591,0.20465213060379028
420,Arab Republic of Egypt_6_607,Arab Republic of Egypt,Arab Republic of Egypt_5_248,6,Sudan questions Egypt's commitment to trilateral cooperation framework,True,1.4679149985313416,8.513058364391327,0.25383424758911133,0.2782507538795471
421,Arab Republic of Egypt_6_606,Arab Republic of Egypt,Arab Republic of Egypt_5_248,6,Ethiopia perceives Egypt's alternative partnerships as negotiation withdrawal,True,1.585578128695488,8.630721494555473,0.17162400484085083,0.2427978664636612
422,Arab Republic of Egypt_5_246,Arab Republic of Egypt,Arab Republic of Egypt_4_67,5,Egypt initiates technical feasibility studies for large-scale desalination infrastructure,True,1.380210041999817,7.267968088388443,0.2589392364025116,0.3608507215976715
423,Arab Republic of Egypt_4_66,Arab Republic of Egypt,Arab Republic of Egypt_3_31,4,Egypt strengthens bilateral water cooperation agreements with Sudan,False,1.2464865446090698,5.631323203444481,0.40865015983581543,0.34486329555511475
424,Arab Republic of Egypt_5_206,Arab Republic of Egypt,Arab Republic of Egypt_4_66,5,Egypt creates bilateral framework bypassing trilateral GERD negotiations,True,1.560865342617035,7.192188546061516,0.18534576892852783,0.25378888845443726
425,Arab Republic of Egypt_5_205,Arab Republic of Egypt,Arab Republic of Egypt_4_66,5,Egypt establishes joint monitoring mechanisms for Blue Nile flows,False,1.1464685201644897,6.777791723608971,0.39348864555358887,0.4600428342819214
426,Arab Republic of Egypt_6_475,Arab Republic of Egypt,Arab Republic of Egypt_5_205,6,Egypt creates legal documentation for potential international arbitration,True,1.5414299964904785,8.31922172009945,0.23959702253341675,0.21897298097610474
427,Arab Republic of Egypt_6_474,Arab Republic of Egypt,Arab Republic of Egypt_5_205,6,Egypt develops independent verification capacity for flow measurements,True,1.283959984779358,8.061751708388329,0.34210216999053955,0.37393784523010254
428,Arab Republic of Egypt_6_473,Arab Republic of Egypt,Arab Republic of Egypt_5_205,6,Egypt gains real-time data on Ethiopian dam operations,True,1.297549307346344,8.075341030955315,0.24318146705627441,0.4592692255973816
429,Arab Republic of Egypt_2_12,Arab Republic of Egypt,Arab Republic of Egypt_1_1,2,Egypt considers Ethiopia's position as threatening national survival,False,1.5029682666063309,3.0462173521518707,0.2534026503562927,0.2436290830373764
430,Arab Republic of Egypt_3_28,Arab Republic of Egypt,Arab Republic of Egypt_2_12,3,Egypt frames the dispute as existential threat requiring emergency response,False,1.5684402883052826,4.614657640457153,0.23855234682559967,0.19300736486911774
431,Arab Republic of Egypt_4_88,Arab Republic of Egypt,Arab Republic of Egypt_3_28,4,Egypt publicly warns of potential military intervention to protect water resources,False,1.2444694936275482,5.8591271340847015,0.4079577922821045,0.3475727140903473
432,Arab Republic of Egypt_5_245,Arab Republic of Egypt,Arab Republic of Egypt_4_88,5,Regional arms race accelerates as neighboring countries reassess security,True,1.640986979007721,7.5001141130924225,0.16437792778015137,0.19463509321212769
433,Arab Republic of Egypt_5_242,Arab Republic of Egypt,Arab Republic of Egypt_4_88,5,Sudan views Egypt's military warnings as destabilizing regional security,True,1.6767137944698334,7.535840928554535,0.15520334243774414,0.16808286309242249
434,Arab Republic of Egypt_4_87,Arab Republic of Egypt,Arab Republic of Egypt_3_28,4,Egypt activates national water crisis management protocols,False,1.0552960634231567,5.66995370388031,0.48124828934669495,0.4634556472301483
435,Arab Republic of Egypt_5_215,Arab Republic of Egypt,Arab Republic of Egypt_4_87,5,Egypt initiates emergency water rationing preparations for domestic consumption,False,1.2389187514781952,6.908872455358505,0.4090084731578827,0.3520727753639221
436,Arab Republic of Egypt_6_542,Arab Republic of Egypt,Arab Republic of Egypt_5_215,6,Egypt's government mobilizes additional technical resources for water management,True,1.1609942615032196,8.069866716861725,0.3916095793247223,0.4473961591720581
437,Arab Republic of Egypt_6_541,Arab Republic of Egypt,Arab Republic of Egypt_5_215,6,Egypt's population experiences heightened anxiety about water availability,True,1.2453101575374603,8.154182612895966,0.40371373295783997,0.3509761095046997
438,Arab Republic of Egypt_6_540,Arab Republic of Egypt,Arab Republic of Egypt_5_215,6,Egypt's agricultural sector receives official drought impact warnings,True,1.1733697950839996,8.082242250442505,0.41693204641342163,0.40969815850257874
439,Arab Republic of Egypt_5_214,Arab Republic of Egypt,Arab Republic of Egypt_4_87,5,Egypt mobilizes diplomatic resources to internationalize the water crisis,False,1.335132360458374,7.005086064338684,0.33118921518325806,0.3336784243583679
440,Arab Republic of Egypt_6_582,Arab Republic of Egypt,Arab Republic of Egypt_5_214,6,Egypt threatens withdrawal from regional cooperation frameworks,True,1.616232231259346,8.62131829559803,0.19156819581985474,0.19219957292079926
441,Arab Republic of Egypt_6_581,Arab Republic of Egypt,Arab Republic of Egypt_5_214,6,Egypt engages major powers as guarantors of Nile agreements,True,1.549424171447754,8.554510235786438,0.22916021943092346,0.22141560912132263
442,Arab Republic of Egypt_6_580,Arab Republic of Egypt,Arab Republic of Egypt_5_214,6,Egypt appeals to African Union for mediation mechanisms,True,1.6395240724086761,8.64461013674736,0.18470969796180725,0.1757662296295166
443,Arab Republic of Egypt_6_578,Arab Republic of Egypt,Arab Republic of Egypt_5_214,6,Egypt formally requests UN Security Council intervention on water security,True,1.280885010957718,8.285971075296402,0.37806951999664307,0.34104546904563904
444,Arab Republic of Egypt_3_27,Arab Republic of Egypt,Arab Republic of Egypt_2_12,3,Egypt begins exploring unilateral protective measures for water security,False,1.2146247029304504,4.260842055082321,0.4082599878311157,0.37711530923843384
445,Arab Republic of Egypt_4_61,Arab Republic of Egypt,Arab Republic of Egypt_3_27,4,Egypt initiates technical studies for alternative water supply mechanisms,False,1.2774649262428284,5.5383069813251495,0.3437003791332245,0.37883469462394714
446,Arab Republic of Egypt_5_179,Arab Republic of Egypt,Arab Republic of Egypt_4_61,5,Egypt explores deeper Nubian Sandstone Aquifer extraction possibilities,True,1.702336385846138,7.2406433671712875,0.14599917829036713,0.15166443586349487
447,Arab Republic of Egypt_5_178,Arab Republic of Egypt,Arab Republic of Egypt_4_61,5,Egypt begins feasibility assessments for Red Sea desalination facilities,False,1.4510007500648499,6.989307731389999,0.26507943868637085,0.2839198112487793
448,Arab Republic of Egypt_6_577,Arab Republic of Egypt,Arab Republic of Egypt_5_178,6,Egypt calculates timeline for desalination capacity to reduce Nile dependence,True,1.216506153345108,8.205813884735107,0.3886612355709076,0.3948326110839844
449,Arab Republic of Egypt_6_576,Arab Republic of Egypt,Arab Republic of Egypt_5_178,6,Egypt assesses environmental impact of Red Sea desalination discharge,True,1.3768775165081024,8.366185247898102,0.3237690031528473,0.2993534803390503
450,Arab Republic of Egypt_6_575,Arab Republic of Egypt,Arab Republic of Egypt_5_178,6,Egypt evaluates energy requirements for Red Sea desalination operations,True,1.4432399272918701,8.43254765868187,0.2816013693809509,0.27515870332717896
451,Arab Republic of Egypt_6_574,Arab Republic of Egypt,Arab Republic of Egypt_5_178,6,Egypt requests international financing for large-scale desalination infrastructure,True,1.3702784478664398,8.35958617925644,0.29927292466163635,0.33044862747192383
452,Arab Republic of Egypt_5_177,Arab Republic of Egypt,Arab Republic of Egypt_4_61,5,Egypt requests technical assistance from international water management organizations,False,1.1886003911495209,6.72690737247467,0.3969254493713379,0.41447415947914124
453,Arab Republic of Egypt_6_458,Arab Republic of Egypt,Arab Republic of Egypt_5_177,6,International water management organizations initiate preliminary data collection on Nile flows,True,1.1867077350616455,7.913615107536316,0.3651160001754761,0.4481762647628784
454,Arab Republic of Egypt_6_456,Arab Republic of Egypt,Arab Republic of Egypt_5_177,6,Egypt gains access to technical expertise on drought mitigation strategies,True,1.2377843856811523,7.964691758155823,0.34514492750167847,0.4170706868171692
455,Arab Republic of Egypt_6_455,Arab Republic of Egypt,Arab Republic of Egypt_5_177,6,International organizations begin assessing Egypt's water infrastructure vulnerabilities,True,1.0750223994255066,7.801929771900177,0.4464566707611084,0.478520929813385
456,Arab Republic of Egypt_5_176,Arab Republic of Egypt,Arab Republic of Egypt_4_61,5,Egypt allocates budget resources for desalination and groundwater exploration projects,False,1.313354104757309,6.8516610860824585,0.3285023272037506,0.35814356803894043
457,Arab Republic of Egypt_6_532,Arab Republic of Egypt,Arab Republic of Egypt_5_176,6,Egypt demonstrates financial commitment to water independence measures,True,1.1346313655376434,7.986292451620102,0.49702051281929016,0.3683481216430664
458,Arab Republic of Egypt_6_531,Arab Republic of Egypt,Arab Republic of Egypt_5_176,6,Egypt signals long-term strategic shift away from Nile negotiations,True,1.6629053205251694,8.514566406607628,0.1423070877790451,0.19478759169578552
459,Arab Republic of Egypt_6_530,Arab Republic of Egypt,Arab Republic of Egypt_5_176,6,Egypt reduces dependency on Nile River for water security,True,1.146828055381775,7.998489141464233,0.4465911388397217,0.4065808057785034
460,Arab Republic of Egypt_4_60,Arab Republic of Egypt,Arab Republic of Egypt_3_27,4,Egypt accelerates diplomatic outreach to international allies for water security support,False,1.4222562313079834,5.683098286390305,0.29419195652008057,0.28355181217193604
461,Arab Republic of Egypt_5_220,Arab Republic of Egypt,Arab Republic of Egypt_4_60,5,Egypt requests World Bank intervention in trilateral negotiations,True,1.5935632139444351,7.27666150033474,0.18066094815731049,0.2257758378982544
462,Arab Republic of Egypt_5_219,Arab Republic of Egypt,Arab Republic of Egypt_4_60,5,Egypt seeks US and EU pressure on Ethiopian dam operations,False,1.3366883397102356,7.01978662610054,0.28837156295776367,0.37494009733200073
463,Arab Republic of Egypt_6_593,Arab Republic of Egypt,Arab Republic of Egypt_5_219,6,Egypt's bilateral relationships with US and EU become linked to GERD issue,True,1.6393756717443466,8.659162297844887,0.13484007120132446,0.22578425705432892
464,Arab Republic of Egypt_6_592,Arab Republic of Egypt,Arab Republic of Egypt_5_219,6,Regional power dynamics shift toward internationalization of the dispute,True,1.5678768157958984,8.587663441896439,0.15801763534545898,0.2741055488586426
465,Arab Republic of Egypt_6_591,Arab Republic of Egypt,Arab Republic of Egypt_5_219,6,Ethiopia perceives Egypt's diplomatic campaign as external interference,True,1.7136851847171783,8.733471810817719,0.07043677568435669,0.21587803959846497
466,Arab Republic of Egypt_6_590,Arab Republic of Egypt,Arab Republic of Egypt_5_219,6,US and EU begin evaluating Egypt's water security concerns,True,1.151025652885437,8.170812278985977,0.4216544032096863,0.4273199439048767
467,Arab Republic of Egypt_5_218,Arab Republic of Egypt,Arab Republic of Egypt_4_60,5,Egypt frames GERD as existential threat in international forums,True,1.682260125875473,7.365358412265778,0.13027802109718323,0.18746185302734375
468,Arab Republic of Egypt_4_59,Arab Republic of Egypt,Arab Republic of Egypt_3_27,4,Egypt intensifies military readiness assessments regarding upstream infrastructure,False,1.321503460407257,5.582345515489578,0.3230918347835541,0.35540470480918884
469,Arab Republic of Egypt_5_189,Arab Republic of Egypt,Arab Republic of Egypt_4_59,5,Sudan recognizes escalating security risks in the regional water dispute,False,1.1284722089767456,6.710817724466324,0.461714506149292,0.4098132848739624
470,Arab Republic of Egypt_6_454,Arab Republic of Egypt,Arab Republic of Egypt_5_189,6,Egypt views Sudan's security concerns as validation of downstream vulnerabilities,True,1.362404316663742,8.073222041130066,0.328139990568161,0.3094556927680969
471,Arab Republic of Egypt_6_453,Arab Republic of Egypt,Arab Republic of Egypt_5_189,6,Egypt anticipates regional military tensions could disrupt diplomatic negotiations,True,1.7013521194458008,8.412169843912125,0.1057499349117279,0.1928979456424713
472,Arab Republic of Egypt_2_11,Arab Republic of Egypt,Arab Republic of Egypt_1_1,2,Egypt views diplomatic channels as increasingly ineffective,False,1.7428561449050903,3.28610523045063,0.0787675678730011,0.17837628722190857
473,Arab Republic of Egypt_3_39,Arab Republic of Egypt,Arab Republic of Egypt_2_11,3,Egypt increases military posturing regarding water security threats,False,1.3721111416816711,4.658216372132301,0.3452754020690918,0.28261345624923706
474,Arab Republic of Egypt_4_103,Arab Republic of Egypt,Arab Republic of Egypt_3_39,4,International community expresses concern over potential armed conflict,False,1.5737390369176865,6.231955409049988,0.21224930882453918,0.21401165425777435
475,Arab Republic of Egypt_5_313,Arab Republic of Egypt,Arab Republic of Egypt_4_103,5,Egypt faces potential isolation if pursuing unilateral action,True,1.6482393592596054,7.880194768309593,0.17583546042442322,0.17592518031597137
476,Arab Republic of Egypt_5_311,Arab Republic of Egypt,Arab Republic of Egypt_4_103,5,Egypt perceives international pressure to de-escalate military threats,True,1.6449005752801895,7.876855984330177,0.18426653742790222,0.17083288729190826
477,Arab Republic of Egypt_4_102,Arab Republic of Egypt,Arab Republic of Egypt_3_39,4,Egypt's military preparations strain national budget resources,False,1.6045308709144592,6.262747243046761,0.18472303450107574,0.21074609458446503
478,Arab Republic of Egypt_5_323,Arab Republic of Egypt,Arab Republic of Egypt_4_102,5,Egypt's economic vulnerability to water crisis deepens,True,1.2225024104118347,7.485249653458595,0.4141106605529785,0.36338692903518677
479,Arab Republic of Egypt_5_322,Arab Republic of Egypt,Arab Republic of Egypt_4_102,5,Egypt seeks external military financing from allied nations,True,1.7071074098348618,7.969854652881622,0.1417224258184433,0.15117016434669495
480,Arab Republic of Egypt_5_321,Arab Republic of Egypt,Arab Republic of Egypt_4_102,5,Egypt reduces funding for domestic development projects,True,1.5990080386400223,7.861755281686783,0.16998861730098724,0.23100334405899048
481,Arab Republic of Egypt_4_101,Arab Republic of Egypt,Arab Republic of Egypt_3_39,4,Regional powers begin diplomatic interventions to prevent conflict,False,1.6058843731880188,6.26410074532032,0.1899493932723999,0.2041662335395813
482,Arab Republic of Egypt_5_326,Arab Republic of Egypt,Arab Republic of Egypt_4_101,5,Egypt's bilateral negotiating leverage with Ethiopia becomes diluted,True,1.514830082654953,7.778930827975273,0.22425612807273865,0.26091378927230835
483,Arab Republic of Egypt_5_325,Arab Republic of Egypt,Arab Republic of Egypt_4_101,5,Arab Republic of Egypt faces pressure to moderate its maximalist positions,True,1.6111877709627151,7.875288516283035,0.20150601863861084,0.187306210398674
484,Arab Republic of Egypt_5_324,Arab Republic of Egypt,Arab Republic of Egypt_4_101,5,Egypt perceives external mediation as legitimizing Ethiopian unilateral actions,True,1.6598654091358185,7.923966154456139,0.13644030690193176,0.20369428396224976
485,Arab Republic of Egypt_4_100,Arab Republic of Egypt,Arab Republic of Egypt_3_39,4,Sudan reassesses its security position given escalating tensions,False,1.6009416729211807,6.259158045053482,0.18818745017051697,0.2108708769083023
486,Arab Republic of Egypt_5_320,Arab Republic of Egypt,Arab Republic of Egypt_4_100,5,Sudan requests international mediation to prevent regional conflict,True,1.531849980354309,7.791008025407791,0.24955491721630096,0.21859510242938995
487,Arab Republic of Egypt_5_318,Arab Republic of Egypt,Arab Republic of Egypt_4_100,5,Sudan explores alternative water agreements excluding Ethiopia,True,1.0464483797550201,7.305606424808502,0.5018188953399658,0.45173272490501404
488,Arab Republic of Egypt_5_317,Arab Republic of Egypt,Arab Republic of Egypt_4_100,5,Sudan seeks closer security coordination with Egypt against Ethiopian actions,True,1.5372964441776276,7.79645448923111,0.20996835827827454,0.2527351975440979
489,Arab Republic of Egypt_4_99,Arab Republic of Egypt,Arab Republic of Egypt_3_39,4,Ethiopia perceives Egypt's military posturing as direct threat,False,1.620607003569603,6.278823375701904,0.17363934218883514,0.2057536542415619
490,Arab Republic of Egypt_5_336,Arab Republic of Egypt,Arab Republic of Egypt_4_99,5,Ethiopia accelerates GERD filling to establish irreversible operational facts,True,1.4952278137207031,7.774051189422607,0.22538670897483826,0.2793854773044586
491,Arab Republic of Egypt_5_335,Arab Republic of Egypt,Arab Republic of Egypt_4_99,5,Ethiopia requests security guarantees from regional or international allies,True,1.2432017922401428,7.522025167942047,0.4186011552810669,0.3381970524787903
492,Arab Republic of Egypt_5_334,Arab Republic of Egypt,Arab Republic of Egypt_4_99,5,Ethiopia seeks military deterrence capabilities against Egyptian threats,True,1.5550144165754318,7.833837792277336,0.22733542323112488,0.2176501601934433
493,Arab Republic of Egypt_3_38,Arab Republic of Egypt,Arab Republic of Egypt_2_11,3,Egypt seeks alternative international forums beyond trilateral negotiations,False,1.6623709872364998,4.94847621768713,0.12158557027578354,0.21604344248771667
494,Arab Republic of Egypt_4_121,Arab Republic of Egypt,Arab Republic of Egypt_3_38,4,Egypt requests World Bank intervention in GERD negotiations,False,1.6173282265663147,6.565804444253445,0.16958767175674438,0.21308410167694092
495,Arab Republic of Egypt_5_416,Arab Republic of Egypt,Arab Republic of Egypt_4_121,5,Egypt escalates dispute beyond African Union framework,True,1.7301360219717026,8.295940466225147,0.09589114785194397,0.17397283017635345
496,Arab Republic of Egypt_5_415,Arab Republic of Egypt,Arab Republic of Egypt_4_121,5,Sudan evaluates its position regarding World Bank involvement,True,1.5118101239204407,8.077614568173885,0.2064712643623352,0.2817186117172241
497,Arab Republic of Egypt_5_414,Arab Republic of Egypt,Arab Republic of Egypt_4_121,5,Ethiopia perceives Egypt's World Bank request as external pressure,True,1.5222285091876984,8.088032953441143,0.20892372727394104,0.2688477635383606
498,Arab Republic of Egypt_4_120,Arab Republic of Egypt,Arab Republic of Egypt_3_38,4,Egypt mobilizes Arab League support against Ethiopian dam operations,False,1.5027237087488174,6.451199926435947,0.21199040114879608,0.2852858901023865
499,Arab Republic of Egypt_5_361,Arab Republic of Egypt,Arab Republic of Egypt_4_120,5,Egypt gains multilateral backing for its water security position,True,1.3842331171035767,7.835433043539524,0.3374714255332947,0.27829545736312866
500,Arab Republic of Egypt_5_360,Arab Republic of Egypt,Arab Republic of Egypt_4_120,5,Regional diplomatic pressure increases on Ethiopia through Arab channels,True,1.5657688230276108,8.016968749463558,0.18970239162445068,0.24452878534793854
501,Arab Republic of Egypt_5_359,Arab Republic of Egypt,Arab Republic of Egypt_4_120,5,Egypt frames the GERD dispute as Arab solidarity issue,True,1.7045862823724747,8.155786208808422,0.13107545673847198,0.16433826088905334
502,Federal Democratic Republic of Ethiopia_0_0,Federal Democratic Republic of Ethiopia,,0,"Ethiopia invokes the principle of 'Equitable and Reasonable Utilization' recognized in customary international law, rejecting the 1929 and 1959 treaties as valid legal basis. Proposes flexible and revisable operational guidelines that do not restrict its future development rights, arguing that a rigid treaty would perpetuate historical inequities. Maintains that flow regulation will benefit the region by stabilizing discharge and reducing floods.",False,,0.0,1.0,0.6263834238052368
503,Federal Democratic Republic of Ethiopia_1_5,Federal Democratic Republic of Ethiopia,Federal Democratic Republic of Ethiopia_0_0,1,Ethiopia retains unilateral control over GERD operations,False,1.39366415143013,1.39366415143013,0.31607428193092346,0.29026156663894653
504,Federal Democratic Republic of Ethiopia_2_20,Federal Democratic Republic of Ethiopia,Federal Democratic Republic of Ethiopia_1_5,2,Ethiopia can respond to domestic energy demands without external approval,False,1.1807642877101898,2.57442843914032,0.4415650963783264,0.37767061591148376
505,Federal Democratic Republic of Ethiopia_3_57,Federal Democratic Republic of Ethiopia,Federal Democratic Republic of Ethiopia_2_20,3,Ethiopia can schedule maintenance without coordinating with downstream countries,False,1.1488348841667175,3.7232633233070374,0.42557796835899353,0.42558714747428894
506,Federal Democratic Republic of Ethiopia_4_200,Federal Democratic Republic of Ethiopia,Federal Democratic Republic of Ethiopia_3_57,4,Ethiopia avoids delays from lengthy consultation processes,True,1.3529973328113556,5.076260656118393,0.3381211757659912,0.3088814914226532
507,Federal Democratic Republic of Ethiopia_4_199,Federal Democratic Republic of Ethiopia,Federal Democratic Republic of Ethiopia_3_57,4,Downstream countries receive no advance warning of flow disruptions,True,1.2585259974002838,4.981789320707321,0.4061072766780853,0.33536672592163086
508,Federal Democratic Republic of Ethiopia_4_198,Federal Democratic Republic of Ethiopia,Federal Democratic Republic of Ethiopia_3_57,4,Ethiopia can optimize maintenance timing for maximum operational efficiency,True,1.3625199496746063,5.085783272981644,0.28896042704582214,0.34851962327957153
509,Federal Democratic Republic of Ethiopia_3_56,Federal Democratic Republic of Ethiopia,Federal Democratic Republic of Ethiopia_2_20,3,Ethiopia can operate GERD turbines at maximum capacity when needed,False,1.4046475887298584,3.9790760278701782,0.28105902671813965,0.31429338455200195
510,Federal Democratic Republic of Ethiopia_4_306,Federal Democratic Republic of Ethiopia,Federal Democratic Republic of Ethiopia_3_56,4,Ethiopia demonstrates operational sovereignty over its hydroelectric infrastructure,True,0.9932697415351868,4.972345769405365,0.49456268548965454,0.5121675729751587
511,Federal Democratic Republic of Ethiopia_4_305,Federal Democratic Republic of Ethiopia,Federal Democratic Republic of Ethiopia_3_56,4,Ethiopia reduces reservoir water levels during peak turbine operation,True,1.1417065262794495,5.120782554149628,0.3949165344238281,0.4633769392967224
512,Federal Democratic Republic of Ethiopia_3_55,Federal Democratic Republic of Ethiopia,Federal Democratic Republic of Ethiopia_2_20,3,Ethiopia can prioritize reservoir filling during drought periods,False,0.949816107749939,3.524244546890259,0.4494919180870056,0.6006919741630554
513,Federal Democratic Republic of Ethiopia_4_162,Federal Democratic Republic of Ethiopia,Federal Democratic Republic of Ethiopia_3_55,4,Ethiopia maximizes hydroelectric generation potential during subsequent high-flow periods,False,1.1098538041114807,4.6340983510017395,0.4221140742301941,0.4680321216583252
514,Federal Democratic Republic of Ethiopia_5_526,Federal Democratic Republic of Ethiopia,Federal Democratic Republic of Ethiopia_4_162,5,Ethiopia demonstrates GERD's full operational capacity to regional stakeholders,True,1.3762621581554413,6.010360509157181,0.3047432005405426,0.3189946413040161
515,Federal Democratic Republic of Ethiopia_5_525,Federal Democratic Republic of Ethiopia,Federal Democratic Republic of Ethiopia_4_162,5,Ethiopia achieves optimal turbine efficiency through controlled high-volume water releases,True,1.181497722864151,5.8155960738658905,0.41032081842422485,0.40818145871162415
516,Federal Democratic Republic of Ethiopia_4_161,Federal Democratic Republic of Ethiopia,Federal Democratic Republic of Ethiopia_3_55,4,Ethiopia accelerates reservoir capacity utilization for strategic water storage,True,1.1459236443042755,4.670168191194534,0.38146185874938965,0.47261449694633484
517,Federal Democratic Republic of Ethiopia_4_160,Federal Democratic Republic of Ethiopia,Federal Democratic Republic of Ethiopia_3_55,4,Ethiopia reduces downstream water flow during critical periods,False,0.9798990488052368,4.504143595695496,0.497134804725647,0.5229661464691162
518,Federal Democratic Republic of Ethiopia_5_469,Federal Democratic Republic of Ethiopia,Federal Democratic Republic of Ethiopia_4_160,5,Regional water conflict escalates to crisis level,True,1.2987579107284546,5.80290150642395,0.3375164568424225,0.3637256324291229
519,Federal Democratic Republic of Ethiopia_5_467,Federal Democratic Republic of Ethiopia,Federal Democratic Republic of Ethiopia_4_160,5,Downstream communities experience acute water shortages,True,1.178391844034195,5.6825354397296906,0.3740927278995514,0.44751542806625366
520,Federal Democratic Republic of Ethiopia_5_466,Federal Democratic Republic of Ethiopia,Federal Democratic Republic of Ethiopia_4_160,5,Sudan's hydroelectric facilities face operational disruption,True,1.2190792262554169,5.7232228219509125,0.30623048543930054,0.4746902883052826
521,Federal Democratic Republic of Ethiopia_5_465,Federal Democratic Republic of Ethiopia,Federal Democratic Republic of Ethiopia_4_160,5,Egypt's agricultural irrigation capacity becomes severely constrained,True,1.300586760044098,5.8047303557395935,0.2760946750640869,0.4233185648918152
522,Federal Democratic Republic of Ethiopia_3_54,Federal Democratic Republic of Ethiopia,Federal Democratic Republic of Ethiopia_2_20,3,Ethiopia can adjust GERD water releases based on electricity demand,False,1.0195010900497437,3.5939295291900635,0.4851202070713043,0.495378702878952
523,Federal Democratic Republic of Ethiopia_4_173,Federal Democratic Republic of Ethiopia,Federal Democratic Republic of Ethiopia_3_54,4,Ethiopia can maximize revenue from electricity sales through demand-responsive operations,True,1.391922116279602,4.9858516454696655,0.34840333461761475,0.2596745491027832
524,Federal Democratic Republic of Ethiopia_4_172,Federal Democratic Republic of Ethiopia,Federal Democratic Republic of Ethiopia_3_54,4,Ethiopia's electricity production becomes decoupled from downstream water needs,False,1.0823341310024261,4.67626366019249,0.47796788811683655,0.4396979808807373
525,Federal Democratic Republic of Ethiopia_5_560,Federal Democratic Republic of Ethiopia,Federal Democratic Republic of Ethiopia_4_172,5,Ethiopia operates GERD independently of downstream seasonal agricultural cycles,True,1.3599903285503387,6.036253988742828,0.29900261759757996,0.3410070538520813
526,Federal Democratic Republic of Ethiopia_4_171,Federal Democratic Republic of Ethiopia,Federal Democratic Republic of Ethiopia_3_54,4,Ethiopia can reduce water releases during low electricity demand periods,False,1.052032470703125,4.6459619998931885,0.4752267003059387,0.4727408289909363
527,Federal Democratic Republic of Ethiopia_5_538,Federal Democratic Republic of Ethiopia,Federal Democratic Republic of Ethiopia_4_171,5,Sudan and Egypt receive reduced water supply during Ethiopian low demand periods,True,1.2027997970581055,5.848761796951294,0.39405691623687744,0.4031432867050171
528,Federal Democratic Republic of Ethiopia_5_536,Federal Democratic Republic of Ethiopia,Federal Democratic Republic of Ethiopia_4_171,5,Downstream water flow becomes more variable and unpredictable,True,1.1316892802715302,5.777651280164719,0.42046302556991577,0.4478476941585541
529,Federal Democratic Republic of Ethiopia_5_535,Federal Democratic Republic of Ethiopia,Federal Democratic Republic of Ethiopia_4_171,5,Ethiopia can store more water in GERD reservoir during low demand periods,True,1.2181903421878815,5.86415234208107,0.34676888585090637,0.43504077196121216
530,Federal Democratic Republic of Ethiopia_4_170,Federal Democratic Republic of Ethiopia,Federal Democratic Republic of Ethiopia_3_54,4,Ethiopia can prioritize peak electricity generation during high-demand periods,True,1.3482705950737,4.942200124263763,0.32723569869995117,0.3244937062263489
531,Federal Democratic Republic of Ethiopia_2_19,Federal Democratic Republic of Ethiopia,Federal Democratic Republic of Ethiopia_1_5,2,Ethiopia maintains sovereign decision-making over water release timing,False,0.9512614011764526,2.3449255526065826,0.5427289605140686,0.5060096383094788
532,Federal Democratic Republic of Ethiopia_3_53,Federal Democratic Republic of Ethiopia,Federal Democratic Republic of Ethiopia_2_19,3,Ethiopia determines drought response measures without external consultation,False,1.010547786951065,3.3554733395576477,0.4408094584941864,0.5486427545547485
533,Federal Democratic Republic of Ethiopia_4_153,Federal Democratic Republic of Ethiopia,Federal Democratic Republic of Ethiopia_3_53,4,Ethiopia withholds critical hydrological data from Egypt and Sudan,False,1.321234941482544,4.676708281040192,0.3305661976337433,0.34819886088371277
534,Federal Democratic Republic of Ethiopia_5_564,Federal Democratic Republic of Ethiopia,Federal Democratic Republic of Ethiopia_4_153,5,Egypt lacks data for reservoir management decisions,True,1.2636950314044952,5.940403312444687,0.3277808427810669,0.40852412581443787
535,Federal Democratic Republic of Ethiopia_5_563,Federal Democratic Republic of Ethiopia,Federal Democratic Republic of Ethiopia_4_153,5,Sudan cannot coordinate dam operations with Ethiopian releases,True,1.1041697263717651,5.780878007411957,0.38967037200927734,0.5061599016189575
536,Federal Democratic Republic of Ethiopia_5_562,Federal Democratic Republic of Ethiopia,Federal Democratic Republic of Ethiopia_4_153,5,Ethiopia prevents downstream countries from planning agricultural cycles,True,1.1027042269706726,5.779412508010864,0.4500422477722168,0.4472535252571106
537,Federal Democratic Republic of Ethiopia_5_561,Federal Democratic Republic of Ethiopia,Federal Democratic Republic of Ethiopia_4_153,5,Egypt and Sudan cannot predict downstream water availability,True,1.2231825590133667,5.899890840053558,0.3788221478462219,0.3979952931404114
538,Federal Democratic Republic of Ethiopia_4_152,Federal Democratic Republic of Ethiopia,Federal Democratic Republic of Ethiopia_3_53,4,Ethiopia implements drought measures based solely on national economic interests,False,1.1090289950370789,4.464502334594727,0.4257160425186157,0.4652549624443054
539,Federal Democratic Republic of Ethiopia_5_458,Federal Democratic Republic of Ethiopia,Federal Democratic Republic of Ethiopia_4_152,5,Ethiopia maximizes revenue generation from electricity exports during water scarcity,True,1.2448633313179016,5.709365665912628,0.40866371989250183,0.34647294878959656
540,Federal Democratic Republic of Ethiopia_5_457,Federal Democratic Republic of Ethiopia,Federal Democratic Republic of Ethiopia_4_152,5,Ethiopia's drought protocols exclude Egyptian and Sudanese water requirements,True,1.0820459127426147,5.546548247337341,0.44450122117996216,0.4734528660774231
541,Federal Democratic Republic of Ethiopia_5_456,Federal Democratic Republic of Ethiopia,Federal Democratic Republic of Ethiopia_4_152,5,Ethiopia reduces reservoir outflows to maintain optimal turbine operations,True,1.096689522266388,5.5611918568611145,0.44877946376800537,0.4545310139656067
542,Federal Democratic Republic of Ethiopia_3_52,Federal Democratic Republic of Ethiopia,Federal Democratic Republic of Ethiopia_2_19,3,Ethiopia avoids binding commitments on minimum flow guarantees,False,1.0824050903320312,3.427330642938614,0.4939008355140686,0.42369407415390015
543,Federal Democratic Republic of Ethiopia_4_156,Federal Democratic Republic of Ethiopia,Federal Democratic Republic of Ethiopia_3_52,4,Ethiopia avoids legal liability for downstream water shortages,False,1.0304706990718842,4.457801342010498,0.5356708765029907,0.4338584244251251
544,Federal Democratic Republic of Ethiopia_5_454,Federal Democratic Republic of Ethiopia,Federal Democratic Republic of Ethiopia_4_156,5,Ethiopia maintains domestic control over water infrastructure investments,True,0.9390579462051392,5.396859288215637,0.501301646232605,0.5596404075622559
545,Federal Democratic Republic of Ethiopia_5_453,Federal Democratic Republic of Ethiopia,Federal Democratic Republic of Ethiopia_4_156,5,Ethiopia reduces international legal precedent constraining dam operations,True,0.9249061346054077,5.382707476615906,0.5348944664001465,0.5401993989944458
546,Federal Democratic Republic of Ethiopia_4_155,Federal Democratic Republic of Ethiopia,Federal Democratic Republic of Ethiopia_3_52,4,Ethiopia maintains negotiating leverage in future water agreements,False,1.1282155811786652,4.555546224117279,0.415608286857605,0.45617613196372986
547,Federal Democratic Republic of Ethiopia_5_490,Federal Democratic Republic of Ethiopia,Federal Democratic Republic of Ethiopia_4_155,5,Ethiopia strengthens its position against downstream pressure tactics,True,1.3976567387580872,5.953202962875366,0.32255470752716064,0.2797885537147522
548,Federal Democratic Republic of Ethiopia_5_489,Federal Democratic Republic of Ethiopia,Federal Democratic Republic of Ethiopia_4_155,5,Ethiopia preserves its ability to reject unfavorable proposals,True,1.4105421155691147,5.966088339686394,0.3684234321117401,0.2210344523191452
549,Federal Democratic Republic of Ethiopia_5_488,Federal Democratic Republic of Ethiopia,Federal Democratic Republic of Ethiopia_4_155,5,Ethiopia can demand more favorable terms in subsequent negotiations,True,1.3657827377319336,5.921328961849213,0.36770421266555786,0.26651304960250854
550,Federal Democratic Republic of Ethiopia_4_154,Federal Democratic Republic of Ethiopia,Federal Democratic Republic of Ethiopia_3_52,4,Ethiopia preserves flexibility to prioritize electricity generation during droughts,False,1.069751262664795,4.497081905603409,0.447174608707428,0.4830741286277771
551,Federal Democratic Republic of Ethiopia_5_464,Federal Democratic Republic of Ethiopia,Federal Democratic Republic of Ethiopia_4_154,5,Ethiopia avoids external constraints on dam filling schedules,True,0.9374238550662994,5.434505760669708,0.49582740664482117,0.5667487382888794
552,Federal Democratic Republic of Ethiopia_5_462,Federal Democratic Republic of Ethiopia,Federal Democratic Republic of Ethiopia_4_154,5,Ethiopia can reduce water releases during drought periods,True,1.0595794320106506,5.5566613376140594,0.4087764620780945,0.5316441059112549
553,Federal Democratic Republic of Ethiopia_2_18,Federal Democratic Republic of Ethiopia,Federal Democratic Republic of Ethiopia_1_5,2,Ethiopia avoids binding commitments that constrain future dam projects,False,0.9470105767250061,2.340674728155136,0.5035050511360168,0.549484372138977
554,Federal Democratic Republic of Ethiopia_3_50,Federal Democratic Republic of Ethiopia,Federal Democratic Republic of Ethiopia_2_18,3,Ethiopia avoids legal precedents limiting upstream infrastructure rights,False,0.8883377909660339,3.22901251912117,0.6039988994598389,0.5076633095741272
555,Federal Democratic Republic of Ethiopia_4_141,Federal Democratic Republic of Ethiopia,Federal Democratic Republic of Ethiopia_3_50,4,Ethiopia prevents establishment of downstream veto power over upstream projects,False,1.0473445057868958,4.276357024908066,0.527169942855835,0.4254855513572693
556,Federal Democratic Republic of Ethiopia_5_408,Federal Democratic Republic of Ethiopia,Federal Democratic Republic of Ethiopia_4_141,5,Ethiopia blocks codification of downstream consultation requirements,True,0.9911277294158936,5.267484754323959,0.5391411781311035,0.46973109245300293
557,Federal Democratic Republic of Ethiopia_4_139,Federal Democratic Republic of Ethiopia,Federal Democratic Republic of Ethiopia_3_50,4,Ethiopia preserves flexibility for future upstream water infrastructure projects,False,0.8635169267654419,4.092529445886612,0.5725414752960205,0.5639415979385376
558,Federal Democratic Republic of Ethiopia_5_357,Federal Democratic Republic of Ethiopia,Federal Democratic Republic of Ethiopia_4_139,5,Ethiopia preserves rights to construct additional dams without consultation,True,0.9880786836147308,5.080608129501343,0.48093023896217346,0.5309910774230957
559,Federal Democratic Republic of Ethiopia_5_356,Federal Democratic Republic of Ethiopia,Federal Democratic Republic of Ethiopia_4_139,5,Ethiopia avoids international oversight of upstream water development,True,0.9604787826538086,5.0530082285404205,0.555573582649231,0.48394763469696045
560,Federal Democratic Republic of Ethiopia_3_49,Federal Democratic Republic of Ethiopia,Federal Democratic Republic of Ethiopia_2_18,3,Ethiopia maintains sovereign control over water resource development decisions,False,0.8991513848304749,3.239826112985611,0.5516234040260315,0.5492252111434937
561,Federal Democratic Republic of Ethiopia_4_144,Federal Democratic Republic of Ethiopia,Federal Democratic Republic of Ethiopia_3_49,4,Ethiopia determines GERD operational parameters without downstream consultation requirements,False,1.1650942862033844,4.404920399188995,0.41887855529785156,0.41602715849876404
562,Federal Democratic Republic of Ethiopia_5_444,Federal Democratic Republic of Ethiopia,Federal Democratic Republic of Ethiopia_4_144,5,Ethiopia prioritizes reservoir filling schedules based on domestic energy demands,True,1.1015623807907104,5.506482779979706,0.4344120919704437,0.4640255272388458
563,Federal Democratic Republic of Ethiopia_5_443,Federal Democratic Republic of Ethiopia,Federal Democratic Republic of Ethiopia_4_144,5,Ethiopia implements operational changes without advance notification to downstream countries,True,1.2292308807373047,5.6341512799263,0.38651734590530396,0.38425177335739136
564,Federal Democratic Republic of Ethiopia_4_143,Federal Democratic Republic of Ethiopia,Federal Democratic Republic of Ethiopia_3_49,4,Ethiopia sets water release schedules based on domestic priorities,True,0.9862145185470581,4.226040631532669,0.5186638832092285,0.4951215982437134
565,Federal Democratic Republic of Ethiopia_4_142,Federal Democratic Republic of Ethiopia,Federal Democratic Republic of Ethiopia_3_49,4,Ethiopia can proceed with additional Blue Nile basin projects without external approval,False,1.1842914819717407,4.424117594957352,0.41459161043167114,0.40111690759658813
566,Federal Democratic Republic of Ethiopia_5_446,Federal Democratic Republic of Ethiopia,Federal Democratic Republic of Ethiopia_4_142,5,Ethiopia develops additional water storage infrastructure upstream,True,1.0611729323863983,5.48529052734375,0.4249047338962555,0.5139223337173462
567,Federal Democratic Republic of Ethiopia_5_445,Federal Democratic Republic of Ethiopia,Federal Democratic Republic of Ethiopia_4_142,5,Ethiopia expands its hydroelectric generation capacity beyond GERD,True,1.3085051476955414,5.732622742652893,0.3091849386692047,0.3823099136352539
568,Federal Democratic Republic of Ethiopia_3_48,Federal Democratic Republic of Ethiopia,Federal Democratic Republic of Ethiopia_2_18,3,Ethiopia preserves flexibility for additional Blue Nile basin projects,False,1.1158663034439087,3.456541031599045,0.4602811336517334,0.4238525629043579
569,Federal Democratic Republic of Ethiopia_4_159,Federal Democratic Republic of Ethiopia,Federal Democratic Republic of Ethiopia_3_48,4,Ethiopia retains sovereign control over Blue Nile tributaries,False,1.1691026389598846,4.625643670558929,0.4189072549343109,0.41199010610580444
570,Federal Democratic Republic of Ethiopia_5_517,Federal Democratic Republic of Ethiopia,Federal Democratic Republic of Ethiopia_4_159,5,Ethiopia determines tributary flow timing independently,True,1.0296903252601624,5.655333995819092,0.45858126878738403,0.5117284059524536
571,Federal Democratic Republic of Ethiopia_5_516,Federal Democratic Republic of Ethiopia,Federal Democratic Republic of Ethiopia_4_159,5,Ethiopia controls water allocation from Blue Nile sub-basins,True,0.933769941329956,5.5594136118888855,0.5314017534255981,0.5348283052444458
572,Federal Democratic Republic of Ethiopia_5_515,Federal Democratic Republic of Ethiopia,Federal Democratic Republic of Ethiopia_4_159,5,Ethiopia can develop tributary dams without downstream consultation,True,0.9375804960727692,5.563224166631699,0.48962363600730896,0.5727958679199219
573,Federal Democratic Republic of Ethiopia_4_158,Federal Democratic Republic of Ethiopia,Federal Democratic Republic of Ethiopia_3_48,4,Ethiopia can pursue cascade dam development without prior consent,False,0.9842749536037445,4.440815985202789,0.4594826400279999,0.5562424063682556
574,Federal Democratic Republic of Ethiopia_5_451,Federal Democratic Republic of Ethiopia,Federal Democratic Republic of Ethiopia_4_158,5,Ethiopia reduces dependency on international financing for water projects,True,1.0461032092571259,5.486919194459915,0.4925662577152252,0.4613305330276489
575,Federal Democratic Republic of Ethiopia_5_449,Federal Democratic Republic of Ethiopia,Federal Democratic Republic of Ethiopia_4_158,5,Ethiopia maximizes Blue Nile water capture and storage capacity,True,1.2686716318130493,5.709487617015839,0.3519962430000305,0.37933212518692017
576,Federal Democratic Republic of Ethiopia_2_17,Federal Democratic Republic of Ethiopia,Federal Democratic Republic of Ethiopia_1_5,2,Ethiopia can optimize GERD operations for maximum electricity generation,False,1.394594669342041,2.788258820772171,0.30148637294769287,0.3039189577102661
577,Federal Democratic Republic of Ethiopia_3_88,Federal Democratic Republic of Ethiopia,Federal Democratic Republic of Ethiopia_2_17,3,Ethiopia generates maximum revenue from electricity exports,False,1.5460025370121002,4.334261357784271,0.27773797512054443,0.17625948786735535
578,Federal Democratic Republic of Ethiopia_4_430,Federal Democratic Republic of Ethiopia,Federal Democratic Republic of Ethiopia_3_88,4,Ethiopia accelerates domestic electrification using export revenues,True,1.4698711335659027,5.804132491350174,0.31042221188545227,0.21970665454864502
579,Federal Democratic Republic of Ethiopia_4_429,Federal Democratic Republic of Ethiopia,Federal Democratic Republic of Ethiopia_3_88,4,Ethiopia strengthens its regional economic influence through energy exports,True,1.4809946417808533,5.8152559995651245,0.28370755910873413,0.2352977991104126
580,Federal Democratic Republic of Ethiopia_4_428,Federal Democratic Republic of Ethiopia,Federal Democratic Republic of Ethiopia_3_88,4,Ethiopia attracts increased foreign direct investment in energy sector,True,1.524161458015442,5.858422815799713,0.2702150344848633,0.20562350749969482
581,Federal Democratic Republic of Ethiopia_4_427,Federal Democratic Republic of Ethiopia,Federal Democratic Republic of Ethiopia_3_88,4,Ethiopia reduces dependence on foreign currency for energy imports,True,1.3935941755771637,5.727855533361435,0.3576415777206421,0.2487642467021942
582,Federal Democratic Republic of Ethiopia_3_87,Federal Democratic Republic of Ethiopia,Federal Democratic Republic of Ethiopia_2_17,3,Ethiopia prioritizes turbine operations over downstream flow consistency,False,1.078935980796814,3.867194801568985,0.46781957149505615,0.4532444477081299
583,Federal Democratic Republic of Ethiopia_4_260,Federal Democratic Republic of Ethiopia,Federal Democratic Republic of Ethiopia_3_87,4,Ethiopia's electricity production becomes less predictable for downstream countries,True,1.2031759917736053,5.07037079334259,0.41911622881889343,0.3777077794075012
584,Federal Democratic Republic of Ethiopia_4_259,Federal Democratic Republic of Ethiopia,Federal Democratic Republic of Ethiopia_3_87,4,Ethiopia maximizes reservoir water retention for power generation,True,1.1721709966659546,5.03936579823494,0.3797978162765503,0.4480311870574951
585,Federal Democratic Republic of Ethiopia_3_86,Federal Democratic Republic of Ethiopia,Federal Democratic Republic of Ethiopia_2_17,3,Ethiopia maximizes water retention during peak inflow periods,False,1.1751397550106049,3.963398575782776,0.3805452883243561,0.44431495666503906
586,Federal Democratic Republic of Ethiopia_4_292,Federal Democratic Republic of Ethiopia,Federal Democratic Republic of Ethiopia_3_86,4,Ethiopia builds strategic water reserves for dry season operations,True,1.148322969675064,5.11172154545784,0.39911016821861267,0.45256686210632324
587,Federal Democratic Republic of Ethiopia_4_290,Federal Democratic Republic of Ethiopia,Federal Democratic Republic of Ethiopia_3_86,4,Ethiopia increases hydroelectric power generation capacity during rainy season,True,1.2919450104236603,5.255343586206436,0.31317150592803955,0.39488348364830017
588,Federal Democratic Republic of Ethiopia_1_4,Federal Democratic Republic of Ethiopia,Federal Democratic Republic of Ethiopia_0_0,1,Colonial-era water allocation treaties lose practical enforcement power,False,0.7929021120071411,0.7929021120071411,0.6518844962120056,0.5552133917808533
589,Federal Democratic Republic of Ethiopia_2_9,Federal Democratic Republic of Ethiopia,Federal Democratic Republic of Ethiopia_1_4,2,International arbitration mechanisms lack binding treaty foundation for water disputes,False,1.095385879278183,1.888287991285324,0.5055776834487915,0.3990364372730255
590,Federal Democratic Republic of Ethiopia_3_33,Federal Democratic Republic of Ethiopia,Federal Democratic Republic of Ethiopia_2_9,3,Legal enforcement of downstream water rights becomes practically impossible,False,0.9874039888381958,2.87569198012352,0.5190907716751099,0.49350523948669434
591,Federal Democratic Republic of Ethiopia_4_97,Federal Democratic Republic of Ethiopia,Federal Democratic Republic of Ethiopia_3_33,4,Water allocation becomes subject to Ethiopia's domestic policy priorities,False,0.822481632232666,3.698173612356186,0.6045575737953186,0.5729607939720154
592,Federal Democratic Republic of Ethiopia_5_194,Federal Democratic Republic of Ethiopia,Federal Democratic Republic of Ethiopia_4_97,5,Ethiopian water policy reflects national sovereignty rather than riparian cooperation,False,0.8596615791320801,4.557835191488266,0.6242806911468506,0.5160577297210693
593,Federal Democratic Republic of Ethiopia_6_493,Federal Democratic Republic of Ethiopia,Federal Democratic Republic of Ethiopia_5_194,6,Ethiopian dam operations follow unilateral technical assessments rather than trilateral agreements,True,0.9037528038024902,5.461587995290756,0.5209195613861084,0.5753276348114014
594,Federal Democratic Republic of Ethiopia_6_492,Federal Democratic Republic of Ethiopia,Federal Democratic Republic of Ethiopia_5_194,6,Federal Democratic Republic of Ethiopia rejects external constraints on GERD operational decisions,True,1.1702759563922882,5.728111147880554,0.45457723736763,0.3751468062400818
595,Federal Democratic Republic of Ethiopia_5_193,Federal Democratic Republic of Ethiopia,Federal Democratic Republic of Ethiopia_4_97,5,Domestic energy development projects receive precedence over regional water agreements,False,0.9316510260105133,4.629824638366699,0.5948992967605591,0.4734496772289276
596,Federal Democratic Republic of Ethiopia_6_520,Federal Democratic Republic of Ethiopia,Federal Democratic Republic of Ethiopia_5_193,6,Ethiopia's energy export potential becomes primary determinant of dam operations,True,1.065720796585083,5.695545434951782,0.42680734395980835,0.5074718594551086
597,Federal Democratic Republic of Ethiopia_6_519,Federal Democratic Republic of Ethiopia,Federal Democratic Republic of Ethiopia_5_193,6,Regional water cooperation frameworks lose binding authority over Ethiopian infrastructure decisions,True,0.7072877883911133,5.3371124267578125,0.6388816833496094,0.6538305282592773
598,Federal Democratic Republic of Ethiopia_6_518,Federal Democratic Republic of Ethiopia,Federal Democratic Republic of Ethiopia_5_193,6,Ethiopia's hydroelectric capacity expansion accelerates without downstream consultation requirements,True,1.1910750567913055,5.820899695158005,0.380442351102829,0.4284825921058655
599,Federal Democratic Republic of Ethiopia_4_96,Federal Democratic Republic of Ethiopia,Federal Democratic Republic of Ethiopia_3_33,4,Downstream countries must rely on diplomatic pressure rather than legal remedies,False,1.2439281046390533,4.119620084762573,0.4618353843688965,0.29423651099205017
600,Federal Democratic Republic of Ethiopia_5_364,Federal Democratic Republic of Ethiopia,Federal Democratic Republic of Ethiopia_4_96,5,International donor pressure on Ethiopian development projects intensifies,True,1.3533701598644257,5.472990244626999,0.3358526825904846,0.3107771575450897
601,Federal Democratic Republic of Ethiopia_5_363,Federal Democratic Republic of Ethiopia,Federal Democratic Republic of Ethiopia_4_96,5,Downstream countries form strategic alliances against Ethiopian water policies,True,0.9507713317871094,5.070391416549683,0.5585513114929199,0.4906773567199707
602,Federal Democratic Republic of Ethiopia_5_362,Federal Democratic Republic of Ethiopia,Federal Democratic Republic of Ethiopia_4_96,5,Regional military tensions increase over water infrastructure control,True,1.1087960600852966,5.22841614484787,0.3986762762069702,0.49252766370773315
603,Federal Democratic Republic of Ethiopia_4_95,Federal Democratic Republic of Ethiopia,Federal Democratic Republic of Ethiopia_3_33,4,Ethiopia gains unilateral discretion over Blue Nile flow management,False,1.1230000853538513,3.998692065477371,0.494667649269104,0.3823322653770447
604,Federal Democratic Republic of Ethiopia_5_322,Federal Democratic Republic of Ethiopia,Federal Democratic Republic of Ethiopia_4_95,5,Federal Democratic Republic of Ethiopia sets water release protocols during drought periods,True,0.8174077868461609,4.816099852323532,0.5361388325691223,0.6464533805847168
605,Federal Democratic Republic of Ethiopia_5_321,Federal Democratic Republic of Ethiopia,Federal Democratic Republic of Ethiopia_4_95,5,Ethiopia determines GERD reservoir filling schedules without external approval,True,1.02968168258667,5.028373748064041,0.4505265951156616,0.5197917222976685
606,Federal Democratic Republic of Ethiopia_5_320,Federal Democratic Republic of Ethiopia,Federal Democratic Republic of Ethiopia_4_95,5,Federal Democratic Republic of Ethiopia controls timing of Blue Nile seasonal flows,True,1.092595487833023,5.091287553310394,0.4279952347278595,0.47940927743911743
607,Federal Democratic Republic of Ethiopia_3_32,Federal Democratic Republic of Ethiopia,Federal Democratic Republic of Ethiopia_2_9,3,Ethiopia retains unilateral discretion over dam operational decisions,False,1.035921335220337,2.924209326505661,0.49215322732925415,0.47192543745040894
608,Federal Democratic Republic of Ethiopia_4_107,Federal Democratic Republic of Ethiopia,Federal Democratic Republic of Ethiopia_3_32,4,Ethiopia's dam management decisions become immune to external legal challenge,False,0.9854359030723572,3.909645229578018,0.5325639247894287,0.4820001721382141
609,Federal Democratic Republic of Ethiopia_5_282,Federal Democratic Republic of Ethiopia,Federal Democratic Republic of Ethiopia_4_107,5,Ethiopia's development projects face reduced international legal constraints,True,1.016791820526123,4.926437050104141,0.5354636311531067,0.44774454832077026
610,Federal Democratic Republic of Ethiopia_5_281,Federal Democratic Republic of Ethiopia,Federal Democratic Republic of Ethiopia_4_107,5,Downstream countries lose legal recourse for water grievances,True,1.0163230299949646,4.925968259572983,0.5808664560317993,0.4028105139732361
611,Federal Democratic Republic of Ethiopia_4_106,Federal Democratic Republic of Ethiopia,Federal Democratic Republic of Ethiopia_3_32,4,Sudan and Egypt cannot legally compel Ethiopia to modify dam operations,False,1.1157649159431458,4.039974242448807,0.42696613073349,0.45726895332336426
612,Federal Democratic Republic of Ethiopia_5_332,Federal Democratic Republic of Ethiopia,Federal Democratic Republic of Ethiopia_4_106,5,Ethiopia's dam operations become subject to domestic priorities only,True,0.9410944581031799,4.981068700551987,0.5236783623695374,0.5352271795272827
613,Federal Democratic Republic of Ethiopia_5_331,Federal Democratic Republic of Ethiopia,Federal Democratic Republic of Ethiopia_4_106,5,Downstream countries must pursue non-legal pressure mechanisms,True,0.9617838859558105,5.001758128404617,0.6093416810035706,0.4288744330406189
614,Federal Democratic Republic of Ethiopia_5_330,Federal Democratic Republic of Ethiopia,Federal Democratic Republic of Ethiopia_4_106,5,Ethiopia gains operational autonomy over GERD water releases,True,1.1287863850593567,5.1687606275081635,0.4609532952308655,0.41026031970977783
615,Federal Democratic Republic of Ethiopia_3_31,Federal Democratic Republic of Ethiopia,Federal Democratic Republic of Ethiopia_2_9,3,Disputes must be resolved through direct bilateral or trilateral negotiations,False,1.3077001571655273,3.1959881484508514,0.37856823205947876,0.3137316107749939
616,Federal Democratic Republic of Ethiopia_4_135,Federal Democratic Republic of Ethiopia,Federal Democratic Republic of Ethiopia_3_31,4,Technical discussions become primary diplomatic channel for water management,False,0.9272065162658691,4.123194664716721,0.514126181602478,0.5586673021316528
617,Federal Democratic Republic of Ethiopia_5_367,Federal Democratic Republic of Ethiopia,Federal Democratic Republic of Ethiopia_4_135,5,Downstream countries must engage on Ethiopia's technical terms,True,1.0333955883979797,5.1565902531147,0.4869021773338318,0.4797022342681885
618,Federal Democratic Republic of Ethiopia_5_366,Federal Democratic Republic of Ethiopia,Federal Democratic Republic of Ethiopia_4_135,5,Water management expertise becomes prerequisite for diplomatic participation,True,0.9591962695121765,5.082390934228897,0.5324883460998535,0.50831538438797
619,Federal Democratic Republic of Ethiopia_5_365,Federal Democratic Republic of Ethiopia,Federal Democratic Republic of Ethiopia_4_135,5,Ethiopia gains greater control over negotiation agenda and timeline,True,1.336613416671753,5.4598080813884735,0.310721218585968,0.35266536474227905
620,Federal Democratic Republic of Ethiopia_4_134,Federal Democratic Republic of Ethiopia,Federal Democratic Republic of Ethiopia_3_31,4,Downstream countries must engage without external enforcement mechanisms,False,0.9709608852863312,4.166949033737183,0.5676925182342529,0.4613465964794159
621,Federal Democratic Republic of Ethiopia_5_379,Federal Democratic Republic of Ethiopia,Federal Democratic Republic of Ethiopia_4_134,5,Bilateral pressure tactics become primary diplomatic tools,True,1.4896748960018158,5.656623929738998,0.299356073141098,0.21096903085708618
622,Federal Democratic Republic of Ethiopia_5_378,Federal Democratic Republic of Ethiopia,Federal Democratic Republic of Ethiopia_4_134,5,Downstream countries accept Ethiopia's operational parameters as starting point,True,1.0245990455150604,5.191548079252243,0.5322091579437256,0.443191796541214
623,Federal Democratic Republic of Ethiopia_5_377,Federal Democratic Republic of Ethiopia,Federal Democratic Republic of Ethiopia_4_134,5,Egypt and Sudan negotiate from positions of reduced leverage,True,1.5816939175128937,5.748642951250076,0.238621786236763,0.17968429625034332
624,Federal Democratic Republic of Ethiopia_4_133,Federal Democratic Republic of Ethiopia,Federal Democratic Republic of Ethiopia_3_31,4,Ethiopia gains stronger negotiating position through dam's operational status,False,1.2807752192020416,4.476763367652893,0.32229626178741455,0.3969285190105438
625,Federal Democratic Republic of Ethiopia_5_461,Federal Democratic Republic of Ethiopia,Federal Democratic Republic of Ethiopia_4_133,5,Ethiopia controls timing and pace of any future agreements,True,1.1865510940551758,5.663314461708069,0.37094613909721375,0.4425027668476105
626,Federal Democratic Republic of Ethiopia_5_460,Federal Democratic Republic of Ethiopia,Federal Democratic Republic of Ethiopia_4_133,5,Downstream countries must accept Ethiopia's operational terms or face uncertainty,True,1.00527822971344,5.482041597366333,0.5143170356750488,0.48040473461151123
627,Federal Democratic Republic of Ethiopia_5_459,Federal Democratic Republic of Ethiopia,Federal Democratic Republic of Ethiopia_4_133,5,Ethiopia can credibly threaten water flow disruption during negotiations,True,1.0133768022060394,5.4901401698589325,0.4565625488758087,0.5300606489181519
628,Federal Democratic Republic of Ethiopia_2_8,Federal Democratic Republic of Ethiopia,Federal Democratic Republic of Ethiopia_1_4,2,Federal Democratic Republic of Ethiopia gains legal space for unilateral dam operations,False,1.0390677452087402,1.8319698572158813,0.48550957441329956,0.4754226803779602
629,Federal Democratic Republic of Ethiopia_3_27,Federal Democratic Republic of Ethiopia,Federal Democratic Republic of Ethiopia_2_8,3,International arbitration mechanisms lose binding authority over Ethiopian operations,False,1.1893227100372314,3.021292567253113,0.4997795522212982,0.31089773774147034
630,Federal Democratic Republic of Ethiopia_4_125,Federal Democratic Republic of Ethiopia,Federal Democratic Republic of Ethiopia_3_27,4,Regional water disputes shift to bilateral diplomatic channels only,False,0.9961854815483093,4.017478048801422,0.5619947910308838,0.4418197274208069
631,Federal Democratic Republic of Ethiopia_5_325,Federal Democratic Republic of Ethiopia,Federal Democratic Republic of Ethiopia_4_125,5,Dispute resolution timelines extend through separate bilateral processes,True,1.2245188057422638,5.241996854543686,0.42674341797828674,0.34873777627944946
632,Federal Democratic Republic of Ethiopia_5_324,Federal Democratic Republic of Ethiopia,Federal Democratic Republic of Ethiopia_4_125,5,Federal Democratic Republic of Ethiopia negotiates from stronger individual bargaining position,True,1.4708090722560883,5.48828712105751,0.2989506721496582,0.23024025559425354
633,Federal Democratic Republic of Ethiopia_5_323,Federal Democratic Republic of Ethiopia,Federal Democratic Republic of Ethiopia_4_125,5,Egypt-Sudan coordination mechanisms weaken without trilateral framework,True,1.373765617609024,5.391243666410446,0.2949348986148834,0.33129948377609253
634,Federal Democratic Republic of Ethiopia_4_124,Federal Democratic Republic of Ethiopia,Federal Democratic Republic of Ethiopia_3_27,4,Egypt and Sudan lose formal recourse mechanisms against Ethiopian decisions,False,1.3369885683059692,4.358281135559082,0.42937278747558594,0.23363864421844482
635,Federal Democratic Republic of Ethiopia_5_438,Federal Democratic Republic of Ethiopia,Federal Democratic Republic of Ethiopia_4_124,5,Military posturing increases along transboundary water infrastructure,True,1.0683141648769379,5.42659530043602,0.4119583070278168,0.5197275280952454
636,Federal Democratic Republic of Ethiopia_5_437,Federal Democratic Republic of Ethiopia,Federal Democratic Republic of Ethiopia_4_124,5,Egypt and Sudan threaten economic sanctions against Ethiopian interests,True,1.6442461013793945,6.002527236938477,0.1902829110622406,0.16547098755836487
637,Federal Democratic Republic of Ethiopia_5_435,Federal Democratic Republic of Ethiopia,Federal Democratic Republic of Ethiopia_4_124,5,Egypt and Sudan resort to bilateral coordination mechanisms excluding Ethiopia,True,1.3231609165668488,5.681442052125931,0.3561408817768097,0.32069820165634155
638,Federal Democratic Republic of Ethiopia_4_123,Federal Democratic Republic of Ethiopia,Federal Democratic Republic of Ethiopia_3_27,4,Federal Democratic Republic of Ethiopia operates GERD without external legal constraints,False,1.3126550018787384,4.333947569131851,0.3763348162174225,0.3110101819038391
639,Federal Democratic Republic of Ethiopia_5_426,Federal Democratic Republic of Ethiopia,Federal Democratic Republic of Ethiopia_4_123,5,Sudan and Egypt seek alternative legal mechanisms to constrain Ethiopian operations,True,1.197811335325241,5.531758904457092,0.45479074120521545,0.34739792346954346
640,Federal Democratic Republic of Ethiopia_5_425,Federal Democratic Republic of Ethiopia,Federal Democratic Republic of Ethiopia_4_123,5,Downstream countries escalate diplomatic pressure through international forums,True,1.4524645507335663,5.7864121198654175,0.31159159541130066,0.23594385385513306
641,Federal Democratic Republic of Ethiopia_3_26,Federal Democratic Republic of Ethiopia,Federal Democratic Republic of Ethiopia_2_8,3,Ethiopia's dam filling schedules become domestically determined,False,0.8980633020401001,2.7300331592559814,0.49482178688049316,0.6071149110794067
642,Federal Democratic Republic of Ethiopia_4_73,Federal Democratic Republic of Ethiopia,Federal Democratic Republic of Ethiopia_3_26,4,Federal Democratic Republic of Ethiopia reduces coordination with downstream monitoring systems,False,0.9793584048748016,3.709391564130783,0.4587613046169281,0.5618802905082703
643,Federal Democratic Republic of Ethiopia_5_197,Federal Democratic Republic of Ethiopia,Federal Democratic Republic of Ethiopia_4_73,5,Downstream countries receive less advance warning of flow changes,False,1.0439934134483337,4.753384977579117,0.5224020481109619,0.43360453844070435
644,Federal Democratic Republic of Ethiopia_6_597,Federal Democratic Republic of Ethiopia,Federal Democratic Republic of Ethiopia_5_197,6,Downstream flood preparedness systems lose predictive capacity,True,1.14895498752594,5.902339965105057,0.39701592922210693,0.4540290832519531
645,Federal Democratic Republic of Ethiopia_6_596,Federal Democratic Republic of Ethiopia,Federal Democratic Republic of Ethiopia_5_197,6,Egypt's water management becomes more reactive than preventive,True,1.166463166475296,5.919848144054413,0.3984486162662506,0.43508821725845337
646,Federal Democratic Republic of Ethiopia_6_595,Federal Democratic Republic of Ethiopia,Federal Democratic Republic of Ethiopia_5_197,6,Sudan's irrigation systems face increased operational disruption,True,1.2735846042633057,6.0269695818424225,0.2668214738368988,0.45959392189979553
647,Federal Democratic Republic of Ethiopia_5_196,Federal Democratic Republic of Ethiopia,Federal Democratic Republic of Ethiopia_4_73,5,Federal Democratic Republic of Ethiopia operates GERD with reduced external oversight,True,1.1700152456760406,4.879406809806824,0.4229763448238373,0.40700840950012207
648,Federal Democratic Republic of Ethiopia_5_195,Federal Democratic Republic of Ethiopia,Federal Democratic Republic of Ethiopia_4_73,5,Sudan and Egypt lose predictive capacity for dam operations,True,1.1809864342212677,4.890377998352051,0.3479313552379608,0.4710822105407715
649,Federal Democratic Republic of Ethiopia_4_72,Federal Democratic Republic of Ethiopia,Federal Democratic Republic of Ethiopia_3_26,4,Ethiopia's water release timing becomes disconnected from Egyptian agricultural cycles,False,1.1434902548789978,3.8735234141349792,0.3798307776451111,0.4766789674758911
650,Federal Democratic Republic of Ethiopia_5_263,Federal Democratic Republic of Ethiopia,Federal Democratic Republic of Ethiopia_4_72,5,Downstream agricultural planning loses synchronization with upstream water management,True,0.9006202220916748,4.774143636226654,0.4990420341491699,0.6003377437591553
651,Federal Democratic Republic of Ethiopia_5_262,Federal Democratic Republic of Ethiopia,Federal Democratic Republic of Ethiopia_4_72,5,Ethiopia's hydroelectric generation becomes optimized for domestic energy demands,True,1.1662634313106537,5.039786845445633,0.4199468791484833,0.41378968954086304
652,Federal Democratic Republic of Ethiopia_5_261,Federal Democratic Republic of Ethiopia,Federal Democratic Republic of Ethiopia_4_72,5,Egyptian irrigation schedules face unpredictable water availability,True,1.1776520609855652,5.051175475120544,0.34635379910469055,0.47599413990974426
653,Federal Democratic Republic of Ethiopia_4_71,Federal Democratic Republic of Ethiopia,Federal Democratic Republic of Ethiopia_3_26,4,Federal Democratic Republic of Ethiopia accelerates dam filling during favorable hydrological conditions,False,1.050472468137741,3.7805056273937225,0.39740994572639465,0.5521175861358643
654,Federal Democratic Republic of Ethiopia_5_216,Federal Democratic Republic of Ethiopia,Federal Democratic Republic of Ethiopia_4_71,5,Ethiopia's hydroelectric power generation capacity becomes available ahead of schedule,True,1.2837674021720886,5.064273029565811,0.3371487855911255,0.3790838122367859
655,Federal Democratic Republic of Ethiopia_5_215,Federal Democratic Republic of Ethiopia,Federal Democratic Republic of Ethiopia_4_71,5,Federal Democratic Republic of Ethiopia reduces coordination with downstream countries,True,1.105538010597229,4.8860436379909515,0.4697422385215759,0.42471975088119507
656,Federal Democratic Republic of Ethiopia_5_214,Federal Democratic Republic of Ethiopia,Federal Democratic Republic of Ethiopia_4_71,5,Downstream water flows decrease below historical seasonal averages,True,1.1790995597839355,4.959605187177658,0.42648428678512573,0.3944161534309387
657,Federal Democratic Republic of Ethiopia_5_213,Federal Democratic Republic of Ethiopia,Federal Democratic Republic of Ethiopia_4_71,5,Ethiopia's reservoir water levels increase faster than originally projected,True,1.3588299751281738,5.139335602521896,0.2790225148200989,0.3621475100517273
658,Federal Democratic Republic of Ethiopia_4_70,Federal Democratic Republic of Ethiopia,Federal Democratic Republic of Ethiopia_3_26,4,Ethiopia prioritizes domestic energy needs over downstream water concerns,False,1.1242694556713104,3.854302614927292,0.46094056963920593,0.41478997468948364
659,Federal Democratic Republic of Ethiopia_5_250,Federal Democratic Republic of Ethiopia,Federal Democratic Republic of Ethiopia_4_70,5,Ethiopia's energy production targets override downstream flow commitments,True,1.1315422356128693,4.985844850540161,0.44908905029296875,0.419368714094162
660,Federal Democratic Republic of Ethiopia_5_249,Federal Democratic Republic of Ethiopia,Federal Democratic Republic of Ethiopia_4_70,5,Ethiopia reduces water releases to maximize hydroelectric generation,True,1.0352416038513184,4.88954421877861,0.48323431611061096,0.4815240800380707
661,Federal Democratic Republic of Ethiopia_5_248,Federal Democratic Republic of Ethiopia,Federal Democratic Republic of Ethiopia_4_70,5,Ethiopia maintains higher reservoir levels during drought periods,True,1.2406263053417206,5.0949289202690125,0.3045232892036438,0.4548504054546356
662,Federal Democratic Republic of Ethiopia_3_25,Federal Democratic Republic of Ethiopia,Federal Democratic Republic of Ethiopia_2_8,3,Ethiopia reduces dependency on downstream countries' consent for operational decisions,False,0.9628904461860657,2.794860303401947,0.5786787271499634,0.45843082666397095
663,Federal Democratic Republic of Ethiopia_4_91,Federal Democratic Republic of Ethiopia,Federal Democratic Republic of Ethiopia_3_25,4,Ethiopia establishes unilateral drought response protocols,False,1.0389080047607422,3.833768308162689,0.44913220405578613,0.5119597911834717
664,Federal Democratic Republic of Ethiopia_5_244,Federal Democratic Republic of Ethiopia,Federal Democratic Republic of Ethiopia_4_91,5,Ethiopia's dam operations become unpredictable to downstream countries,True,0.9503991305828094,4.784167438745499,0.4563685953617096,0.593232274055481
665,Federal Democratic Republic of Ethiopia_5_243,Federal Democratic Republic of Ethiopia,Federal Democratic Republic of Ethiopia_4_91,5,Ethiopia withholds real-time operational data from Egypt and Sudan,True,1.5011164546012878,5.334884762763977,0.22186744213104248,0.2770161032676697
666,Federal Democratic Republic of Ethiopia_4_89,Federal Democratic Republic of Ethiopia,Federal Democratic Republic of Ethiopia_3_25,4,Ethiopia accelerates GERD filling and operational schedules,False,1.505314752459526,4.300175055861473,0.21437890827655792,0.280306339263916
667,Federal Democratic Republic of Ethiopia_5_415,Federal Democratic Republic of Ethiopia,Federal Democratic Republic of Ethiopia_4_89,5,Ethiopia demonstrates operational sovereignty over Blue Nile waters,True,1.1659812927246094,5.4661563485860825,0.46339404582977295,0.3706246614456177
668,Federal Democratic Republic of Ethiopia_5_413,Federal Democratic Republic of Ethiopia,Federal Democratic Republic of Ethiopia_4_89,5,Downstream water flows decrease more rapidly than anticipated,True,1.2520487904548645,5.552223846316338,0.3934440612792969,0.3545071482658386
669,Federal Democratic Republic of Ethiopia_5_412,Federal Democratic Republic of Ethiopia,Federal Democratic Republic of Ethiopia_4_89,5,Ethiopia achieves faster electricity generation capacity increases,True,1.6332486271858215,5.933423683047295,0.1821216493844986,0.18462972342967987
670,Federal Democratic Republic of Ethiopia_3_24,Federal Democratic Republic of Ethiopia,Federal Democratic Republic of Ethiopia_2_8,3,Ethiopia can prioritize electricity generation over downstream water releases,False,0.9464022815227509,2.778372138738632,0.5546538829803467,0.49894383549690247
671,Federal Democratic Republic of Ethiopia_4_85,Federal Democratic Republic of Ethiopia,Federal Democratic Republic of Ethiopia_3_24,4,Ethiopia operates GERD according to internal energy demand schedules,False,1.3054073750972748,4.083779513835907,0.330735445022583,0.3638571798801422
672,Federal Democratic Republic of Ethiopia_5_346,Federal Democratic Republic of Ethiopia,Federal Democratic Republic of Ethiopia_4_85,5,Ethiopia reduces coordination with Egyptian and Sudanese water management authorities,True,1.0736419260501862,5.157421439886093,0.43312162160873413,0.4932364523410797
673,Federal Democratic Republic of Ethiopia_5_345,Federal Democratic Republic of Ethiopia,Federal Democratic Republic of Ethiopia_4_85,5,Water releases from GERD follow electricity production cycles rather than downstream agricultural needs,True,1.194511502981186,5.278291016817093,0.379536896944046,0.42595160007476807
674,Federal Democratic Republic of Ethiopia_4_84,Federal Democratic Republic of Ethiopia,Federal Democratic Republic of Ethiopia_3_24,4,Federal Democratic Republic of Ethiopia reduces Blue Nile flow releases,False,1.160912811756134,3.9392849504947662,0.4583694040775299,0.38071778416633606
675,Federal Democratic Republic of Ethiopia_5_289,Federal Democratic Republic of Ethiopia,Federal Democratic Republic of Ethiopia_4_84,5,Downstream water availability drops below historical averages,True,1.1602787375450134,5.09956368803978,0.4410113990306854,0.39870986342430115
676,Federal Democratic Republic of Ethiopia_5_288,Federal Democratic Republic of Ethiopia,Federal Democratic Republic of Ethiopia_4_84,5,Federal Democratic Republic of Ethiopia maximizes GERD reservoir filling rate,True,1.2211122810840607,5.160397231578827,0.3709781765937805,0.4079095423221588
677,Federal Democratic Republic of Ethiopia_5_287,Federal Democratic Republic of Ethiopia,Federal Democratic Republic of Ethiopia_4_84,5,Sudan's hydroelectric power generation becomes unstable,True,1.2400988340377808,5.179383784532547,0.3377644419670105,0.42213672399520874
678,Federal Democratic Republic of Ethiopia_5_286,Federal Democratic Republic of Ethiopia,Federal Democratic Republic of Ethiopia_4_84,5,Egypt's agricultural irrigation capacity decreases,True,1.3849032521247864,5.324188202619553,0.2570638954639435,0.35803285241127014
679,Federal Democratic Republic of Ethiopia_2_7,Federal Democratic Republic of Ethiopia,Federal Democratic Republic of Ethiopia_1_4,2,Sudan loses treaty-based water allocation guarantees from colonial agreements,False,1.0435659885406494,1.8364681005477905,0.5070837736129761,0.4493502378463745
680,Federal Democratic Republic of Ethiopia_3_30,Federal Democratic Republic of Ethiopia,Federal Democratic Republic of Ethiopia_2_7,3,Sudan's water security planning loses historical legal foundation,False,1.0201020240783691,2.8565701246261597,0.4959242343902588,0.48397374153137207
681,Federal Democratic Republic of Ethiopia_4_93,Federal Democratic Republic of Ethiopia,Federal Democratic Republic of Ethiopia_3_30,4,Sudan's downstream infrastructure planning lacks guaranteed flow parameters,False,0.9350019693374634,3.791572093963623,0.5157877206802368,0.5492103099822998
682,Federal Democratic Republic of Ethiopia_5_220,Federal Democratic Republic of Ethiopia,Federal Democratic Republic of Ethiopia_4_93,5,Sudan seeks alternative water security arrangements outside trilateral framework,True,0.9790627360343933,4.770634829998016,0.5293614864349365,0.49157577753067017
683,Federal Democratic Republic of Ethiopia_5_219,Federal Democratic Republic of Ethiopia,Federal Democratic Republic of Ethiopia_4_93,5,Sudan's hydroelectric facilities operate without flow coordination,True,1.1431778371334076,4.934749931097031,0.38264200091362,0.4741801619529724
684,Federal Democratic Republic of Ethiopia_5_218,Federal Democratic Republic of Ethiopia,Federal Democratic Republic of Ethiopia_4_93,5,Sudan's irrigation infrastructure faces unpredictable water availability,True,1.0703218281269073,4.86189392209053,0.39288970828056335,0.5367884635925293
685,Federal Democratic Republic of Ethiopia_5_217,Federal Democratic Republic of Ethiopia,Federal Democratic Republic of Ethiopia_4_93,5,Sudan cannot optimize dam operations for flood control,True,1.0790119767189026,4.870584070682526,0.3944479823112488,0.5265400409698486
686,Federal Democratic Republic of Ethiopia_3_29,Federal Democratic Republic of Ethiopia,Federal Democratic Republic of Ethiopia_2_7,3,Sudan becomes more dependent on bilateral agreements with Ethiopia,False,1.3856250643730164,3.222093164920807,0.29001325368881226,0.3243616819381714
687,Federal Democratic Republic of Ethiopia_4_138,Federal Democratic Republic of Ethiopia,Federal Democratic Republic of Ethiopia_3_29,4,Sudan must offer concessions to secure Ethiopian cooperation,False,1.445840835571289,4.667934000492096,0.3033291697502136,0.2508299946784973
688,Federal Democratic Republic of Ethiopia_5_554,Federal Democratic Republic of Ethiopia,Federal Democratic Republic of Ethiopia_4_138,5,Sudan aligns with Ethiopian positions in regional diplomatic forums,True,1.486904814839363,6.154838815331459,0.3175145983695984,0.1955805867910385
689,Federal Democratic Republic of Ethiopia_5_553,Federal Democratic Republic of Ethiopia,Federal Democratic Republic of Ethiopia_4_138,5,Sudan provides Ethiopia with transit access through Sudanese territory,True,1.333983302116394,6.00191730260849,0.33280497789382935,0.3332117199897766
690,Federal Democratic Republic of Ethiopia_5_552,Federal Democratic Republic of Ethiopia,Federal Democratic Republic of Ethiopia_4_138,5,Sudan offers Ethiopia preferential trade agreements or economic partnerships,True,1.4318682551383972,6.099802255630493,0.32635897397994995,0.24177277088165283
691,Federal Democratic Republic of Ethiopia_4_137,Federal Democratic Republic of Ethiopia,Federal Democratic Republic of Ethiopia_3_29,4,Ethiopia gains increased leverage over Sudan's water security,False,1.321830004453659,4.543923169374466,0.3155944347381592,0.36257556080818176
692,Federal Democratic Republic of Ethiopia_5_484,Federal Democratic Republic of Ethiopia,Federal Democratic Republic of Ethiopia_4_137,5,Sudan reduces criticism of Ethiopian dam operations,True,1.0992358326911926,5.643159002065659,0.45398586988449097,0.4467782974243164
693,Federal Democratic Republic of Ethiopia_5_483,Federal Democratic Republic of Ethiopia,Federal Democratic Republic of Ethiopia_4_137,5,Ethiopia can negotiate more favorable terms in future water agreements,True,1.0976926684379578,5.641615837812424,0.46247345209121704,0.4398338794708252
694,Federal Democratic Republic of Ethiopia_5_482,Federal Democratic Republic of Ethiopia,Federal Democratic Republic of Ethiopia_4_137,5,Sudan seeks closer alignment with Ethiopian regional policies,True,1.349269837141037,5.893193006515503,0.3586077392101288,0.29212242364883423
695,Federal Democratic Republic of Ethiopia_4_136,Federal Democratic Republic of Ethiopia,Federal Democratic Republic of Ethiopia_3_29,4,Sudan's negotiating position with Egypt becomes weakened,True,1.680736780166626,4.902829945087433,0.16692733764648438,0.15233588218688965
696,Federal Democratic Republic of Ethiopia_3_28,Federal Democratic Republic of Ethiopia,Federal Democratic Republic of Ethiopia_2_7,3,Sudan must negotiate water allocation from position of legal uncertainty,False,0.9272685050964355,2.763736605644226,0.5482130646705627,0.5245184302330017
697,Federal Democratic Republic of Ethiopia_4_79,Federal Democratic Republic of Ethiopia,Federal Democratic Republic of Ethiopia_3_28,4,Sudan prioritizes immediate operational coordination over legal frameworks,False,1.3394822776317596,4.103218883275986,0.32175949215888977,0.3387582302093506
698,Federal Democratic Republic of Ethiopia_5_360,Federal Democratic Republic of Ethiopia,Federal Democratic Republic of Ethiopia_4_79,5,Sudan engages in real-time data sharing arrangements,True,1.405443787574768,5.508662670850754,0.2188417911529541,0.37571442127227783
699,Federal Democratic Republic of Ethiopia_5_359,Federal Democratic Republic of Ethiopia,Federal Democratic Republic of Ethiopia_4_79,5,Sudan separates operational discussions from sovereignty questions,True,1.2543380856513977,5.357556968927383,0.42589130997657776,0.31977060437202454
700,Federal Democratic Republic of Ethiopia_5_358,Federal Democratic Republic of Ethiopia,Federal Democratic Republic of Ethiopia_4_79,5,Sudan accepts technical coordination meetings without binding commitments,True,1.3927334249019623,5.495952308177948,0.2918810248374939,0.3153855502605438
701,Federal Democratic Republic of Ethiopia_4_78,Federal Democratic Republic of Ethiopia,Federal Democratic Republic of Ethiopia_3_28,4,Sudan's negotiating leverage against Ethiopia decreases significantly,False,1.4754280745983124,4.2391646802425385,0.2934268116950989,0.23114511370658875
702,Federal Democratic Republic of Ethiopia_5_405,Federal Democratic Republic of Ethiopia,Federal Democratic Republic of Ethiopia_4_78,5,Ethiopia gains greater control over drought period operations,True,1.1329543888568878,5.372119069099426,0.3469420373439789,0.5201035737991333
703,Federal Democratic Republic of Ethiopia_5_404,Federal Democratic Republic of Ethiopia,Federal Democratic Republic of Ethiopia_4_78,5,Sudan prioritizes bilateral agreements over trilateral framework,True,1.3488624095916748,5.588027089834213,0.3431817889213562,0.307955801486969
704,Federal Democratic Republic of Ethiopia_5_403,Federal Democratic Republic of Ethiopia,Federal Democratic Republic of Ethiopia_4_78,5,Sudan seeks alternative regional allies for water negotiations,True,1.2440738677978516,5.48323854804039,0.4031195044517517,0.35280662775039673
705,Federal Democratic Republic of Ethiopia_5_402,Federal Democratic Republic of Ethiopia,Federal Democratic Republic of Ethiopia_4_78,5,Sudan accepts Ethiopia's proposed flexible operational guidelines,True,1.206610232591629,5.4457749128341675,0.4483141005039215,0.34507566690444946
706,Federal Democratic Republic of Ethiopia_4_77,Federal Democratic Republic of Ethiopia,Federal Democratic Republic of Ethiopia_3_28,4,Sudan seeks alternative bilateral agreements with Ethiopia,False,1.4301086366176605,4.193845242261887,0.3109757602214813,0.25891560316085815
707,Federal Democratic Republic of Ethiopia_5_385,Federal Democratic Republic of Ethiopia,Federal Democratic Republic of Ethiopia_4_77,5,Ethiopia offers Sudan infrastructure coordination benefits as negotiation incentive,True,1.198102355003357,5.3919475972652435,0.3796932101249695,0.4222044348716736
708,Federal Democratic Republic of Ethiopia_5_384,Federal Democratic Republic of Ethiopia,Federal Democratic Republic of Ethiopia_4_77,5,Sudan bypasses Egypt in direct Ethiopia-Sudan water discussions,True,1.2788593769073486,5.472704619169235,0.3713756799697876,0.34976494312286377
709,Federal Democratic Republic of Ethiopia_5_383,Federal Democratic Republic of Ethiopia,Federal Democratic Republic of Ethiopia_4_77,5,Ethiopia gains negotiating leverage through Sudan's bilateral approach,True,1.4850496649742126,5.678894907236099,0.2759636342525482,0.23898670077323914
710,Federal Democratic Republic of Ethiopia_2_6,Federal Democratic Republic of Ethiopia,Federal Democratic Republic of Ethiopia_1_4,2,Egypt's historical legal claims to fixed Nile water quotas become unenforceable,False,1.2066880464553833,1.9995901584625244,0.4279717803001404,0.3653401732444763
711,Federal Democratic Republic of Ethiopia_3_36,Federal Democratic Republic of Ethiopia,Federal Democratic Republic of Ethiopia_2_6,3,Ethiopia gains legal precedent for unilateral water infrastructure decisions,False,0.9436997175216675,2.943289875984192,0.5421541929244995,0.514146089553833
712,Federal Democratic Republic of Ethiopia_4_113,Federal Democratic Republic of Ethiopia,Federal Democratic Republic of Ethiopia_3_36,4,Ethiopia's negotiating position strengthens in future transboundary water disputes,False,1.144322782754898,4.08761265873909,0.4100416600704193,0.4456355571746826
713,Federal Democratic Republic of Ethiopia_5_353,Federal Democratic Republic of Ethiopia,Federal Democratic Republic of Ethiopia_4_113,5,Ethiopia demands renegotiation of existing transboundary water agreements,True,1.0742312371730804,5.16184389591217,0.4438365399837494,0.48193222284317017
714,Federal Democratic Republic of Ethiopia_5_352,Federal Democratic Republic of Ethiopia,Federal Democratic Republic of Ethiopia_4_113,5,Regional water cooperation frameworks lose credibility as negotiation mechanisms,True,0.9476082921028137,5.035220950841904,0.5196667313575745,0.5327249765396118
715,Federal Democratic Republic of Ethiopia_5_351,Federal Democratic Republic of Ethiopia,Federal Democratic Republic of Ethiopia_4_113,5,Ethiopia applies similar unilateral development strategies to other shared river basins,True,0.8270296454429626,4.914642304182053,0.6170781850814819,0.5558921694755554
716,Federal Democratic Republic of Ethiopia_4_112,Federal Democratic Republic of Ethiopia,Federal Democratic Republic of Ethiopia_3_36,4,Other upstream riparian states cite Ethiopia's precedent for their infrastructure decisions,False,0.8586336374282837,3.8019235134124756,0.6121150255203247,0.5292513370513916
717,Federal Democratic Republic of Ethiopia_5_231,Federal Democratic Republic of Ethiopia,Federal Democratic Republic of Ethiopia_4_112,5,Sudan's position as middle riparian becomes strategically weakened,True,1.4353527426719666,5.237276256084442,0.3072223663330078,0.25742489099502563
718,Federal Democratic Republic of Ethiopia_5_230,Federal Democratic Republic of Ethiopia,Federal Democratic Republic of Ethiopia_4_112,5,Egypt faces multiple simultaneous upstream water diversions,True,1.235737144947052,5.037660658359528,0.37853118777275085,0.38573166728019714
719,Federal Democratic Republic of Ethiopia_5_229,Federal Democratic Republic of Ethiopia,Federal Democratic Republic of Ethiopia_4_112,5,Nile Basin Initiative's cooperative framework becomes practically obsolete,True,1.199841469526291,5.0017649829387665,0.398566335439682,0.4015921950340271
720,Federal Democratic Republic of Ethiopia_5_228,Federal Democratic Republic of Ethiopia,Federal Democratic Republic of Ethiopia_4_112,5,Regional water infrastructure development accelerates without downstream consultation,True,1.0061872005462646,4.80811071395874,0.46803098917007446,0.5257818102836609
721,Federal Democratic Republic of Ethiopia_4_111,Federal Democratic Republic of Ethiopia,Federal Democratic Republic of Ethiopia_3_36,4,Ethiopia's future upstream dam projects face reduced international legal constraints,False,0.7440382242202759,3.6873281002044678,0.6179759502410889,0.6379858255386353
722,Federal Democratic Republic of Ethiopia_5_191,Federal Democratic Republic of Ethiopia,Federal Democratic Republic of Ethiopia_4_111,5,Downstream countries pursue alternative water security strategies independently,False,0.9033745527267456,4.590702652931213,0.6026016473770142,0.49402379989624023
723,Federal Democratic Republic of Ethiopia_6_511,Federal Democratic Republic of Ethiopia,Federal Democratic Republic of Ethiopia_5_191,6,Downstream states reduce diplomatic engagement on multilateral Nile negotiations,True,1.2459050416946411,5.8366076946258545,0.4394720196723938,0.3146229386329651
724,Federal Democratic Republic of Ethiopia_6_510,Federal Democratic Republic of Ethiopia,Federal Democratic Republic of Ethiopia_5_191,6,Regional water cooperation frameworks fragment into bilateral arrangements,True,0.789948582649231,5.380651235580444,0.6080307960510254,0.6020206212997437
725,Federal Democratic Republic of Ethiopia_6_509,Federal Democratic Republic of Ethiopia,Federal Democratic Republic of Ethiopia_5_191,6,Sudan seeks bilateral water agreements with non-Nile basin countries,True,1.1689874529838562,5.75969010591507,0.42225202918052673,0.40876051783561707
726,Federal Democratic Republic of Ethiopia_6_508,Federal Democratic Republic of Ethiopia,Federal Democratic Republic of Ethiopia_5_191,6,Egypt accelerates desalination and water recycling infrastructure investments,True,1.3274787664413452,5.918181419372559,0.33413469791412354,0.33838653564453125
727,Federal Democratic Republic of Ethiopia_5_190,Federal Democratic Republic of Ethiopia,Federal Democratic Republic of Ethiopia_4_111,5,Ethiopia's hydropower development timeline faces fewer external legal delays,False,0.9435887336730957,4.6309168338775635,0.53275066614151,0.5236606001853943
728,Federal Democratic Republic of Ethiopia_6_523,Federal Democratic Republic of Ethiopia,Federal Democratic Republic of Ethiopia_5_190,6,Ethiopia's energy export negotiations with neighboring countries intensify,True,1.4066882729530334,6.037605106830597,0.2964268624782562,0.2968848645687103
729,Federal Democratic Republic of Ethiopia_6_522,Federal Democratic Republic of Ethiopia,Federal Democratic Republic of Ethiopia_5_190,6,Ethiopia reduces diplomatic consultation periods for new hydropower projects,True,1.0398758351802826,5.670792669057846,0.4717969298362732,0.4883272349834442
730,Federal Democratic Republic of Ethiopia_5_189,Federal Democratic Republic of Ethiopia,Federal Democratic Republic of Ethiopia_4_111,5,Regional water disputes shift toward bilateral rather than multilateral frameworks,False,0.8914096355438232,4.578737735748291,0.5998668670654297,0.5087234973907471
731,Federal Democratic Republic of Ethiopia_6_500,Federal Democratic Republic of Ethiopia,Federal Democratic Republic of Ethiopia_5_189,6,Ethiopia gains stronger bargaining position in one-on-one negotiations,True,1.6283044666051865,6.2070422023534775,0.19824330508708954,0.173452228307724
732,Federal Democratic Republic of Ethiopia_6_499,Federal Democratic Republic of Ethiopia,Federal Democratic Republic of Ethiopia_5_189,6,Regional water coordination mechanisms become fragmented,True,0.9785528779029846,5.557290613651276,0.4696688652038574,0.551778256893158
733,Federal Democratic Republic of Ethiopia_6_498,Federal Democratic Republic of Ethiopia,Federal Democratic Republic of Ethiopia_5_189,6,Multilateral institutions lose influence over transboundary water governance,True,0.8470755815505981,5.425813317298889,0.5686805248260498,0.584243893623352
734,Federal Democratic Republic of Ethiopia_6_497,Federal Democratic Republic of Ethiopia,Federal Democratic Republic of Ethiopia_5_189,6,Ethiopia negotiates separate water agreements with Sudan and Egypt individually,True,1.1309103071689606,5.709648042917252,0.44237351417541504,0.4267161786556244
735,Federal Democratic Republic of Ethiopia_5_188,Federal Democratic Republic of Ethiopia,Federal Democratic Republic of Ethiopia_4_111,5,Ethiopia accelerates planning for additional Blue Nile tributary dams,True,1.1628469824790955,4.850175082683563,0.35464268922805786,0.4825103282928467
736,Federal Democratic Republic of Ethiopia_3_35,Federal Democratic Republic of Ethiopia,Federal Democratic Republic of Ethiopia_2_6,3,Downstream riparian rights shift from treaty-based to negotiation-based,False,0.936583399772644,2.9361735582351685,0.5945037603378296,0.46891283988952637
737,Federal Democratic Republic of Ethiopia_4_110,Federal Democratic Republic of Ethiopia,Federal Democratic Republic of Ethiopia_3_35,4,Negotiating power shifts toward upstream infrastructure controllers,False,0.8560593724250793,3.792232930660248,0.5724982619285583,0.5714423656463623
738,Federal Democratic Republic of Ethiopia_5_224,Federal Democratic Republic of Ethiopia,Federal Democratic Republic of Ethiopia_4_110,5,Traditional riparian hierarchy becomes inverted in practice,True,1.4688392877578735,5.261072218418121,0.3449433743953705,0.18621733784675598
739,Federal Democratic Republic of Ethiopia_5_223,Federal Democratic Republic of Ethiopia,Federal Democratic Republic of Ethiopia_4_110,5,Ethiopia can credibly threaten unilateral operational decisions,True,1.2551462650299072,5.047379195690155,0.39225274324417114,0.35260099172592163
740,Federal Democratic Republic of Ethiopia_5_222,Federal Democratic Republic of Ethiopia,Federal Democratic Republic of Ethiopia_4_110,5,Downstream countries must accept less favorable operational terms,True,1.0009301006793976,4.793163031339645,0.5984707474708557,0.4005991518497467
741,Federal Democratic Republic of Ethiopia_5_221,Federal Democratic Republic of Ethiopia,Federal Democratic Republic of Ethiopia_4_110,5,Ethiopia gains leverage to demand concessions in water negotiations,True,1.2640395164489746,5.056272447109222,0.36814889311790466,0.3678115904331207
742,Federal Democratic Republic of Ethiopia_4_108,Federal Democratic Republic of Ethiopia,Federal Democratic Republic of Ethiopia_3_35,4,Egypt must accept Ethiopia's upstream development as legitimate constraint,False,1.056443840265274,3.9926173985004425,0.5146504044532776,0.42890575528144836
743,Federal Democratic Republic of Ethiopia_5_315,Federal Democratic Republic of Ethiopia,Federal Democratic Republic of Ethiopia_4_108,5,Ethiopia gains precedent for additional Blue Nile projects,True,1.3131605684757233,5.305777966976166,0.3409357964992523,0.3459036350250244
744,Federal Democratic Republic of Ethiopia_5_314,Federal Democratic Republic of Ethiopia,Federal Democratic Republic of Ethiopia_4_108,5,Regional water governance shifts toward upstream state primacy,False,0.7187585830688477,4.71137598156929,0.6824644804000854,0.5987769365310669
745,Federal Democratic Republic of Ethiopia_6_576,Federal Democratic Republic of Ethiopia,Federal Democratic Republic of Ethiopia_5_314,6,Regional water allocation becomes determined by physical control capacity,True,0.7487205862998962,5.460096567869186,0.58838951587677,0.6628898978233337
746,Federal Democratic Republic of Ethiopia_6_575,Federal Democratic Republic of Ethiopia,Federal Democratic Republic of Ethiopia_5_314,6,Downstream states lose veto power over upstream infrastructure projects,True,1.0124606490135193,5.7238366305828094,0.5289856195449829,0.4585537314414978
747,Federal Democratic Republic of Ethiopia_6_573,Federal Democratic Republic of Ethiopia,Federal Democratic Republic of Ethiopia_5_314,6,Other upstream Nile states gain precedent for unilateral dam construction,True,0.9219855666160583,5.6333615481853485,0.5679154396057129,0.5100989937782288
748,Federal Democratic Republic of Ethiopia_5_313,Federal Democratic Republic of Ethiopia,Federal Democratic Republic of Ethiopia_4_108,5,Egypt's negotiating position weakens in future water disputes,True,1.3367333114147186,5.329350709915161,0.325167715549469,0.3380989730358124
749,Federal Democratic Republic of Ethiopia_3_34,Federal Democratic Republic of Ethiopia,Federal Democratic Republic of Ethiopia_2_6,3,Egypt must negotiate water allocation based on current power dynamics,False,0.9980808198451996,2.997670978307724,0.502435028553009,0.4994841516017914
750,Federal Democratic Republic of Ethiopia_4_122,Federal Democratic Republic of Ethiopia,Federal Democratic Republic of Ethiopia_3_34,4,Egypt seeks alternative sources of negotiating leverage beyond historical treaties,False,1.5108924210071564,4.50856339931488,0.27339136600494385,0.21571621298789978
751,Federal Democratic Republic of Ethiopia_5_473,Federal Democratic Republic of Ethiopia,Federal Democratic Republic of Ethiopia_4_122,5,Egypt pursues technical sabotage options against GERD operations,True,1.6634759604930878,6.172039359807968,0.15075144171714783,0.1857725977897644
752,Federal Democratic Republic of Ethiopia_5_472,Federal Democratic Republic of Ethiopia,Federal Democratic Republic of Ethiopia_4_122,5,Egypt threatens military intervention to protect water infrastructure,True,1.281527578830719,5.790090978145599,0.3266189396381378,0.3918534815311432
753,Federal Democratic Republic of Ethiopia_5_470,Federal Democratic Republic of Ethiopia,Federal Democratic Republic of Ethiopia_4_122,5,Egypt mobilizes regional diplomatic alliances against Ethiopian dam operations,True,1.3952730894088745,5.903836488723755,0.27033165097236633,0.33439525961875916
754,Federal Democratic Republic of Ethiopia_4_121,Federal Democratic Republic of Ethiopia,Federal Democratic Republic of Ethiopia_3_34,4,Water allocation discussions shift from legal rights to bargaining power,False,0.8443787097930908,3.842049688100815,0.6137022972106934,0.5419189929962158
755,Federal Democratic Republic of Ethiopia_5_247,Federal Democratic Republic of Ethiopia,Federal Democratic Republic of Ethiopia_4_121,5,Technical dam operations become political bargaining tools,True,0.9234762191772461,4.765525907278061,0.45585036277770996,0.620673418045044
756,Federal Democratic Republic of Ethiopia_5_246,Federal Democratic Republic of Ethiopia,Federal Democratic Republic of Ethiopia_4_121,5,Downstream countries must offer concessions to secure water cooperation,False,0.9055696129798889,4.747619301080704,0.5778149962425232,0.5166153907775879
757,Federal Democratic Republic of Ethiopia_6_590,Federal Democratic Republic of Ethiopia,Federal Democratic Republic of Ethiopia_5_246,6,Downstream states reduce opposition to Ethiopian development projects,True,0.892696738243103,5.640316039323807,0.6392199993133545,0.4680832624435425
758,Federal Democratic Republic of Ethiopia_6_589,Federal Democratic Republic of Ethiopia,Federal Democratic Republic of Ethiopia_5_246,6,Sudan proposes joint dam coordination mechanisms,True,1.0469875037670135,5.794606804847717,0.3929670751094818,0.5600454211235046
759,Federal Democratic Republic of Ethiopia_6_588,Federal Democratic Republic of Ethiopia,Federal Democratic Republic of Ethiopia_5_246,6,Egypt offers energy market access or infrastructure investments,True,1.2798044383525848,6.027423739433289,0.36821192502975464,0.3519836366176605
760,Federal Democratic Republic of Ethiopia_5_245,Federal Democratic Republic of Ethiopia,Federal Democratic Republic of Ethiopia_4_121,5,Ethiopia's upstream position becomes its primary negotiating advantage,True,1.267318308353424,5.109367996454239,0.41978487372398376,0.31289681792259216
761,Federal Democratic Republic of Ethiopia_4_120,Federal Democratic Republic of Ethiopia,Federal Democratic Republic of Ethiopia_3_34,4,Egypt's negotiating position weakens relative to Ethiopia's leverage,False,1.5911514610052109,4.588822439312935,0.2052803933620453,0.20356814563274384
762,Federal Democratic Republic of Ethiopia_5_505,Federal Democratic Republic of Ethiopia,Federal Democratic Republic of Ethiopia_4_120,5,Egypt seeks alternative water sources or conservation measures,True,1.2347530722618103,5.823575511574745,0.39070338010787964,0.37454354763031006
763,Federal Democratic Republic of Ethiopia_1_3,Federal Democratic Republic of Ethiopia,Federal Democratic Republic of Ethiopia_0_0,1,Ethiopia gains international legal precedent for upstream rights,False,1.1948636174201965,1.1948636174201965,0.47143977880477905,0.3336966037750244
764,Federal Democratic Republic of Ethiopia_2_13,Federal Democratic Republic of Ethiopia,Federal Democratic Republic of Ethiopia_1_3,2,Ethiopia reduces pressure to accept downstream veto powers,False,1.1340758502483368,2.3289394676685333,0.5109050869941711,0.35501906275749207
765,Federal Democratic Republic of Ethiopia_3_47,Federal Democratic Republic of Ethiopia,Federal Democratic Republic of Ethiopia_2_13,3,Ethiopia shifts negotiations toward technical rather than political frameworks,False,1.3192622065544128,3.648201674222946,0.3628504276275635,0.3178873658180237
766,Federal Democratic Republic of Ethiopia_4_183,Federal Democratic Republic of Ethiopia,Federal Democratic Republic of Ethiopia_3_47,4,Ethiopia proposes joint technical committees for operational decisions,True,1.3085011839866638,4.95670285820961,0.3423069715499878,0.3491918444633484
767,Federal Democratic Republic of Ethiopia_4_182,Federal Democratic Republic of Ethiopia,Federal Democratic Republic of Ethiopia_3_47,4,Ethiopia emphasizes hydrological data over sovereignty concerns,False,0.9098886251449585,4.558090299367905,0.5304765701293945,0.559634804725647
768,Federal Democratic Republic of Ethiopia_5_496,Federal Democratic Republic of Ethiopia,Federal Democratic Republic of Ethiopia_4_182,5,Ethiopia creates pressure for reciprocal data sharing commitments,True,1.140018254518509,5.698108553886414,0.4046713411808014,0.4553104043006897
769,Federal Democratic Republic of Ethiopia_5_495,Federal Democratic Republic of Ethiopia,Federal Democratic Republic of Ethiopia_4_182,5,Ethiopia reduces Egyptian claims about secretive dam operations,True,1.234531044960022,5.792621344327927,0.3549391031265259,0.41052985191345215
770,Federal Democratic Republic of Ethiopia_5_494,Federal Democratic Republic of Ethiopia,Federal Democratic Republic of Ethiopia_4_182,5,Ethiopia establishes technical credibility with international water management experts,True,1.188885897397995,5.7469761967659,0.3814355432987213,0.4296785593032837
771,Federal Democratic Republic of Ethiopia_4_181,Federal Democratic Republic of Ethiopia,Federal Democratic Republic of Ethiopia_3_47,4,Ethiopia frames water allocation as engineering optimization problem,False,0.9067788124084473,4.554980486631393,0.5452232956886292,0.5479978919029236
772,Federal Democratic Republic of Ethiopia_5_487,Federal Democratic Republic of Ethiopia,Federal Democratic Republic of Ethiopia_4_181,5,Ethiopia shifts focus to hydrological modeling and efficiency metrics,True,0.9948871731758118,5.549867659807205,0.46879005432128906,0.5363227725028992
773,Federal Democratic Republic of Ethiopia_5_486,Federal Democratic Republic of Ethiopia,Federal Democratic Republic of Ethiopia_4_181,5,Ethiopia proposes algorithm-based operational protocols for dam management,True,0.9653140306472778,5.520294517278671,0.4413679242134094,0.5933180451393127
774,Federal Democratic Republic of Ethiopia_5_485,Federal Democratic Republic of Ethiopia,Federal Democratic Republic of Ethiopia_4_181,5,Ethiopia emphasizes technical data sharing over political concessions,True,1.2368853986263275,5.791865885257721,0.3391200006008148,0.42399460077285767
775,Federal Democratic Republic of Ethiopia_3_46,Federal Democratic Republic of Ethiopia,Federal Democratic Republic of Ethiopia_2_13,3,Ethiopia weakens Egypt's historical treaty-based negotiating position,False,1.5017143189907074,3.8306537866592407,0.2591429054737091,0.2391427755355835
776,Federal Democratic Republic of Ethiopia_4_241,Federal Democratic Republic of Ethiopia,Federal Democratic Republic of Ethiopia_3_46,4,Ethiopia forces Egypt to negotiate based on current realities,True,1.5583287179470062,5.388982504606247,0.20421037077903748,0.2374609112739563
777,Federal Democratic Republic of Ethiopia_4_240,Federal Democratic Republic of Ethiopia,Federal Democratic Republic of Ethiopia_3_46,4,Ethiopia reduces Egypt's ability to invoke historical water rights,True,1.049046903848648,4.879700690507889,0.5190024971961975,0.4319505989551544
778,Federal Democratic Republic of Ethiopia_3_45,Federal Democratic Republic of Ethiopia,Federal Democratic Republic of Ethiopia_2_13,3,Ethiopia gains greater autonomy in dam operational decisions,False,1.0232391059398651,3.3521785736083984,0.4905046820640564,0.4862562119960785
779,Federal Democratic Republic of Ethiopia_4_150,Federal Democratic Republic of Ethiopia,Federal Democratic Republic of Ethiopia_3_45,4,Ethiopia gains flexibility in electricity generation scheduling,False,1.2562251389026642,4.608403712511063,0.4063684344291687,0.3374064266681671
780,Federal Democratic Republic of Ethiopia_5_514,Federal Democratic Republic of Ethiopia,Federal Democratic Republic of Ethiopia_4_150,5,Ethiopia reduces operational constraints from downstream coordination requirements,True,0.9226772785186768,5.531080991029739,0.5356317758560181,0.5416909456253052
781,Federal Democratic Republic of Ethiopia_5_513,Federal Democratic Republic of Ethiopia,Federal Democratic Republic of Ethiopia_4_150,5,Ethiopia can adjust electricity exports based on market conditions,True,1.1943975985050201,5.802801311016083,0.45099660754203796,0.3546057939529419
782,Federal Democratic Republic of Ethiopia_4_149,Federal Democratic Republic of Ethiopia,Federal Democratic Republic of Ethiopia_3_45,4,Ethiopia reduces external constraints on reservoir management,False,0.795566201210022,4.14774477481842,0.5862249135971069,0.6182088851928711
783,Federal Democratic Republic of Ethiopia_5_369,Federal Democratic Republic of Ethiopia,Federal Democratic Republic of Ethiopia_4_149,5,Ethiopia prioritizes reservoir filling over downstream flow commitments,True,0.9639458656311035,5.111690640449524,0.49597012996673584,0.5400840044021606
784,Federal Democratic Republic of Ethiopia_4_148,Federal Democratic Republic of Ethiopia,Federal Democratic Republic of Ethiopia_3_45,4,Ethiopia can adjust water releases based on domestic priorities,False,0.8248227834701538,4.177001357078552,0.6205046772956848,0.5546725392341614
785,Federal Democratic Republic of Ethiopia_5_382,Federal Democratic Republic of Ethiopia,Federal Democratic Republic of Ethiopia_4_148,5,Ethiopia maintains higher water retention for energy security,True,1.2226880192756653,5.3996893763542175,0.3692416548728943,0.40807032585144043
786,Federal Democratic Republic of Ethiopia_5_381,Federal Democratic Republic of Ethiopia,Federal Democratic Republic of Ethiopia_4_148,5,Ethiopia reduces water releases when reservoir levels decline,True,1.0684395730495453,5.2454409301280975,0.4558045268058777,0.475755900144577
787,Federal Democratic Republic of Ethiopia_2_12,Federal Democratic Republic of Ethiopia,Federal Democratic Republic of Ethiopia_1_3,2,International law shifts toward upstream development rights,False,0.832482635974884,2.0273462533950806,0.7262411117553711,0.4412762522697449
788,Federal Democratic Republic of Ethiopia_3_40,Federal Democratic Republic of Ethiopia,Federal Democratic Republic of Ethiopia_2_12,3,Ethiopia's GERD operation gains broader international legitimacy,False,1.5003862380981445,3.527732491493225,0.27810603380203247,0.221507728099823
789,Federal Democratic Republic of Ethiopia_4_166,Federal Democratic Republic of Ethiopia,Federal Democratic Republic of Ethiopia_3_40,4,International water law scholars reference Ethiopia's approach favorably,False,1.0009557604789734,4.5286882519721985,0.5650566816329956,0.433987557888031
790,Federal Democratic Republic of Ethiopia_5_477,Federal Democratic Republic of Ethiopia,Federal Democratic Republic of Ethiopia_4_166,5,International legal advisors recommend Ethiopia's precedent to clients,True,1.2682823240756989,5.796970576047897,0.44488686323165894,0.2868308126926422
791,Federal Democratic Republic of Ethiopia_5_476,Federal Democratic Republic of Ethiopia,Federal Democratic Republic of Ethiopia_4_166,5,Ethiopia's legal arguments gain citation in scholarly publications,True,1.4517179876565933,5.980406239628792,0.33741092681884766,0.21087108552455902
792,Federal Democratic Republic of Ethiopia_5_475,Federal Democratic Republic of Ethiopia,Federal Democratic Republic of Ethiopia_4_166,5,Law schools incorporate GERD case into curriculum materials,True,1.6040101796388626,6.132698431611061,0.22142082452774048,0.1745689958333969
793,Federal Democratic Republic of Ethiopia_5_474,Federal Democratic Republic of Ethiopia,Federal Democratic Republic of Ethiopia_4_166,5,Academic institutions invite Ethiopian officials for water law conferences,True,1.192186176776886,5.7208744287490845,0.41732922196388245,0.39048460125923157
794,Federal Democratic Republic of Ethiopia_4_165,Federal Democratic Republic of Ethiopia,Federal Democratic Republic of Ethiopia_3_40,4,Ethiopia reduces diplomatic concessions in trilateral GERD negotiations,True,1.4443497955799103,4.972082287073135,0.30486005544662476,0.25079014897346497
795,Federal Democratic Republic of Ethiopia_4_163,Federal Democratic Republic of Ethiopia,Federal Democratic Republic of Ethiopia_3_40,4,Ethiopia attracts increased international development financing for water projects,False,1.225523054599762,4.753255546092987,0.38822633028030396,0.3862506151199341
796,Federal Democratic Republic of Ethiopia_5_594,Federal Democratic Republic of Ethiopia,Federal Democratic Republic of Ethiopia_4_163,5,Ethiopia accelerates construction timelines for planned dam projects,True,1.2432674169540405,5.996522963047028,0.29218417406082153,0.46454840898513794
797,Federal Democratic Republic of Ethiopia_5_593,Federal Democratic Republic of Ethiopia,Federal Democratic Republic of Ethiopia_4_163,5,Ethiopia's water sector attracts private international investment,True,1.2531300783157349,6.006385624408722,0.37635940313339233,0.3705105185508728
798,Federal Democratic Republic of Ethiopia_5_592,Federal Democratic Republic of Ethiopia,Federal Democratic Republic of Ethiopia_4_163,5,Ethiopia reduces dependence on traditional development aid sources,True,1.2451836466789246,5.998439192771912,0.44328105449676514,0.3115352988243103
799,Federal Democratic Republic of Ethiopia_3_39,Federal Democratic Republic of Ethiopia,Federal Democratic Republic of Ethiopia_2_12,3,Colonial-era water treaties lose international legal standing,False,1.0521200895309448,3.0794663429260254,0.5261808633804321,0.42169904708862305
800,Federal Democratic Republic of Ethiopia_4_132,Federal Democratic Republic of Ethiopia,Federal Democratic Republic of Ethiopia_3_39,4,International water law precedent favors territorial sovereignty principles,False,0.7966635227203369,3.8761298656463623,0.7000944018363953,0.5032420754432678
801,Federal Democratic Republic of Ethiopia_5_267,Federal Democratic Republic of Ethiopia,Federal Democratic Republic of Ethiopia_4_132,5,Federal Democratic Republic of Ethiopia's territorial water control gains broader legal legitimacy,True,0.974857896566391,4.850987762212753,0.5444295406341553,0.48071256279945374
802,Federal Democratic Republic of Ethiopia_5_266,Federal Democratic Republic of Ethiopia,Federal Democratic Republic of Ethiopia_4_132,5,International courts prioritize state sovereignty over transboundary cooperation obligations,True,1.0172696709632874,4.89339953660965,0.584648609161377,0.3980817198753357
803,Federal Democratic Republic of Ethiopia_4_131,Federal Democratic Republic of Ethiopia,Federal Democratic Republic of Ethiopia_3_39,4,Egypt's historical water allocation claims become legally unenforceable,False,1.1421623229980469,4.221628665924072,0.4751778841018677,0.38265979290008545
804,Federal Democratic Republic of Ethiopia_5_397,Federal Democratic Republic of Ethiopia,Federal Democratic Republic of Ethiopia_4_131,5,Downstream countries must negotiate water rights from weakened position,True,0.8357313871383667,5.057360053062439,0.6227421760559082,0.5415264368057251
805,Federal Democratic Republic of Ethiopia_3_38,Federal Democratic Republic of Ethiopia,Federal Democratic Republic of Ethiopia_2_12,3,Downstream water rights become legally subordinated to development,False,0.7360408306121826,2.763387084007263,0.6712383031845093,0.5927208662033081
806,Federal Democratic Republic of Ethiopia_4_76,Federal Democratic Republic of Ethiopia,Federal Democratic Republic of Ethiopia_3_38,4,Other upstream nations gain precedent for unilateral dam construction,False,0.8817694783210754,3.6451565623283386,0.5856240391731262,0.5326064825057983
807,Federal Democratic Republic of Ethiopia_5_180,Federal Democratic Republic of Ethiopia,Federal Democratic Republic of Ethiopia_4_76,5,Multilateral water treaties become harder to negotiate and enforce,False,1.0594314932823181,4.704588055610657,0.460565447807312,0.4800030589103699
808,Federal Democratic Republic of Ethiopia_6_569,Federal Democratic Republic of Ethiopia,Federal Democratic Republic of Ethiopia_5_180,6,Bilateral water agreements become the preferred negotiation framework,True,0.8766680955886841,5.581256151199341,0.5707962512969971,0.5525356531143188
809,Federal Democratic Republic of Ethiopia_5_179,Federal Democratic Republic of Ethiopia,Federal Democratic Republic of Ethiopia_4_76,5,Downstream nations lose leverage in future water negotiations,False,0.9989197254180908,4.644076287746429,0.5247474908828735,0.47633278369903564
810,Federal Democratic Republic of Ethiopia_6_534,Federal Democratic Republic of Ethiopia,Federal Democratic Republic of Ethiopia_5_179,6,International water law precedents favor development over allocation,True,0.6938562393188477,5.337932527065277,0.7517966032028198,0.5543471574783325
811,Federal Democratic Republic of Ethiopia_6_532,Federal Democratic Republic of Ethiopia,Federal Democratic Republic of Ethiopia_5_179,6,Regional water cooperation frameworks weaken significantly,True,1.0015821158885956,5.645658403635025,0.475254088640213,0.5231637954711914
812,Federal Democratic Republic of Ethiopia_6_531,Federal Democratic Republic of Ethiopia,Federal Democratic Republic of Ethiopia_5_179,6,Upstream nations accelerate unilateral water infrastructure development,True,0.9344339966773987,5.578510284423828,0.5644734501838684,0.5010925531387329
813,Federal Democratic Republic of Ethiopia_5_178,Federal Democratic Republic of Ethiopia,Federal Democratic Republic of Ethiopia_4_76,5,International water law becomes increasingly fragmented and contested,False,0.89811772108078,4.543274283409119,0.5736050605773926,0.5282772183418274
814,Federal Democratic Republic of Ethiopia_6_481,Federal Democratic Republic of Ethiopia,Federal Democratic Republic of Ethiopia_5_178,6,Regional water conflicts escalate due to absence of binding arbitration frameworks,True,1.0757886171340942,5.619062900543213,0.4963389039039612,0.4278724789619446
815,Federal Democratic Republic of Ethiopia_6_480,Federal Democratic Republic of Ethiopia,Federal Democratic Republic of Ethiopia_5_178,6,States increasingly pursue unilateral water infrastructure projects without consultation,True,0.9982967972755432,5.541571080684662,0.5078403949737549,0.4938628077507019
816,Federal Democratic Republic of Ethiopia_6_478,Federal Democratic Republic of Ethiopia,Federal Democratic Republic of Ethiopia_5_178,6,Transboundary water disputes multiply globally without clear legal resolution mechanisms,True,0.9581626057624817,5.5014368891716,0.5246475338935852,0.5171898603439331
817,Federal Democratic Republic of Ethiopia_5_177,Federal Democratic Republic of Ethiopia,Federal Democratic Republic of Ethiopia_4_76,5,Regional water conflicts multiply across transboundary river systems,False,1.0028938949108124,4.648050457239151,0.4738912284374237,0.5232148766517639
818,Federal Democratic Republic of Ethiopia_6_542,Federal Democratic Republic of Ethiopia,Federal Democratic Republic of Ethiopia_5_177,6,Water security becomes militarized in affected regions,True,1.0378069281578064,5.685857385396957,0.45124363899230957,0.510949432849884
819,Federal Democratic Republic of Ethiopia_6_541,Federal Democratic Republic of Ethiopia,Federal Democratic Republic of Ethiopia_5_177,6,Upstream countries accelerate uncoordinated dam construction projects,True,1.0624788701534271,5.710529327392578,0.4397437572479248,0.49777737259864807
820,Federal Democratic Republic of Ethiopia_6_540,Federal Democratic Republic of Ethiopia,Federal Democratic Republic of Ethiopia_5_177,6,Bilateral water negotiations replace multilateral frameworks,True,0.9229782223701477,5.571028679609299,0.5394734740257263,0.537548303604126
821,Federal Democratic Republic of Ethiopia_6_539,Federal Democratic Republic of Ethiopia,Federal Democratic Republic of Ethiopia_5_177,6,International water governance institutions lose regulatory authority,True,0.9094914793968201,5.557541936635971,0.5329533815383911,0.5575551390647888
822,Federal Democratic Republic of Ethiopia_4_75,Federal Democratic Republic of Ethiopia,Federal Democratic Republic of Ethiopia_3_38,4,Sudan's infrastructure protection claims become legally weakened,False,1.2026353180408478,3.966022402048111,0.4107157289981842,0.386648952960968
823,Federal Democratic Republic of Ethiopia_5_299,Federal Democratic Republic of Ethiopia,Federal Democratic Republic of Ethiopia_4_75,5,Sudan's dam safety concerns carry less international weight,True,1.0334010124206543,4.999423414468765,0.4614468216896057,0.50515216588974
824,Federal Democratic Republic of Ethiopia_5_298,Federal Democratic Republic of Ethiopia,Federal Democratic Republic of Ethiopia_4_75,5,Ethiopia faces reduced pressure for infrastructure coordination,True,1.029828131198883,4.995850533246994,0.4404537081718445,0.5297181606292725
825,Federal Democratic Republic of Ethiopia_5_297,Federal Democratic Republic of Ethiopia,Federal Democratic Republic of Ethiopia_4_75,5,Sudan loses legal leverage in trilateral negotiations,True,1.4831138253211975,5.4491362273693085,0.2798769474029541,0.2370092272758484
826,Federal Democratic Republic of Ethiopia_4_74,Federal Democratic Republic of Ethiopia,Federal Democratic Republic of Ethiopia_3_38,4,Egypt's historical water allocation treaties lose international legitimacy,False,1.1322365403175354,3.8956236243247986,0.47803711891174316,0.38972634077072144
827,Federal Democratic Republic of Ethiopia_5_273,Federal Democratic Republic of Ethiopia,Federal Democratic Republic of Ethiopia_4_74,5,Other upstream nations gain precedent to challenge downstream treaties,True,1.0772912502288818,4.97291487455368,0.5509150624275208,0.3717936873435974
828,Federal Democratic Republic of Ethiopia_5_272,Federal Democratic Republic of Ethiopia,Federal Democratic Republic of Ethiopia_4_74,5,Sudan's colonial-era water agreements become internationally questionable,True,1.0612150728702545,4.956838697195053,0.4809684455394745,0.457816481590271
829,Federal Democratic Republic of Ethiopia_5_271,Federal Democratic Republic of Ethiopia,Federal Democratic Republic of Ethiopia_4_74,5,Egypt loses legal basis for demanding fixed water quotas,True,1.2726114988327026,5.168235123157501,0.3928212523460388,0.33456724882125854
830,Federal Democratic Republic of Ethiopia_3_37,Federal Democratic Republic of Ethiopia,Federal Democratic Republic of Ethiopia_2_12,3,Other upstream nations gain legal justification for unilateral projects,False,1.0100740790367126,3.037420332431793,0.6141074895858765,0.3758184313774109
831,Federal Democratic Republic of Ethiopia_4_129,Federal Democratic Republic of Ethiopia,Federal Democratic Republic of Ethiopia_3_37,4,Transboundary river negotiations shift toward upstream leverage,False,0.9606363773345947,3.998056709766388,0.5277411937713623,0.511622428894043
832,Federal Democratic Republic of Ethiopia_5_318,Federal Democratic Republic of Ethiopia,Federal Democratic Republic of Ethiopia_4_129,5,Ethiopia's approach becomes template for other upstream nations,True,1.0838611125946045,5.081917822360992,0.5124564170837402,0.4036824703216553
833,Federal Democratic Republic of Ethiopia_5_317,Federal Democratic Republic of Ethiopia,Federal Democratic Republic of Ethiopia_4_129,5,Regional water agreements favor infrastructure developers over historical users,True,0.8898588418960571,4.887915551662445,0.5692009925842285,0.5409401655197144
834,Federal Democratic Republic of Ethiopia_4_128,Federal Democratic Republic of Ethiopia,Federal Democratic Republic of Ethiopia_3_37,4,International water law precedents multiply rapidly,False,1.0463613867759705,4.083781719207764,0.4980345070362091,0.45560410618782043
835,Federal Democratic Republic of Ethiopia_5_350,Federal Democratic Republic of Ethiopia,Federal Democratic Republic of Ethiopia_4_128,5,Regional water conflicts intensify due to legal ambiguity,True,1.0726431608200073,5.156424880027771,0.46509507298469543,0.46226176619529724
836,Federal Democratic Republic of Ethiopia_5_349,Federal Democratic Republic of Ethiopia,Federal Democratic Republic of Ethiopia_4_128,5,International water governance frameworks face systematic challenges,True,0.7419061660766602,4.825687885284424,0.60175621509552,0.6563376188278198
837,Federal Democratic Republic of Ethiopia_5_348,Federal Democratic Republic of Ethiopia,Federal Democratic Republic of Ethiopia_4_128,5,Downstream nations accelerate defensive legal strategies,True,1.2124363481998444,5.296218067407608,0.477793425321579,0.30977022647857666
838,Federal Democratic Republic of Ethiopia_5_347,Federal Democratic Republic of Ethiopia,Federal Democratic Republic of Ethiopia_4_128,5,Legal uncertainty increases in transboundary water disputes globally,True,1.0047158300876617,5.088497549295425,0.47572723031044006,0.5195569396018982
839,Federal Democratic Republic of Ethiopia_4_127,Federal Democratic Republic of Ethiopia,Federal Democratic Republic of Ethiopia_3_37,4,Downstream nations face increased infrastructure development pressure,False,1.0329769849777222,4.070397317409515,0.45613235235214233,0.5108906626701355
840,Federal Democratic Republic of Ethiopia_5_339,Federal Democratic Republic of Ethiopia,Federal Democratic Republic of Ethiopia_4_127,5,International donors face competing infrastructure funding requests,True,1.273835301399231,5.344232618808746,0.37041008472442627,0.3557546138763428
841,Federal Democratic Republic of Ethiopia_5_338,Federal Democratic Republic of Ethiopia,Federal Democratic Republic of Ethiopia_4_127,5,Downstream countries seek alternative water security arrangements,True,0.7751988768577576,4.845596194267273,0.6509530544281006,0.5738480687141418
842,Federal Democratic Republic of Ethiopia_5_336,Federal Democratic Republic of Ethiopia,Federal Democratic Republic of Ethiopia_4_127,5,Downstream nations accelerate defensive water infrastructure projects,True,0.9736229181289673,5.044020235538483,0.49678266048431396,0.5295944213867188
843,Federal Democratic Republic of Ethiopia_4_126,Federal Democratic Republic of Ethiopia,Federal Democratic Republic of Ethiopia_3_37,4,Regional water allocation frameworks become destabilized,False,0.7272801995277405,3.7647005319595337,0.6447018980979919,0.6280179023742676
844,Federal Democratic Republic of Ethiopia_5_204,Federal Democratic Republic of Ethiopia,Federal Democratic Republic of Ethiopia_4_126,5,Regional economic integration projects face increased uncertainty,True,1.275648057460785,5.040348589420319,0.33562493324279785,0.38872700929641724
845,Federal Democratic Republic of Ethiopia_5_203,Federal Democratic Republic of Ethiopia,Federal Democratic Republic of Ethiopia_4_126,5,Downstream nations pursue alternative security arrangements,True,1.0095049142837524,4.774205446243286,0.570833683013916,0.41966140270233154
846,Federal Democratic Republic of Ethiopia_5_202,Federal Democratic Republic of Ethiopia,Federal Democratic Republic of Ethiopia_4_126,5,International water law precedents lose binding authority,False,0.9283187985420227,4.693019330501556,0.585014820098877,0.48666638135910034
847,Federal Democratic Republic of Ethiopia_6_568,Federal Democratic Republic of Ethiopia,Federal Democratic Republic of Ethiopia_5_202,6,International arbitration mechanisms lose credibility in water disputes,True,1.1534643173217773,5.846483647823334,0.4738016724586487,0.372734010219574
848,Federal Democratic Republic of Ethiopia_6_567,Federal Democratic Republic of Ethiopia,Federal Democratic Republic of Ethiopia_5_202,6,Regional powers assert unilateral control over transboundary resources,True,1.1334182918071747,5.826437622308731,0.48382568359375,0.3827560245990753
849,Federal Democratic Republic of Ethiopia_6_565,Federal Democratic Republic of Ethiopia,Federal Democratic Republic of Ethiopia_5_202,6,States prioritize bilateral negotiations over multilateral water treaties,True,0.9608403742313385,5.653859704732895,0.5507591962814331,0.4884004294872284
850,Federal Democratic Republic of Ethiopia_5_201,Federal Democratic Republic of Ethiopia,Federal Democratic Republic of Ethiopia_4_126,5,Transboundary water disputes multiply across African river basins,True,1.055033951997757,4.819734483957291,0.4462520182132721,0.49871402978897095
851,Federal Democratic Republic of Ethiopia_2_11,Federal Democratic Republic of Ethiopia,Federal Democratic Republic of Ethiopia_1_3,2,Ethiopia's legal position strengthens in future Nile negotiations,False,1.430737853050232,2.6256014704704285,0.31768882274627686,0.2515733242034912
852,Federal Democratic Republic of Ethiopia_3_66,Federal Democratic Republic of Ethiopia,Federal Democratic Republic of Ethiopia_2_11,3,Ethiopia establishes precedent for unilateral infrastructure development rights,False,1.0235616564750671,3.6491631269454956,0.5143476724624634,0.4620906710624695
853,Federal Democratic Republic of Ethiopia_4_187,Federal Democratic Republic of Ethiopia,Federal Democratic Republic of Ethiopia_3_66,4,Ethiopia's regional infrastructure planning becomes more autonomous,True,1.1132610738277435,4.762424200773239,0.4666312336921692,0.4201076924800873
854,Federal Democratic Republic of Ethiopia_4_184,Federal Democratic Republic of Ethiopia,Federal Democratic Republic of Ethiopia_3_66,4,Ethiopia gains leverage to develop additional Nile tributary projects,True,1.3235775828361511,4.972740709781647,0.31579968333244324,0.36062273383140564
855,Federal Democratic Republic of Ethiopia_3_65,Federal Democratic Republic of Ethiopia,Federal Democratic Republic of Ethiopia_2_11,3,Ethiopia's sovereignty claims over transboundary resources receive validation,False,1.1515244543552399,3.7771259248256683,0.4518626928329468,0.39661285281181335
856,Federal Democratic Republic of Ethiopia_4_208,Federal Democratic Republic of Ethiopia,Federal Democratic Republic of Ethiopia_3_65,4,International recognition of Ethiopia's water sovereignty principles emerges,False,0.9491077959537506,4.726233720779419,0.5599300265312195,0.4909621775150299
857,Federal Democratic Republic of Ethiopia_5_582,Federal Democratic Republic of Ethiopia,Federal Democratic Republic of Ethiopia_4_208,5,Ethiopia's bargaining power increases in regional water negotiations,True,1.199362725019455,5.925596445798874,0.395161509513855,0.40547576546669006
858,Federal Democratic Republic of Ethiopia_4_207,Federal Democratic Republic of Ethiopia,Federal Democratic Republic of Ethiopia_3_65,4,Ethiopia's domestic legitimacy for GERD project increases significantly,True,1.454708456993103,5.231834381818771,0.29606008529663086,0.2492314577102661
859,Federal Democratic Republic of Ethiopia_4_205,Federal Democratic Republic of Ethiopia,Federal Democratic Republic of Ethiopia_3_65,4,Ethiopia gains precedent for unilateral transboundary resource decisions,True,1.0949451327323914,4.87207105755806,0.48737436532974243,0.4176805019378662
860,Federal Democratic Republic of Ethiopia_3_64,Federal Democratic Republic of Ethiopia,Federal Democratic Republic of Ethiopia_2_11,3,Ethiopia gains leverage over downstream water allocation decisions,False,1.013016402721405,3.6386178731918335,0.5096119046211243,0.4773716926574707
861,Federal Democratic Republic of Ethiopia_4_176,Federal Democratic Republic of Ethiopia,Federal Democratic Republic of Ethiopia_3_64,4,Ethiopia gains ability to influence Sudan's water infrastructure decisions,False,0.9994694590568542,4.638087332248688,0.47771865129470825,0.5228118896484375
862,Federal Democratic Republic of Ethiopia_5_530,Federal Democratic Republic of Ethiopia,Federal Democratic Republic of Ethiopia_4_176,5,Ethiopia gains bargaining power in future Blue Nile projects,True,1.4178059697151184,6.055893301963806,0.2970614731311798,0.2851325571537018
863,Federal Democratic Republic of Ethiopia_5_529,Federal Democratic Republic of Ethiopia,Federal Democratic Republic of Ethiopia_4_176,5,Ethiopia can leverage infrastructure decisions for broader regional agreements,True,1.0169315934181213,5.655018925666809,0.47415709495544434,0.5089113116264343
864,Federal Democratic Republic of Ethiopia_5_528,Federal Democratic Republic of Ethiopia,Federal Democratic Republic of Ethiopia_4_176,5,Sudan becomes dependent on Ethiopian cooperation for dam operations,True,1.123354732990265,5.761442065238953,0.3709907531738281,0.505654513835907
865,Federal Democratic Republic of Ethiopia_5_527,Federal Democratic Republic of Ethiopia,Federal Democratic Republic of Ethiopia_4_176,5,Ethiopia gains strategic control over regional water infrastructure coordination,True,0.982687771320343,5.620775103569031,0.45042914152145386,0.5668830871582031
866,Federal Democratic Republic of Ethiopia_4_175,Federal Democratic Republic of Ethiopia,Federal Democratic Republic of Ethiopia_3_64,4,Ethiopia's negotiating position strengthens against Egyptian historical claims,True,1.6463432610034943,5.284961134195328,0.19706806540489197,0.15658867359161377
867,Federal Democratic Republic of Ethiopia_4_174,Federal Democratic Republic of Ethiopia,Federal Democratic Republic of Ethiopia_3_64,4,Ethiopia can demand concessions in future regional water agreements,False,1.0171470046043396,4.655764877796173,0.5076576471328735,0.47519534826278687
868,Federal Democratic Republic of Ethiopia_5_551,Federal Democratic Republic of Ethiopia,Federal Democratic Republic of Ethiopia_4_174,5,Ethiopia's negotiating position becomes institutionally recognized by regional bodies,True,1.2824072241783142,5.938172101974487,0.3907395601272583,0.3268532156944275
869,Federal Democratic Republic of Ethiopia_5_550,Federal Democratic Republic of Ethiopia,Federal Democratic Republic of Ethiopia_4_174,5,Ethiopia can leverage concession-seeking ability for economic benefits,True,1.3165953755378723,5.972360253334045,0.4028032422065735,0.2806013822555542
870,Federal Democratic Republic of Ethiopia_5_549,Federal Democratic Republic of Ethiopia,Federal Democratic Republic of Ethiopia_4_174,5,Ethiopia's demands carry greater weight in multilateral negotiations,True,1.4185914993286133,6.074356377124786,0.2878371477127075,0.2935713529586792
871,Federal Democratic Republic of Ethiopia_5_548,Federal Democratic Republic of Ethiopia,Federal Democratic Republic of Ethiopia_4_174,5,Ethiopia can negotiate from position of established precedent,True,1.2247890532016754,5.8805539309978485,0.4431508183479309,0.3320601284503937
872,Federal Democratic Republic of Ethiopia_2_10,Federal Democratic Republic of Ethiopia,Federal Democratic Republic of Ethiopia_1_3,2,Other upstream nations cite Ethiopia's precedent in water disputes,False,0.9413504600524902,2.1362140774726868,0.5716423392295837,0.487007200717926
873,Federal Democratic Republic of Ethiopia_3_44,Federal Democratic Republic of Ethiopia,Federal Democratic Republic of Ethiopia_2_10,3,Ethiopia's negotiating leverage increases in future disputes,False,1.436538279056549,3.572752356529236,0.2845035195350647,0.27895820140838623
874,Federal Democratic Republic of Ethiopia_4_169,Federal Democratic Republic of Ethiopia,Federal Democratic Republic of Ethiopia_3_44,4,Ethiopia's regional allies seek comparable upstream development rights,False,1.0115149021148682,4.584267258644104,0.5672105550765991,0.4212745428085327
875,Federal Democratic Republic of Ethiopia_5_503,Federal Democratic Republic of Ethiopia,Federal Democratic Republic of Ethiopia_4_169,5,Downstream nations form defensive coalitions against upstream projects,True,1.0972766280174255,5.6815438866615295,0.48608338832855225,0.4166399836540222
876,Federal Democratic Republic of Ethiopia_5_502,Federal Democratic Republic of Ethiopia,Federal Democratic Republic of Ethiopia_4_169,5,Ethiopia faces increased pressure to provide technical assistance,True,1.429186463356018,6.013453722000122,0.26797643303871155,0.3028371036052704
877,Federal Democratic Republic of Ethiopia_4_168,Federal Democratic Republic of Ethiopia,Federal Democratic Republic of Ethiopia_3_44,4,Ethiopia resists international mediation in future water conflicts,False,1.1887677311897278,4.761520087718964,0.4181097447872162,0.39312252402305603
878,Federal Democratic Republic of Ethiopia_5_604,Federal Democratic Republic of Ethiopia,Federal Democratic Republic of Ethiopia_4_168,5,Ethiopia withdraws from existing transboundary water institutions,True,1.0834062695503235,5.844926357269287,0.44973862171173096,0.46685510873794556
879,Federal Democratic Republic of Ethiopia_5_603,Federal Democratic Republic of Ethiopia,Federal Democratic Republic of Ethiopia_4_168,5,Ethiopia prioritizes domestic water infrastructure over regional coordination,True,0.9096980690956116,5.671218156814575,0.5260623097419739,0.5642396211624146
880,Federal Democratic Republic of Ethiopia_5_602,Federal Democratic Republic of Ethiopia,Federal Democratic Republic of Ethiopia_4_168,5,Ethiopia's regional diplomatic isolation increases,True,1.5513666272163391,6.312886714935303,0.24656760692596436,0.20206576585769653
881,Federal Democratic Republic of Ethiopia_5_601,Federal Democratic Republic of Ethiopia,Federal Democratic Republic of Ethiopia_4_168,5,Ethiopia develops bilateral water agreements bypassing multilateral frameworks,True,1.0444635152816772,5.805983603000641,0.4786525368690491,0.4768839478492737
882,Federal Democratic Republic of Ethiopia_4_167,Federal Democratic Republic of Ethiopia,Federal Democratic Republic of Ethiopia_3_44,4,Ethiopia demands similar concessions in other transboundary resource negotiations,False,1.1517531275749207,4.7245054841041565,0.4474644660949707,0.40078240633010864
883,Federal Democratic Republic of Ethiopia_5_580,Federal Democratic Republic of Ethiopia,Federal Democratic Republic of Ethiopia_4_167,5,Ethiopia demands development priority in regional trade agreement negotiations,True,1.3324356079101562,6.056941092014313,0.3573541045188904,0.31021028757095337
884,Federal Democratic Republic of Ethiopia_5_579,Federal Democratic Republic of Ethiopia,Federal Democratic Republic of Ethiopia_4_167,5,Ethiopia cites upstream sovereignty in telecommunications infrastructure talks,True,1.0111474990844727,5.735652983188629,0.5016657114028931,0.4871867895126343
885,Federal Democratic Republic of Ethiopia_5_578,Federal Democratic Republic of Ethiopia,Federal Democratic Republic of Ethiopia_4_167,5,Ethiopia leverages water rights success in mineral extraction disputes,True,1.1185385286808014,5.843044012784958,0.4612573981285095,0.4202040731906891
886,Federal Democratic Republic of Ethiopia_5_577,Federal Democratic Republic of Ethiopia,Federal Democratic Republic of Ethiopia_4_167,5,Ethiopia applies GERD precedent to cross-border oil pipeline negotiations,True,1.1414362788200378,5.865941762924194,0.42995184659957886,0.4286118745803833
887,Federal Democratic Republic of Ethiopia_3_43,Federal Democratic Republic of Ethiopia,Federal Democratic Republic of Ethiopia_2_10,3,Regional water cooperation frameworks become destabilized,False,0.8212323784828186,2.9574464559555054,0.5588951706886292,0.6198724508285522
888,Federal Democratic Republic of Ethiopia_4_119,Federal Democratic Republic of Ethiopia,Federal Democratic Republic of Ethiopia_3_43,4,Ethiopia faces increased pressure to join binding international water conventions,False,1.2511887848377228,4.208635240793228,0.354423463344574,0.39438775181770325
889,Federal Democratic Republic of Ethiopia_5_391,Federal Democratic Republic of Ethiopia,Federal Democratic Republic of Ethiopia_4_119,5,Ethiopia loses flexibility in future dam construction projects,True,0.9606494903564453,5.1692847311496735,0.46802425384521484,0.5713262557983398
890,Federal Democratic Republic of Ethiopia_5_389,Federal Democratic Republic of Ethiopia,Federal Democratic Republic of Ethiopia_4_119,5,Ethiopia's sovereignty over natural resources becomes subject to external oversight,True,0.9752088189125061,5.183844059705734,0.505678653717041,0.5191125273704529
891,Federal Democratic Republic of Ethiopia_4_118,Federal Democratic Republic of Ethiopia,Federal Democratic Republic of Ethiopia_3_43,4,International donors reduce funding for regional water cooperation initiatives,False,1.022330492734909,3.9797769486904144,0.533744215965271,0.44392529129981995
892,Federal Democratic Republic of Ethiopia_5_309,Federal Democratic Republic of Ethiopia,Federal Democratic Republic of Ethiopia_4_118,5,Ethiopia becomes more reliant on domestic financing for water projects,True,1.0958790183067322,5.075655966997147,0.4449494481086731,0.4591715335845947
893,Federal Democratic Republic of Ethiopia_5_308,Federal Democratic Republic of Ethiopia,Federal Democratic Republic of Ethiopia_4_118,5,Regional water infrastructure projects face financing shortfalls,True,1.0329245924949646,5.012701541185379,0.4234541654586792,0.5436212420463562
894,Federal Democratic Republic of Ethiopia_4_117,Federal Democratic Republic of Ethiopia,Federal Democratic Republic of Ethiopia_3_43,4,Neighboring countries pursue bilateral water agreements bypassing multilateral frameworks,False,0.9586822390556335,3.916128695011139,0.5469969511032104,0.494320809841156
895,Federal Democratic Republic of Ethiopia_5_285,Federal Democratic Republic of Ethiopia,Federal Democratic Republic of Ethiopia_4_117,5,Water dispute resolution becomes fragmented across multiple venues,True,1.0062018930912018,4.922330588102341,0.48198947310447693,0.5118086338043213
896,Federal Democratic Republic of Ethiopia_5_284,Federal Democratic Republic of Ethiopia,Federal Democratic Republic of Ethiopia_4_117,5,Multilateral donor funding shifts toward bilateral water projects,True,0.9888543486595154,4.904983043670654,0.5268619060516357,0.4842837452888489
897,Federal Democratic Republic of Ethiopia_5_283,Federal Democratic Republic of Ethiopia,Federal Democratic Republic of Ethiopia_4_117,5,Ethiopia faces exclusion from emerging regional water partnerships,True,1.0916481018066406,5.0077767968177795,0.4749715328216553,0.4333803653717041
898,Federal Democratic Republic of Ethiopia_3_42,Federal Democratic Republic of Ethiopia,Federal Democratic Republic of Ethiopia_2_10,3,Downstream nations face weakened legal positions globally,False,1.1268287897109985,3.2630428671836853,0.5226763486862183,0.3504948616027832
899,Federal Democratic Republic of Ethiopia_4_147,Federal Democratic Republic of Ethiopia,Federal Democratic Republic of Ethiopia_3_42,4,Downstream countries form coalitions to counter upstream precedents,False,1.0716672837734222,4.3347101509571075,0.5279958844184875,0.4003368318080902
900,Federal Democratic Republic of Ethiopia_5_434,Federal Democratic Republic of Ethiopia,Federal Democratic Republic of Ethiopia_4_147,5,Regional water disputes escalate as coalitions formalize opposing legal positions,True,1.137241691350937,5.471951842308044,0.4329645037651062,0.4297938048839569
901,Federal Democratic Republic of Ethiopia_5_433,Federal Democratic Republic of Ethiopia,Federal Democratic Republic of Ethiopia_4_147,5,Ethiopia faces coordinated diplomatic pressure from multiple downstream nations,True,1.3760557174682617,5.710765868425369,0.3181118369102478,0.3058324456214905
902,Federal Democratic Republic of Ethiopia_5_432,Federal Democratic Republic of Ethiopia,Federal Democratic Republic of Ethiopia_4_147,5,International water law becomes increasingly polarized between upstream-downstream blocs,True,0.8503512144088745,5.185061365365982,0.6266096830368042,0.5230391025543213
903,Federal Democratic Republic of Ethiopia_5_431,Federal Democratic Republic of Ethiopia,Federal Democratic Republic of Ethiopia_4_147,5,Coalition members coordinate legal challenges against Ethiopian dam operations,True,0.9375767111778259,5.2722868621349335,0.46962636709213257,0.5927969217300415
904,Federal Democratic Republic of Ethiopia_4_146,Federal Democratic Republic of Ethiopia,Federal Democratic Republic of Ethiopia_3_42,4,Regional water disputes increase as legal precedents shift,False,1.0434377789497375,4.306480646133423,0.48835745453834534,0.4682047665119171
905,Federal Democratic Republic of Ethiopia_5_423,Federal Democratic Republic of Ethiopia,Federal Democratic Republic of Ethiopia_4_146,5,Regional hydro-hegemony dynamics shift toward source countries,True,1.084644466638565,5.391125112771988,0.48949727416038513,0.4258582592010498
906,Federal Democratic Republic of Ethiopia_5_422,Federal Democratic Republic of Ethiopia,Federal Democratic Republic of Ethiopia_4_146,5,Upstream nations gain leverage in existing water negotiations,True,1.0086705088615417,5.315151154994965,0.5351179838180542,0.45621150732040405
907,Federal Democratic Republic of Ethiopia_5_421,Federal Democratic Republic of Ethiopia,Federal Democratic Republic of Ethiopia_4_146,5,Multilateral water treaties face reduced compliance pressure,True,0.95257967710495,5.259060323238373,0.5248978137969971,0.522522509098053
908,Federal Democratic Republic of Ethiopia_4_145,Federal Democratic Republic of Ethiopia,Federal Democratic Republic of Ethiopia_3_42,4,Downstream nations seek alternative legal frameworks to protect water rights,False,0.7025197744369507,3.965562641620636,0.7109085321426392,0.5865716934204102
909,Federal Democratic Republic of Ethiopia_5_295,Federal Democratic Republic of Ethiopia,Federal Democratic Republic of Ethiopia_4_145,5,International water governance institutions lose credibility and influence,True,1.0791722238063812,5.044734865427017,0.4440072476863861,0.47682052850723267
910,Federal Democratic Republic of Ethiopia_5_294,Federal Democratic Republic of Ethiopia,Federal Democratic Republic of Ethiopia_4_145,5,Downstream nations form coalitions against upstream development projects,True,1.0781789720058441,5.04374161362648,0.5062758922576904,0.41554513573646545
911,Federal Democratic Republic of Ethiopia_5_293,Federal Democratic Republic of Ethiopia,Federal Democratic Republic of Ethiopia_4_145,5,Regional water law becomes fragmented and contradictory,True,0.8495984077453613,4.815161049365997,0.6030539274215698,0.5473476648330688
912,Federal Democratic Republic of Ethiopia_3_41,Federal Democratic Republic of Ethiopia,Federal Democratic Republic of Ethiopia_2_10,3,International water law shifts toward upstream sovereignty principles,False,0.7440836429595947,2.8802977204322815,0.7208355665206909,0.5350807905197144
913,Federal Democratic Republic of Ethiopia_4_101,Federal Democratic Republic of Ethiopia,Federal Democratic Republic of Ethiopia_3_41,4,International donors prioritize upstream infrastructure projects over downstream concerns,False,1.0221702456474304,3.902467966079712,0.5188612937927246,0.45896846055984497
914,Federal Democratic Republic of Ethiopia_5_276,Federal Democratic Republic of Ethiopia,Federal Democratic Republic of Ethiopia_4_101,5,Ethiopia attracts increased multilateral investment for additional dam projects,True,1.2368734180927277,5.13934138417244,0.3347775936126709,0.42834898829460144
915,Federal Democratic Republic of Ethiopia_5_275,Federal Democratic Republic of Ethiopia,Federal Democratic Republic of Ethiopia_4_101,5,Regional development banks shift funding criteria toward upstream development priorities,True,1.0324575901031494,4.934925556182861,0.5596714019775391,0.4078710079193115
916,Federal Democratic Republic of Ethiopia_5_274,Federal Democratic Republic of Ethiopia,Federal Democratic Republic of Ethiopia_4_101,5,Downstream countries receive reduced international financing for water infrastructure,True,0.9149410128593445,4.817408978939056,0.5870487689971924,0.49801021814346313
917,Federal Democratic Republic of Ethiopia_4_100,Federal Democratic Republic of Ethiopia,Federal Democratic Republic of Ethiopia_3_41,4,Colonial-era water treaties face systematic legal challenges globally,False,0.897847056388855,3.7781447768211365,0.5737849473953247,0.5283679962158203
918,Federal Democratic Republic of Ethiopia_5_212,Federal Democratic Republic of Ethiopia,Federal Democratic Republic of Ethiopia_4_100,5,Water-related territorial disputes increase in frequency globally,True,1.1367060244083405,4.914850801229477,0.44941017031669617,0.4138838052749634
919,Federal Democratic Republic of Ethiopia_5_211,Federal Democratic Republic of Ethiopia,Federal Democratic Republic of Ethiopia_4_100,5,Developing nations form coalitions challenging historical water allocations,False,0.9670937061309814,4.745238482952118,0.5436248183250427,0.48928147554397583
920,Federal Democratic Republic of Ethiopia_6_587,Federal Democratic Republic of Ethiopia,Federal Democratic Republic of Ethiopia_5_211,6,Regional water conflicts multiply as coalitions challenge established agreements,True,1.0874521732330322,5.83269065618515,0.44800594449043274,0.46454188227653503
921,Federal Democratic Republic of Ethiopia_6_586,Federal Democratic Republic of Ethiopia,Federal Democratic Republic of Ethiopia_5_211,6,Developed nations mobilize diplomatic resources to defend existing treaties,True,1.397570252418518,6.142808735370636,0.3784552812576294,0.22397446632385254
922,Federal Democratic Republic of Ethiopia_5_210,Federal Democratic Republic of Ethiopia,Federal Democratic Republic of Ethiopia_4_100,5,Former colonial powers lose legal leverage in resource disputes,True,1.227366715669632,5.005511492490768,0.45943132042884827,0.3132019639015198
923,Federal Democratic Republic of Ethiopia_5_209,Federal Democratic Republic of Ethiopia,Federal Democratic Republic of Ethiopia_4_100,5,International water governance institutions face legitimacy crises,False,0.978943407535553,4.7570881843566895,0.49108797311782837,0.5299686193466187
924,Federal Democratic Republic of Ethiopia_6_600,Federal Democratic Republic of Ethiopia,Federal Democratic Republic of Ethiopia_5_209,6,Alternative multilateral institutions gain prominence in water dispute resolution,True,1.0090926885604858,5.766180872917175,0.5257777571678162,0.465129554271698
925,Federal Democratic Republic of Ethiopia_6_599,Federal Democratic Republic of Ethiopia,Federal Democratic Republic of Ethiopia_5_209,6,Developing nations withdraw from international water cooperation treaties,True,1.1149299442768097,5.872018128633499,0.4920453727245331,0.3930246829986572
926,Federal Democratic Republic of Ethiopia_6_598,Federal Democratic Republic of Ethiopia,Federal Democratic Republic of Ethiopia_5_209,6,New regional water governance mechanisms emerge outside existing frameworks,True,0.6725206971168518,5.429608881473541,0.6484566926956177,0.6790226101875305
927,Federal Democratic Republic of Ethiopia_4_99,Federal Democratic Republic of Ethiopia,Federal Democratic Republic of Ethiopia_3_41,4,Ethiopia's development financing becomes easier to secure internationally,False,1.2721702456474304,4.152467966079712,0.3907257914543152,0.3371039628982544
928,Federal Democratic Republic of Ethiopia_5_373,Federal Democratic Republic of Ethiopia,Federal Democratic Republic of Ethiopia_4_99,5,Ethiopia attracts Western multilateral development bank funding,True,1.4758989214897156,5.6283668875694275,0.2709563970565796,0.25314468145370483
929,Federal Democratic Republic of Ethiopia_5_372,Federal Democratic Republic of Ethiopia,Federal Democratic Republic of Ethiopia_4_99,5,Ethiopia reduces dependence on Chinese development loans,True,1.3019470572471619,5.454415023326874,0.3876977562904358,0.31035518646240234
930,Federal Democratic Republic of Ethiopia_4_98,Federal Democratic Republic of Ethiopia,Federal Democratic Republic of Ethiopia_3_41,4,Downstream countries lose legal standing in international water tribunals,False,1.086501121520996,3.9667988419532776,0.5410308837890625,0.3724679946899414
931,Federal Democratic Republic of Ethiopia_5_303,Federal Democratic Republic of Ethiopia,Federal Democratic Republic of Ethiopia_4_98,5,International development banks reduce funding for downstream water projects,True,1.0461708009243011,5.012969642877579,0.5182380676269531,0.4355911314487457
932,Federal Democratic Republic of Ethiopia_5_302,Federal Democratic Republic of Ethiopia,Federal Democratic Republic of Ethiopia_4_98,5,Downstream nations strengthen military capabilities near transboundary waters,True,1.2888087332248688,5.255607575178146,0.39010533690452576,0.32108592987060547
933,Federal Democratic Republic of Ethiopia_5_301,Federal Democratic Republic of Ethiopia,Federal Democratic Republic of Ethiopia_4_98,5,Regional water disputes shift from legal to political negotiations,True,0.9361560940742493,4.902954936027527,0.5517380833625793,0.5121058225631714
934,Federal Democratic Republic of Ethiopia_5_300,Federal Democratic Republic of Ethiopia,Federal Democratic Republic of Ethiopia_4_98,5,Downstream countries pursue bilateral agreements bypassing multilateral frameworks,True,1.1583524942398071,5.125151336193085,0.4816746115684509,0.35997289419174194
935,Federal Democratic Republic of Ethiopia_1_2,Federal Democratic Republic of Ethiopia,Federal Democratic Republic of Ethiopia_0_0,1,Sudan demands binding operational commitments from Ethiopia,False,1.3670746684074402,1.3670746684074402,0.3086128830909729,0.3243124485015869
936,Federal Democratic Republic of Ethiopia_2_16,Federal Democratic Republic of Ethiopia,Federal Democratic Republic of Ethiopia_1_2,2,Ethiopia interprets Sudan's position as supporting downstream historical privileges,False,1.2877566516399384,2.6548313200473785,0.4330138862133026,0.27922946214675903
937,Federal Democratic Republic of Ethiopia_3_69,Federal Democratic Republic of Ethiopia,Federal Democratic Republic of Ethiopia_2_16,3,Ethiopia perceives a downstream coalition against its development rights,False,1.1646836400032043,3.819514960050583,0.45454227924346924,0.3807740807533264
938,Federal Democratic Republic of Ethiopia_4_235,Federal Democratic Republic of Ethiopia,Federal Democratic Republic of Ethiopia_3_69,4,Ethiopia reduces willingness to share technical data with downstream countries,True,1.1313285529613495,4.950843513011932,0.42941156029701233,0.4392598867416382
939,Federal Democratic Republic of Ethiopia_4_234,Federal Democratic Republic of Ethiopia,Federal Democratic Republic of Ethiopia_3_69,4,Ethiopia prioritizes unilateral operational control over collaborative agreements,True,1.1968231499195099,5.016338109970093,0.4091603755950928,0.39401647448539734
940,Federal Democratic Republic of Ethiopia_4_232,Federal Democratic Republic of Ethiopia,Federal Democratic Republic of Ethiopia_3_69,4,Ethiopia adopts a more defensive negotiating stance,True,1.5534016788005829,5.372916638851166,0.2696121335029602,0.1769861876964569
941,Federal Democratic Republic of Ethiopia_3_68,Federal Democratic Republic of Ethiopia,Federal Democratic Republic of Ethiopia_2_16,3,Ethiopia questions Sudan's neutrality in trilateral negotiations,False,1.4060929119586945,4.060924232006073,0.32500818371772766,0.2688989043235779
942,Federal Democratic Republic of Ethiopia_4_335,Federal Democratic Republic of Ethiopia,Federal Democratic Republic of Ethiopia_3_68,4,Ethiopia questions Sudan's technical assessments of dam impacts,True,1.0646522045135498,5.125576436519623,0.3943876028060913,0.5409601926803589
943,Federal Democratic Republic of Ethiopia_4_334,Federal Democratic Republic of Ethiopia,Federal Democratic Republic of Ethiopia_3_68,4,Ethiopia demands alternative mediation mechanisms beyond trilateral format,True,1.227461576461792,5.288385808467865,0.40939661860466003,0.363141804933548
944,Federal Democratic Republic of Ethiopia_4_333,Federal Democratic Republic of Ethiopia,Federal Democratic Republic of Ethiopia_3_68,4,Ethiopia seeks bilateral negotiations with Egypt excluding Sudan,True,1.5669838637113571,5.62790809571743,0.21826916933059692,0.21474696695804596
945,Federal Democratic Republic of Ethiopia_3_67,Federal Democratic Republic of Ethiopia,Federal Democratic Republic of Ethiopia_2_16,3,Ethiopia views Sudan as aligned with Egypt's water claims,False,1.2340965270996094,3.888927847146988,0.4025617241859436,0.363341748714447
946,Federal Democratic Republic of Ethiopia_4_270,Federal Democratic Republic of Ethiopia,Federal Democratic Republic of Ethiopia_3_67,4,Ethiopia prioritizes direct Egypt-Ethiopia dialogue channels,True,1.471545785665512,5.3604736328125,0.24899354577064514,0.2794606685638428
947,Federal Democratic Republic of Ethiopia_4_269,Federal Democratic Republic of Ethiopia,Federal Democratic Republic of Ethiopia_3_67,4,Ethiopia reduces bilateral engagement with Sudan,True,1.4153211116790771,5.304248958826065,0.3122004270553589,0.27247846126556396
948,Federal Democratic Republic of Ethiopia_4_268,Federal Democratic Republic of Ethiopia,Federal Democratic Republic of Ethiopia_3_67,4,Ethiopia perceives negotiations as two-against-one dynamic,True,1.3878845572471619,5.27681240439415,0.30602240562438965,0.3060930371284485
949,Federal Democratic Republic of Ethiopia_2_15,Federal Democratic Republic of Ethiopia,Federal Democratic Republic of Ethiopia_1_2,2,Ethiopia views binding commitments as legally unenforceable without ratified framework,False,1.2534126937389374,2.6204873621463776,0.3959185779094696,0.350668728351593
950,Federal Democratic Republic of Ethiopia_3_62,Federal Democratic Republic of Ethiopia,Federal Democratic Republic of Ethiopia_2_15,3,Ethiopia maintains sovereign discretion over GERD operational decisions,False,1.2006064057350159,3.8210937678813934,0.45289552211761475,0.3464980721473694
951,Federal Democratic Republic of Ethiopia_4_238,Federal Democratic Republic of Ethiopia,Federal Democratic Republic of Ethiopia_3_62,4,Ethiopia's water management decisions remain domestically determined,True,0.9427334666252136,4.763827234506607,0.5502197742462158,0.5070467591285706
952,Federal Democratic Republic of Ethiopia_4_236,Federal Democratic Republic of Ethiopia,Federal Democratic Republic of Ethiopia_3_62,4,Ethiopia retains unilateral authority over dam water releases,True,1.0084224045276642,4.829516172409058,0.48883482813835144,0.5027427673339844
953,Federal Democratic Republic of Ethiopia_3_61,Federal Democratic Republic of Ethiopia,Federal Democratic Republic of Ethiopia_2_15,3,Ethiopia prioritizes non-binding cooperative mechanisms over formal treaty obligations,False,1.1813746690750122,3.8018620312213898,0.44442445039749146,0.37420088052749634
954,Federal Democratic Republic of Ethiopia_4_227,Federal Democratic Republic of Ethiopia,Federal Democratic Republic of Ethiopia_3_61,4,Ethiopia suggests adaptive management approaches over fixed operational rules,True,1.0270466208457947,4.8289086520671844,0.5328090190887451,0.4401443600654602
955,Federal Democratic Republic of Ethiopia_4_226,Federal Democratic Republic of Ethiopia,Federal Democratic Republic of Ethiopia_3_61,4,Ethiopia offers voluntary data sharing rather than mandatory disclosure,True,1.3460007309913635,5.147862762212753,0.33666324615478516,0.3173360228538513
956,Federal Democratic Republic of Ethiopia_4_225,Federal Democratic Republic of Ethiopia,Federal Democratic Republic of Ethiopia_3_61,4,Ethiopia proposes technical working groups instead of legal negotiations,True,1.4194057285785675,5.221267759799957,0.2986985146999359,0.2818957567214966
957,Federal Democratic Republic of Ethiopia_2_14,Federal Democratic Republic of Ethiopia,Federal Democratic Republic of Ethiopia_1_2,2,Ethiopia perceives Sudan's demands as constraining its sovereign development rights,False,1.2361361682415009,2.603210836648941,0.430450975894928,0.33341285586357117
958,Federal Democratic Republic of Ethiopia_3_60,Federal Democratic Republic of Ethiopia,Federal Democratic Republic of Ethiopia_2_14,3,Ethiopia emphasizes GERD as purely national infrastructure project,False,1.3063615560531616,3.9095723927021027,0.31272175908088684,0.38091668486595154
959,Federal Democratic Republic of Ethiopia_4_279,Federal Democratic Republic of Ethiopia,Federal Democratic Republic of Ethiopia_3_60,4,Ethiopia dismisses downstream countries' veto power over operations,True,1.2493877410888672,5.15896013379097,0.44811201095581055,0.30250024795532227
960,Federal Democratic Republic of Ethiopia_4_277,Federal Democratic Republic of Ethiopia,Federal Democratic Republic of Ethiopia_3_60,4,Ethiopia rejects external oversight of GERD operational decisions,True,1.2655340731143951,5.175106465816498,0.39267581701278687,0.341790109872818
961,Federal Democratic Republic of Ethiopia_3_59,Federal Democratic Republic of Ethiopia,Federal Democratic Republic of Ethiopia_2_14,3,Ethiopia seeks alternative partnerships to reduce regional dependency,False,1.2523805499076843,3.8555913865566254,0.39759010076522827,0.3500293493270874
962,Federal Democratic Republic of Ethiopia_4_253,Federal Democratic Republic of Ethiopia,Federal Democratic Republic of Ethiopia_3_59,4,Ethiopia engages Gulf states for water-energy infrastructure financing,True,1.1306851506233215,4.986276537179947,0.43276911973953247,0.436545729637146
963,Federal Democratic Republic of Ethiopia_4_252,Federal Democratic Republic of Ethiopia,Federal Democratic Republic of Ethiopia_3_59,4,Ethiopia solicits Chinese investment for additional Nile projects,True,1.4853870123624802,5.3409783989191055,0.23926188051700592,0.2753511071205139
964,Federal Democratic Republic of Ethiopia_4_251,Federal Democratic Republic of Ethiopia,Federal Democratic Republic of Ethiopia_3_59,4,Ethiopia approaches non-riparian states for energy export agreements,True,1.2436023950576782,5.099193781614304,0.43592244386672974,0.32047516107559204
965,Federal Democratic Republic of Ethiopia_3_58,Federal Democratic Republic of Ethiopia,Federal Democratic Republic of Ethiopia_2_14,3,Ethiopia rejects Sudan's binding operational commitment demands,False,1.4337739199399948,4.036984756588936,0.3189305067062378,0.2472955733537674
966,Federal Democratic Republic of Ethiopia_4_329,Federal Democratic Republic of Ethiopia,Federal Democratic Republic of Ethiopia_3_58,4,Ethiopia maintains flexible dam operation protocols without external constraints,True,0.9233159422874451,4.960300698876381,0.503018319606781,0.5736657381057739
967,Federal Democratic Republic of Ethiopia_4_328,Federal Democratic Republic of Ethiopia,Federal Democratic Republic of Ethiopia_3_58,4,Sudan seeks alternative bilateral agreements with Egypt,True,1.5607398599386215,5.597724616527557,0.25188201665878296,0.18737812340259552
968,Federal Democratic Republic of Ethiopia_1_1,Federal Democratic Republic of Ethiopia,Federal Democratic Republic of Ethiopia_0_0,1,Egypt rejects Ethiopia's legal framework as illegitimate,False,1.5124490559101105,1.5124490559101105,0.30924153327941895,0.17830941081047058
969,Federal Democratic Republic of Ethiopia_2_23,Federal Democratic Republic of Ethiopia,Federal Democratic Republic of Ethiopia_1_1,2,Ethiopia considers unilateral operational decisions as legally justified,False,1.2614908814430237,2.773939937353134,0.4707649350166321,0.26774418354034424
970,Federal Democratic Republic of Ethiopia_3_82,Federal Democratic Republic of Ethiopia,Federal Democratic Republic of Ethiopia_2_23,3,Ethiopia prioritizes national energy objectives over regional coordination,False,1.2084523141384125,3.9823922514915466,0.4115275740623474,0.3800201117992401
971,Federal Democratic Republic of Ethiopia_4_312,Federal Democratic Republic of Ethiopia,Federal Democratic Republic of Ethiopia_3_82,4,Ethiopia interprets drought management as secondary to electricity generation targets,True,1.013961136341095,4.996353387832642,0.4430842995643616,0.5429545640945435
972,Federal Democratic Republic of Ethiopia_4_311,Federal Democratic Republic of Ethiopia,Federal Democratic Republic of Ethiopia_3_82,4,Ethiopia reduces information sharing with downstream countries during operations,True,1.1085455417633057,5.090937793254852,0.4321850538253784,0.4592694044113159
973,Federal Democratic Republic of Ethiopia_3_81,Federal Democratic Republic of Ethiopia,Federal Democratic Republic of Ethiopia_2_23,3,Ethiopia dismisses Egyptian and Sudanese operational concerns as legally irrelevant,False,1.4401077032089233,4.2140476405620575,0.34466367959976196,0.2152286171913147
974,Federal Democratic Republic of Ethiopia_4_395,Federal Democratic Republic of Ethiopia,Federal Democratic Republic of Ethiopia_3_81,4,Ethiopia maintains exclusive control over drought-period water release decisions,True,0.9838483333587646,5.197895973920822,0.4619143009185791,0.5542373657226562
975,Federal Democratic Republic of Ethiopia_4_394,Federal Democratic Republic of Ethiopia,Federal Democratic Republic of Ethiopia_3_81,4,Ethiopia rejects binding arbitration mechanisms for operational disputes,True,1.3285051584243774,5.542552798986435,0.41406792402267456,0.257426917552948
976,Federal Democratic Republic of Ethiopia_3_80,Federal Democratic Republic of Ethiopia,Federal Democratic Republic of Ethiopia_2_23,3,Ethiopia proceeds with dam operations without downstream consultation,False,1.0818900167942047,3.855829954147339,0.4148688018321991,0.5032411813735962
977,Federal Democratic Republic of Ethiopia_4_256,Federal Democratic Republic of Ethiopia,Federal Democratic Republic of Ethiopia_3_80,4,Ethiopia establishes precedent for sovereign dam management decisions,False,0.7989997267723083,4.654829680919647,0.5804137587547302,0.6205865144729614
978,Federal Democratic Republic of Ethiopia_5_546,Federal Democratic Republic of Ethiopia,Federal Democratic Republic of Ethiopia_4_256,5,Ethiopia's sovereign water management approach becomes regional policy template,True,0.7703807950019836,5.425210475921631,0.6248759031295776,0.6047433018684387
979,Federal Democratic Republic of Ethiopia_5_545,Federal Democratic Republic of Ethiopia,Federal Democratic Republic of Ethiopia_4_256,5,Ethiopia demonstrates effective resistance to colonial-era water allocation treaties,True,1.0530079007148743,5.7078375816345215,0.5094763040542603,0.4375157952308655
980,Federal Democratic Republic of Ethiopia_5_543,Federal Democratic Republic of Ethiopia,Federal Democratic Republic of Ethiopia_4_256,5,Ethiopia's unilateral precedent legitimizes similar upstream actions by other nations,True,1.1841900646686554,5.839019745588303,0.4918574094772339,0.3239525258541107
981,Federal Democratic Republic of Ethiopia_4_255,Federal Democratic Republic of Ethiopia,Federal Democratic Republic of Ethiopia_3_80,4,Ethiopia avoids committing to binding operational restrictions,True,1.2013935446739197,5.0572234988212585,0.45119965076446533,0.347406804561615
982,Federal Democratic Republic of Ethiopia_4_254,Federal Democratic Republic of Ethiopia,Federal Democratic Republic of Ethiopia_3_80,4,Ethiopia maximizes electricity generation capacity without external constraints,True,1.3559847474098206,5.211814701557159,0.3422372043132782,0.30177804827690125
983,Federal Democratic Republic of Ethiopia_2_22,Federal Democratic Republic of Ethiopia,Federal Democratic Republic of Ethiopia_1_1,2,Ethiopia views negotiations as fundamentally deadlocked on legal principles,False,1.4439436495304108,2.9563927054405212,0.28857171535491943,0.2674846351146698
984,Federal Democratic Republic of Ethiopia_3_116,Federal Democratic Republic of Ethiopia,Federal Democratic Republic of Ethiopia_2_22,3,Ethiopia accelerates dam operations without waiting for legal agreement,False,1.2058456540107727,4.162238359451294,0.3372490108013153,0.456905335187912
985,Federal Democratic Republic of Ethiopia_4_376,Federal Democratic Republic of Ethiopia,Federal Democratic Republic of Ethiopia_3_116,4,Sudan faces immediate infrastructure coordination risks from uncoordinated operations,True,1.1981520056724548,5.360390365123749,0.3135550618171692,0.488292932510376
986,Federal Democratic Republic of Ethiopia_3_115,Federal Democratic Republic of Ethiopia,Federal Democratic Republic of Ethiopia_2_22,3,Ethiopia seeks alternative diplomatic frameworks outside trilateral negotiations,False,1.349026381969452,4.305419087409973,0.35324129462242126,0.29773232340812683
987,Federal Democratic Republic of Ethiopia_4_418,Federal Democratic Republic of Ethiopia,Federal Democratic Republic of Ethiopia_3_115,4,Ethiopia solicits support from non-riparian international partners,True,1.4207569062709808,5.726175993680954,0.3146146237850189,0.26462846994400024
988,Federal Democratic Republic of Ethiopia_4_416,Federal Democratic Republic of Ethiopia,Federal Democratic Republic of Ethiopia_3_115,4,Ethiopia engages African Union mediation mechanisms,True,1.3949196636676788,5.700338751077652,0.30409350991249084,0.3009868264198303
989,Federal Democratic Republic of Ethiopia_3_114,Federal Democratic Republic of Ethiopia,Federal Democratic Republic of Ethiopia_2_22,3,Ethiopia prioritizes unilateral operational decisions over multilateral consensus,False,1.3232959508895874,4.279688656330109,0.3897707760334015,0.2869332730770111
990,Federal Democratic Republic of Ethiopia_4_411,Federal Democratic Republic of Ethiopia,Federal Democratic Republic of Ethiopia_3_114,4,Ethiopia rejects external monitoring of dam operations,True,1.0599332451820374,5.339621901512146,0.40957945585250854,0.5304872989654541
991,Federal Democratic Republic of Ethiopia_2_21,Federal Democratic Republic of Ethiopia,Federal Democratic Republic of Ethiopia_1_1,2,Ethiopia perceives Egypt as maintaining colonial-era legal positions,False,1.3990110158920288,2.9114600718021393,0.3745552897453308,0.22643369436264038
992,Federal Democratic Republic of Ethiopia_3_104,Federal Democratic Republic of Ethiopia,Federal Democratic Republic of Ethiopia_2_21,3,Ethiopia seeks alternative legal frameworks outside colonial treaty systems,False,1.1630193293094635,4.074479401111603,0.48797115683555603,0.34900951385498047
993,Federal Democratic Republic of Ethiopia_4_342,Federal Democratic Republic of Ethiopia,Federal Democratic Republic of Ethiopia_3_104,4,Ethiopia references post-independence sovereignty principles in negotiations,True,1.14385986328125,5.218339264392853,0.482372909784317,0.373767226934433
994,Federal Democratic Republic of Ethiopia_4_341,Federal Democratic Republic of Ethiopia,Federal Democratic Republic of Ethiopia_3_104,4,Ethiopia invokes African Union frameworks for transboundary water disputes,True,0.9738487601280212,5.048328161239624,0.5027746558189392,0.5233765840530396
995,Federal Democratic Republic of Ethiopia_4_340,Federal Democratic Republic of Ethiopia,Federal Democratic Republic of Ethiopia_3_104,4,Ethiopia pursues bilateral agreements with non-colonial legal precedents,True,1.288963943719864,5.363443344831467,0.3960230350494385,0.31501302123069763
996,Federal Democratic Republic of Ethiopia_3_103,Federal Democratic Republic of Ethiopia,Federal Democratic Republic of Ethiopia_2_21,3,Ethiopia dismisses Egyptian legal objections as neocolonial interference,False,1.4929124414920807,4.40437251329422,0.3274199068546295,0.1796676516532898
997,Federal Democratic Republic of Ethiopia_4_441,Federal Democratic Republic of Ethiopia,Federal Democratic Republic of Ethiopia_3_103,4,Ethiopia intensifies unilateral operational decision-making regarding GERD,True,1.3027139008045197,5.70708641409874,0.36968332529067993,0.3276027739048004
998,Federal Democratic Republic of Ethiopia_4_440,Federal Democratic Republic of Ethiopia,Federal Democratic Republic of Ethiopia_3_103,4,Ethiopia seeks alternative legal frameworks bypassing Egyptian participation,True,1.2219083309173584,5.626280844211578,0.4548680782318115,0.3232235908508301
999,Federal Democratic Republic of Ethiopia_3_102,Federal Democratic Republic of Ethiopia,Federal Democratic Republic of Ethiopia_2_21,3,Ethiopia justifies unilateral operational decisions as decolonization,False,1.283262461423874,4.194722533226013,0.46096184849739075,0.25577569007873535
1000,Federal Democratic Republic of Ethiopia_4_388,Federal Democratic Republic of Ethiopia,Federal Democratic Republic of Ethiopia_3_102,4,Ethiopia dismisses downstream concerns as perpetuating historical power imbalances,True,1.2606059312820435,5.455328464508057,0.43095213174819946,0.3084419369697571
1001,Federal Democratic Republic of Ethiopia_4_387,Federal Democratic Republic of Ethiopia,Federal Democratic Republic of Ethiopia_3_102,4,Ethiopia frames water sovereignty as fundamental to national self-determination,True,0.9554961323738098,5.150218665599823,0.5426850914955139,0.5018187761306763
1002,Federal Democratic Republic of Ethiopia_4_386,Federal Democratic Republic of Ethiopia,Federal Democratic Republic of Ethiopia_3_102,4,Ethiopia rejects external pressure to modify GERD operations as neocolonial interference,True,1.3144271075725555,5.509149640798569,0.3831697404384613,0.30240315198898315
1003,Republic of Sudan_0_0,Republic of Sudan,,0,"Sudan conditions its acceptance on the implementation of a robust real-time technical data exchange mechanism (daily/hourly). While acknowledging that the GERD can control seasonal floods affecting Khartoum and reduce sedimentation at Roseires, it considers unacceptable the operational risk of a 74 billion cubic meter dam upstream without binding coordination, fearing the collapse of its own irrigation and electricity generation systems.",False,,0.0,1.0,0.7488741874694824
1004,Republic of Sudan_1_4,Republic of Sudan,Republic of Sudan_0_0,1,Sudan views GERD as existential infrastructure threat,False,1.2532219290733337,1.2532219290733337,0.38008326292037964,0.3666948080062866
1005,Republic of Sudan_2_11,Republic of Sudan,Republic of Sudan_1_4,2,Sudan demands binding operational safeguards from Ethiopia,False,1.3587685525417328,2.6119904816150665,0.2592431306838989,0.3819883167743683
1006,Republic of Sudan_3_38,Republic of Sudan,Republic of Sudan_2_11,3,Sudan demands Ethiopia provide detailed operational protocols,False,1.3377904295921326,3.949780911207199,0.28561466932296753,0.3765949010848999
1007,Republic of Sudan_4_104,Republic of Sudan,Republic of Sudan_3_38,4,Sudan establishes technical criteria for emergency coordination procedures,False,1.3352656364440918,5.285046547651291,0.29344987869262695,0.37128448486328125
1008,Republic of Sudan_5_292,Republic of Sudan,Republic of Sudan_4_104,5,Sudan creates technical monitoring requirements for upstream releases,True,0.9872592091560364,6.272305756807327,0.4938707947731018,0.5188699960708618
1009,Republic of Sudan_5_291,Republic of Sudan,Republic of Sudan_4_104,5,Sudan specifies required response times for emergency notifications,True,1.3889459371566772,6.673992484807968,0.32845550775527954,0.2825985550880432
1010,Republic of Sudan_5_290,Republic of Sudan,Republic of Sudan_4_104,5,Sudan defines minimum water flow thresholds for dam operations,True,0.9367520213127136,6.2217985689640045,0.45705074071884155,0.6061972379684448
1011,Republic of Sudan_4_103,Republic of Sudan,Republic of Sudan_3_38,4,Sudan defines unacceptable operational scenarios for Ethiopia,False,1.3648870587348938,5.314667969942093,0.3003355860710144,0.3347773551940918
1012,Republic of Sudan_5_311,Republic of Sudan,Republic of Sudan_4_103,5,Sudan specifies flow conditions requiring emergency coordination,True,1.0322272181510925,6.346895188093185,0.4672210216522217,0.5005517601966858
1013,Republic of Sudan_5_310,Republic of Sudan,Republic of Sudan_4_103,5,Sudan creates technical thresholds triggering immediate intervention,True,1.4049385637044907,6.719606533646584,0.24554409086704254,0.3495173454284668
1014,Republic of Sudan_5_309,Republic of Sudan,Republic of Sudan_4_103,5,Sudan establishes red lines for Ethiopian dam operations,True,1.1715397834777832,6.486207753419876,0.34444111585617065,0.48401910066604614
1015,Republic of Sudan_4_102,Republic of Sudan,Republic of Sudan_3_38,4,Sudan requests access to GERD's reservoir level data,False,1.2323247194290161,5.182105630636215,0.3577670454978943,0.4099082350730896
1016,Republic of Sudan_5_256,Republic of Sudan,Republic of Sudan_4_102,5,Sudan requires predictable downstream flow information,False,0.9189112186431885,6.101016849279404,0.5574624538421631,0.5236263275146484
1017,Republic of Sudan_6_583,Republic of Sudan,Republic of Sudan_5_256,6,Sudan pushes for automated data sharing systems,True,1.3863339126110077,7.487350761890411,0.328544557094574,0.28512153029441833
1018,Republic of Sudan_6_582,Republic of Sudan,Republic of Sudan_5_256,6,Sudan demands flow data verification mechanisms,True,1.112566202878952,7.213583052158356,0.42795756459236145,0.4594762325286865
1019,Republic of Sudan_6_581,Republic of Sudan,Republic of Sudan_5_256,6,Sudan requires advance notice of Ethiopian dam operations,True,1.1035712957382202,7.204588145017624,0.39867132902145386,0.4977573752403259
1020,Republic of Sudan_6_580,Republic of Sudan,Republic of Sudan_5_256,6,Sudan seeks technical capacity to interpret GERD operational data,True,1.2942143976688385,7.395231246948242,0.3485986888408661,0.3571869134902954
1021,Republic of Sudan_6_579,Republic of Sudan,Republic of Sudan_5_256,6,Sudan demands standardized flow forecasting protocols from Ethiopia,True,1.0817689299583435,7.182785779237747,0.4181841015815735,0.500046968460083
1022,Republic of Sudan_5_255,Republic of Sudan,Republic of Sudan_4_102,5,Sudan demands GERD operational transparency mechanisms,True,1.2486992478370667,6.430804878473282,0.34473133087158203,0.4065694212913513
1023,Republic of Sudan_5_254,Republic of Sudan,Republic of Sudan_4_102,5,Sudan seeks real-time water release scheduling from Ethiopia,True,1.170074701309204,6.352180331945419,0.3797164559364319,0.450208842754364
1024,Republic of Sudan_4_101,Republic of Sudan,Republic of Sudan_3_38,4,Sudan specifies minimum advance notice requirements for GERD operations,False,1.3849530220031738,5.334733933210373,0.3069797158241272,0.308067262172699
1025,Republic of Sudan_5_314,Republic of Sudan,Republic of Sudan_4_101,5,Sudan defines penalties for inadequate Ethiopian operational communication,True,1.2953091263771057,6.630043059587479,0.3279913067817688,0.3766995668411255
1026,Republic of Sudan_5_313,Republic of Sudan,Republic of Sudan_4_101,5,Sudan creates technical criteria for acceptable advance notification systems,True,1.3821731507778168,6.71690708398819,0.31659427285194397,0.30123257637023926
1027,Republic of Sudan_5_312,Republic of Sudan,Republic of Sudan_4_101,5,Sudan establishes specific timeframes for different GERD operational scenarios,True,1.2906123101711273,6.6253462433815,0.34108975529670715,0.3682979345321655
1028,Republic of Sudan_3_36,Republic of Sudan,Republic of Sudan_2_11,3,Sudan seeks international arbitration mechanisms for GERD operations,False,1.5040746182203293,4.116065099835396,0.21070046722888947,0.28522491455078125
1029,Republic of Sudan_4_125,Republic of Sudan,Republic of Sudan_3_36,4,Sudan requests third-party technical assessment of GERD risks,False,1.3583943843841553,5.474459484219551,0.30956411361694336,0.33204150199890137
1030,Republic of Sudan_5_346,Republic of Sudan,Republic of Sudan_4_125,5,Sudan proposes joint technical committee with external experts,True,1.5125717222690582,6.987031206488609,0.22238150238990784,0.26504677534103394
1031,Republic of Sudan_5_345,Republic of Sudan,Republic of Sudan_4_125,5,Sudan requests AU mediation for independent GERD evaluation,True,1.473689153790474,6.948148638010025,0.24362923204898834,0.2826816141605377
1032,Republic of Sudan_5_344,Republic of Sudan,Republic of Sudan_4_125,5,Sudan seeks World Bank technical expertise on dam risks,True,1.1907948851585388,6.66525436937809,0.33320361375808716,0.476001501083374
1033,Republic of Sudan_5_343,Republic of Sudan,Republic of Sudan_4_125,5,Sudan approaches international engineering consultancies for GERD assessment,True,1.4576028287410736,6.932062312960625,0.2424449324607849,0.2999522387981415
1034,Republic of Sudan_4_124,Republic of Sudan,Republic of Sudan_3_36,4,Sudan invokes existing bilateral treaties with Ethiopia regarding arbitration,False,1.6098318696022034,5.725896969437599,0.13470086455345154,0.2554672658443451
1035,Republic of Sudan_5_443,Republic of Sudan,Republic of Sudan_4_124,5,Sudan invokes state-to-state arbitration procedures with Ethiopia,True,1.5045609772205353,7.2304579466581345,0.2092747986316681,0.28616422414779663
1036,Republic of Sudan_5_442,Republic of Sudan,Republic of Sudan_4_124,5,Sudan shifts from technical negotiations to juridical framework,True,1.4093980342149734,7.135295003652573,0.2370188981294632,0.35358306765556335
1037,Republic of Sudan_5_440,Republic of Sudan,Republic of Sudan_4_124,5,Sudan formally requests activation of dispute resolution clauses,True,1.6531110554933548,7.379008024930954,0.12927193939685822,0.217617005109787
1038,Republic of Sudan_4_123,Republic of Sudan,Republic of Sudan_3_36,4,Sudan approaches regional organizations for GERD dispute resolution,False,1.535368487238884,5.65143358707428,0.18667422235012054,0.2779572904109955
1039,Republic of Sudan_5_399,Republic of Sudan,Republic of Sudan_4_123,5,Sudan seeks UN Security Council involvement in GERD crisis,True,1.588781327009201,7.240214914083481,0.17208828032016754,0.2391303926706314
1040,Republic of Sudan_5_398,Republic of Sudan,Republic of Sudan_4_123,5,Sudan escalates GERD concerns to IGAD leadership,True,1.6791469603776932,7.330580547451973,0.1420639306306839,0.17878910899162292
1041,Republic of Sudan_5_397,Republic of Sudan,Republic of Sudan_4_123,5,Sudan requests Arab League intervention in GERD dispute,True,1.717687413096428,7.369121000170708,0.11351145803928375,0.16880112886428833
1042,Republic of Sudan_5_396,Republic of Sudan,Republic of Sudan_4_123,5,Sudan engages African Union mediation for GERD negotiations,True,1.6893343329429626,7.340767920017242,0.11087265610694885,0.1997930109500885
1043,Republic of Sudan_2_10,Republic of Sudan,Republic of Sudan_1_4,2,Sudan seeks alternative water security partnerships,False,1.1964048147201538,2.4496267437934875,0.34846049547195435,0.45513468980789185
1044,Republic of Sudan_3_22,Republic of Sudan,Republic of Sudan_2_10,3,Sudan seeks World Bank emergency water security funding,False,1.3934170007705688,3.8430437445640564,0.2557356357574463,0.35084736347198486
1045,Republic of Sudan_4_88,Republic of Sudan,Republic of Sudan_3_22,4,Sudan's regional diplomatic positioning shifts toward international institutions,False,1.6333560943603516,5.476399838924408,0.15617579221725464,0.2104681134223938
1046,Republic of Sudan_5_350,Republic of Sudan,Republic of Sudan_4_88,5,Sudan prioritizes multilateral over regional negotiation frameworks,True,1.526241272687912,7.00264111161232,0.18745112419128418,0.28630760312080383
1047,Republic of Sudan_5_349,Republic of Sudan,Republic of Sudan_4_88,5,Sudan reduces bilateral engagement with Ethiopia and Egypt,True,1.6145003736019135,7.090900212526321,0.13929162919521332,0.24620799720287323
1048,Republic of Sudan_4_87,Republic of Sudan,Republic of Sudan_3_22,4,World Bank conducts Sudan water infrastructure vulnerability assessment,False,1.0645672380924225,4.907610982656479,0.4287227690219879,0.5067099928855896
1049,Republic of Sudan_5_190,Republic of Sudan,Republic of Sudan_4_87,5,Assessment quantifies potential economic losses from GERD coordination failures,True,1.2421297430992126,6.1497407257556915,0.38142549991607666,0.3764447569847107
1050,Republic of Sudan_5_189,Republic of Sudan,Republic of Sudan_4_87,5,Sudan gains technical evidence for international negotiations,True,1.6763153076171875,6.583926290273666,0.1279093623161316,0.1957753300666809
1051,Republic of Sudan_5_188,Republic of Sudan,Republic of Sudan_4_87,5,World Bank identifies specific risks to Roseires Dam operations,False,1.083909034729004,5.991520017385483,0.4138507843017578,0.5022401809692383
1052,Republic of Sudan_6_535,Republic of Sudan,Republic of Sudan_5_188,6,International donors become aware of Sudan's infrastructure vulnerability,True,1.2704315781593323,7.261951595544815,0.35642218589782715,0.3731462359428406
1053,Republic of Sudan_6_534,Republic of Sudan,Republic of Sudan_5_188,6,World Bank proposes emergency dam coordination protocols,True,0.8969184756278992,6.888438493013382,0.4719488024711609,0.6311327219009399
1054,Republic of Sudan_6_533,Republic of Sudan,Republic of Sudan_5_188,6,Sudan receives detailed technical risk documentation,True,1.3215647339820862,7.313084751367569,0.33454614877700806,0.34388911724090576
1055,Republic of Sudan_6_532,Republic of Sudan,Republic of Sudan_5_188,6,World Bank recommends immediate Roseires Dam safety upgrades,True,1.1599071025848389,7.151427119970322,0.39822816848754883,0.4418647289276123
1056,Republic of Sudan_5_187,Republic of Sudan,Republic of Sudan_4_87,5,Assessment reveals critical gaps in Sudan's water management systems,False,1.025534212589264,5.933145195245743,0.44411689043045044,0.5303488969802856
1057,Republic of Sudan_6_507,Republic of Sudan,Republic of Sudan_5_187,6,Sudan's technical capacity limitations become internationally recognized,True,1.2763971388339996,7.209542334079742,0.35499218106269836,0.368610680103302
1058,Republic of Sudan_6_506,Republic of Sudan,Republic of Sudan_5_187,6,International donors prioritize Sudan water security funding,True,1.291902482509613,7.225047677755356,0.3039745092391968,0.4041230082511902
1059,Republic of Sudan_6_505,Republic of Sudan,Republic of Sudan_5_187,6,Sudan gains leverage in GERD negotiations through documented vulnerability,True,1.562842220067978,7.495987415313721,0.19577303528785706,0.24138474464416504
1060,Republic of Sudan_6_504,Republic of Sudan,Republic of Sudan_5_187,6,World Bank recommends immediate Sudan infrastructure upgrades,True,1.335520178079605,7.268665373325348,0.31609484553337097,0.3483849763870239
1061,Republic of Sudan_6_503,Republic of Sudan,Republic of Sudan_5_187,6,Sudan's water infrastructure receives international priority status,True,1.1872070729732513,7.120352268218994,0.3725927174091339,0.44020020961761475
1062,Republic of Sudan_5_186,Republic of Sudan,Republic of Sudan_4_87,5,World Bank documents Sudan's downstream infrastructure vulnerabilities,False,1.1309456825256348,6.038556665182114,0.4123247265815735,0.45672959089279175
1063,Republic of Sudan_6_547,Republic of Sudan,Republic of Sudan_5_186,6,Sudan gains documented evidence for international water dispute claims,True,1.523598775267601,7.562155440449715,0.20124493539333344,0.27515628933906555
1064,Republic of Sudan_6_546,Republic of Sudan,Republic of Sudan_5_186,6,World Bank recommends emergency Sudan water infrastructure investments,True,1.1781343519687653,7.216691017150879,0.3829434812068939,0.4389221668243408
1065,Republic of Sudan_6_545,Republic of Sudan,Republic of Sudan_5_186,6,International donors receive detailed Sudan infrastructure damage projections,True,1.286954402923584,7.325511068105698,0.33395838737487793,0.3790872097015381
1066,Republic of Sudan_6_544,Republic of Sudan,Republic of Sudan_5_186,6,World Bank classifies Sudan as high-risk water security case,True,1.3699675798416138,7.408524245023727,0.27486270666122437,0.35516971349716187
1067,Republic of Sudan_4_86,Republic of Sudan,Republic of Sudan_3_22,4,Sudan signals distrust in trilateral negotiation framework,False,1.5024570971727371,5.3455008417367935,0.2189515382051468,0.2785913646221161
1068,Republic of Sudan_5_320,Republic of Sudan,Republic of Sudan_4_86,5,Sudan threatens withdrawal from current negotiation process,True,1.7128243148326874,7.058325156569481,0.12920185923576355,0.15797382593154907
1069,Republic of Sudan_5_319,Republic of Sudan,Republic of Sudan_4_86,5,Sudan requests African Union mediation intervention,True,1.7024571225047112,7.047957964241505,0.1032116487622261,0.19433122873306274
1070,Republic of Sudan_3_21,Republic of Sudan,Republic of Sudan_2_10,3,Sudan strengthens bilateral water agreements with South Sudan,False,1.4118738919496536,3.861500635743141,0.22582973539829254,0.36229637265205383
1071,Republic of Sudan_4_91,Republic of Sudan,Republic of Sudan_3_21,4,Sudan creates alternative water supply corridor from south,False,1.1572466492652893,5.0187472850084305,0.3960689306259155,0.44668442010879517
1072,Republic of Sudan_5_220,Republic of Sudan,Republic of Sudan_4_91,5,Sudan shifts water policy focus toward non-Nile sources,True,1.2413789331912994,6.26012621819973,0.34308263659477234,0.4155384302139282
1073,Republic of Sudan_5_219,Republic of Sudan,Republic of Sudan_4_91,5,Sudan increases investment in southern pipeline infrastructure,True,1.3971317410469055,6.415879026055336,0.30305370688438416,0.2998145520687103
1074,Republic of Sudan_5_218,Republic of Sudan,Republic of Sudan_4_91,5,Sudan diversifies its water infrastructure portfolio,False,1.0784779787063599,6.09722526371479,0.42802494764328003,0.4934970736503601
1075,Republic of Sudan_6_574,Republic of Sudan,Republic of Sudan_5_218,6,Sudan expands rainwater harvesting systems,True,1.255434811115265,7.352660074830055,0.3315761685371399,0.4129890203475952
1076,Republic of Sudan_6_573,Republic of Sudan,Republic of Sudan_5_218,6,Sudan pursues desalination technology partnerships,True,1.375478595495224,7.472703859210014,0.28996312618255615,0.33455827832221985
1077,Republic of Sudan_6_572,Republic of Sudan,Republic of Sudan_5_218,6,Sudan develops groundwater extraction capabilities,True,1.480324238538742,7.577549502253532,0.22917428612709045,0.2905014753341675
1078,Republic of Sudan_6_571,Republic of Sudan,Republic of Sudan_5_218,6,Sudan increases infrastructure investment in non-Nile projects,True,1.3972319662570953,7.494457229971886,0.28633666038513184,0.3164313733577728
1079,Republic of Sudan_4_90,Republic of Sudan,Republic of Sudan_3_21,4,Sudan reduces dependence on Blue Nile water flows,False,1.253211349248886,5.114711984992027,0.34596794843673706,0.40082070231437683
1080,Republic of Sudan_5_243,Republic of Sudan,Republic of Sudan_4_90,5,Sudan seeks international funding for alternative water sources,True,1.4350107312202454,6.549722716212273,0.23987844586372375,0.3251108229160309
1081,Republic of Sudan_5_241,Republic of Sudan,Republic of Sudan_4_90,5,Sudan accelerates White Nile infrastructure development projects,True,1.45494544506073,6.569657430052757,0.236700177192688,0.30835437774658203
1082,Republic of Sudan_4_89,Republic of Sudan,Republic of Sudan_3_21,4,Sudan gains leverage in trilateral GERD negotiations,False,1.718274563550949,5.57977519929409,0.0954289585351944,0.1862964779138565
1083,Republic of Sudan_5_390,Republic of Sudan,Republic of Sudan_4_89,5,Sudan proposes alternative GERD operational frameworks,True,1.387253850698471,6.967029049992561,0.2788783311843872,0.3338678181171417
1084,Republic of Sudan_5_388,Republic of Sudan,Republic of Sudan_4_89,5,Sudan demands binding coordination protocols from Ethiopia,True,1.322149246931076,6.901924446225166,0.279266357421875,0.39858439564704895
1085,Republic of Sudan_3_20,Republic of Sudan,Republic of Sudan_2_10,3,Sudan explores Red Sea desalination project partnerships,False,1.3851828873157501,3.8348096311092377,0.2995155155658722,0.3153015971183777
1086,Republic of Sudan_4_85,Republic of Sudan,Republic of Sudan_3_20,4,Sudan reduces dependence on Nile water allocation negotiations,False,1.2630819082260132,5.097891539335251,0.3243633508682251,0.4125547409057617
1087,Republic of Sudan_5_234,Republic of Sudan,Republic of Sudan_4_85,5,Sudan reduces urgency in trilateral GERD negotiations,True,1.5444920361042023,6.642383575439453,0.1998380422592163,0.2556699216365814
1088,Republic of Sudan_5_233,Republic of Sudan,Republic of Sudan_4_85,5,Sudan shifts diplomatic focus toward non-Nile regional partnerships,True,1.6363155394792557,6.7342070788145065,0.14969582855701447,0.21398863196372986
1089,Republic of Sudan_4_84,Republic of Sudan,Republic of Sudan_3_20,4,Sudan seeks Gulf state financing for desalination infrastructure,False,1.3780211508274078,5.2128307819366455,0.30107519030570984,0.3209036588668823
1090,Republic of Sudan_5_265,Republic of Sudan,Republic of Sudan_4_84,5,Sudan reduces diplomatic engagement with Ethiopia on GERD,True,1.652198538184166,6.8650293201208115,0.1307108849287033,0.21709057688713074
1091,Republic of Sudan_5_263,Republic of Sudan,Republic of Sudan_4_84,5,Sudan offers Gulf states strategic Red Sea port access,True,1.5605297535657883,6.773360535502434,0.23909775912761688,0.20037248730659485
1092,Republic of Sudan_4_83,Republic of Sudan,Republic of Sudan_3_20,4,Sudan initiates technical feasibility studies for coastal desalination,False,1.3942022621631622,5.2290118932724,0.3051591217517853,0.3006386160850525
1093,Republic of Sudan_5_273,Republic of Sudan,Republic of Sudan_4_83,5,Sudan calculates energy requirements for large-scale desalination operations,True,1.2563510239124298,6.48536291718483,0.3923725485801697,0.3512764275074005
1094,Republic of Sudan_5_272,Republic of Sudan,Republic of Sudan_4_83,5,Sudan evaluates Red Sea water intake locations,True,1.3093308210372925,6.538342714309692,0.36208969354629517,0.32857948541641235
1095,Republic of Sudan_5_271,Republic of Sudan,Republic of Sudan_4_83,5,Sudan engages coastal engineering consultants for project assessment,True,1.4426978528499603,6.67170974612236,0.262661874294281,0.29464027285575867
1096,Republic of Sudan_5_270,Republic of Sudan,Republic of Sudan_4_83,5,Sudan requests international funding for desalination infrastructure,True,1.335266262292862,6.564278155565262,0.31544947624206543,0.34928426146507263
1097,Republic of Sudan_3_19,Republic of Sudan,Republic of Sudan_2_10,3,Sudan approaches Gulf states for water infrastructure financing,False,1.2811301052570343,3.730756849050522,0.3274332880973816,0.3914366066455841
1098,Republic of Sudan_4_75,Republic of Sudan,Republic of Sudan_3_19,4,Sudan diversifies away from Nile-dependent water infrastructure,False,1.2466842532157898,4.977441102266312,0.35715508460998535,0.39616066217422485
1099,Republic of Sudan_5_216,Republic of Sudan,Republic of Sudan_4_75,5,Sudan strengthens water partnerships with non-Nile basin countries,True,1.3209162950515747,6.298357397317886,0.2708754539489746,0.4082082509994507
1100,Republic of Sudan_5_215,Republic of Sudan,Republic of Sudan_4_75,5,Sudan develops Red Sea desalination infrastructure,True,1.342991292476654,6.320432394742966,0.34618687629699707,0.3108218312263489
1101,Republic of Sudan_5_214,Republic of Sudan,Republic of Sudan_4_75,5,Sudan increases groundwater extraction capacity,True,1.4824606329202652,6.459901735186577,0.23738817870616913,0.2801511883735657
1102,Republic of Sudan_4_74,Republic of Sudan,Republic of Sudan_3_19,4,Egypt perceives Sudan's Gulf partnerships as regional realignment,False,1.6196121871471405,5.350369036197662,0.17561790347099304,0.20476990938186646
1103,Republic of Sudan_5_324,Republic of Sudan,Republic of Sudan_4_74,5,Egypt seeks to counter Gulf influence in Sudan,True,1.7485793977975845,7.098948433995247,0.10138298571109772,0.15003761649131775
1104,Republic of Sudan_5_323,Republic of Sudan,Republic of Sudan_4_74,5,Egypt questions Sudan's commitment to Nile Basin cooperation,True,1.491539627313614,6.841908663511276,0.22142985463142395,0.28703051805496216
1105,Republic of Sudan_4_73,Republic of Sudan,Republic of Sudan_3_19,4,Sudan creates financial dependency on external Gulf financing,False,1.5334248095750809,5.264181658625603,0.2044348269701004,0.2621403634548187
1106,Republic of Sudan_5_286,Republic of Sudan,Republic of Sudan_4_73,5,Sudan reduces negotiating flexibility in trilateral GERD discussions,True,1.4208137094974518,6.6849953681230545,0.25330618023872375,0.32588011026382446
1107,Republic of Sudan_5_285,Republic of Sudan,Republic of Sudan_4_73,5,Sudan must align regional policies with Gulf state interests,True,1.4537930488586426,6.717974707484245,0.2613707184791565,0.2848362326622009
1108,Republic of Sudan_5_284,Republic of Sudan,Republic of Sudan_4_73,5,Sudan's water infrastructure decisions become subject to Gulf political priorities,True,1.0363182723522186,6.300499930977821,0.4415768086910248,0.5221049189567566
1109,Republic of Sudan_4_72,Republic of Sudan,Republic of Sudan_3_19,4,Gulf states gain strategic influence over Sudanese water policy,False,1.4010705947875977,5.1318274438381195,0.26465892791748047,0.3342704772949219
1110,Republic of Sudan_5_246,Republic of Sudan,Republic of Sudan_4_72,5,Sudan's water policy decisions require Gulf state consultation,True,1.0967628359794617,6.228590279817581,0.4254160523414612,0.47782111167907715
1111,Republic of Sudan_5_245,Republic of Sudan,Republic of Sudan_4_72,5,Gulf states prioritize their regional interests over Sudan's bilateral relations,True,1.643467754125595,6.775295197963715,0.16211465001106262,0.19441759586334229
1112,Republic of Sudan_5_244,Republic of Sudan,Republic of Sudan_4_72,5,Sudan's negotiating position with Ethiopia becomes externally constrained,True,1.4195435643196106,6.55137100815773,0.2361586093902588,0.3442978262901306
1113,Republic of Sudan_2_9,Republic of Sudan,Republic of Sudan_1_4,2,Sudan prioritizes defensive infrastructure protection measures,False,1.3285175561904907,2.5817394852638245,0.31716418266296387,0.3543182611465454
1114,Republic of Sudan_3_35,Republic of Sudan,Republic of Sudan_2_9,3,Sudan reinforces Roseires Dam structural monitoring systems,False,1.08198744058609,3.6637269258499146,0.42488181591033936,0.49313074350357056
1115,Republic of Sudan_4_65,Republic of Sudan,Republic of Sudan_3_35,4,Sudan enhances early warning systems for downstream communities,False,1.2499141991138458,4.91364112496376,0.3881189227104187,0.3619668781757355
1116,Republic of Sudan_5_193,Republic of Sudan,Republic of Sudan_4_65,5,Sudan develops emergency evacuation protocols for riverine populations,True,1.2522331774234772,6.1658743023872375,0.3648250699043274,0.38294175267219543
1117,Republic of Sudan_5_192,Republic of Sudan,Republic of Sudan_4_65,5,Sudan expands flood monitoring infrastructure along Blue Nile,False,1.063016563653946,5.976657688617706,0.4442366659641266,0.4927467703819275
1118,Republic of Sudan_6_531,Republic of Sudan,Republic of Sudan_5_192,6,Sudan creates redundant monitoring networks across multiple Blue Nile locations,True,1.203099399805069,7.179757088422775,0.3884052038192749,0.40849539637565613
1119,Republic of Sudan_6_530,Republic of Sudan,Republic of Sudan_5_192,6,Sudan develops enhanced flood prediction capabilities,True,1.3054719269275665,7.282129615545273,0.3492931127548218,0.3452349603176117
1120,Republic of Sudan_6_529,Republic of Sudan,Republic of Sudan_5_192,6,Sudan increases operational costs for water management systems,True,1.373279333114624,7.34993702173233,0.2909921407699585,0.3357285261154175
1121,Republic of Sudan_5_191,Republic of Sudan,Republic of Sudan_4_65,5,Sudan increases coordination with downstream irrigation districts,False,1.1470155715942383,6.060656696557999,0.3727848529815674,0.48019957542419434
1122,Republic of Sudan_6_553,Republic of Sudan,Republic of Sudan_5_191,6,Sudan creates joint contingency plans for irrigation emergencies,True,1.209492266178131,7.27014896273613,0.3599189519882202,0.4305887818336487
1123,Republic of Sudan_6_552,Republic of Sudan,Republic of Sudan_5_191,6,Sudan establishes regular communication channels with agricultural cooperatives,True,1.3273603916168213,7.38801708817482,0.2887902855873108,0.3838493227958679
1124,Republic of Sudan_6_551,Republic of Sudan,Republic of Sudan_5_191,6,Sudan develops standardized water allocation protocols with farmers,True,0.9483583569526672,7.009015053510666,0.4602962136268616,0.5913454294204712
1125,Republic of Sudan_4_64,Republic of Sudan,Republic of Sudan_3_35,4,Sudan establishes emergency response protocols for infrastructure failures,False,1.2524092495441437,4.916136175394058,0.36810362339019775,0.37948712706565857
1126,Republic of Sudan_5_196,Republic of Sudan,Republic of Sudan_4_64,5,Sudan develops contingency plans for dam-related water flow disruptions,False,0.9533552527427673,5.869491428136826,0.4819965958595276,0.5646481513977051
1127,Republic of Sudan_6_491,Republic of Sudan,Republic of Sudan_5_196,6,Sudan maps vulnerable downstream communities for evacuation planning,True,1.1041038632392883,6.973595291376114,0.457114040851593,0.43878209590911865
1128,Republic of Sudan_6_490,Republic of Sudan,Republic of Sudan_5_196,6,Sudan establishes inter-ministerial crisis coordination mechanisms,True,1.4396956861019135,7.309187114238739,0.21678519248962402,0.3435191214084625
1129,Republic of Sudan_5_195,Republic of Sudan,Republic of Sudan_4_64,5,Sudan trains technical personnel in crisis response procedures,True,1.5718106180429459,6.487946793437004,0.19720037281513214,0.230989009141922
1130,Republic of Sudan_5_194,Republic of Sudan,Republic of Sudan_4_64,5,Sudan allocates budget resources to emergency infrastructure preparedness,True,1.2639853358268738,6.180121511220932,0.3616209328174591,0.3743937313556671
1131,Republic of Sudan_4_63,Republic of Sudan,Republic of Sudan_3_35,4,Sudan increases technical personnel training for dam operations,False,1.4355084747076035,5.099235400557518,0.23442943394184113,0.3300620913505554
1132,Republic of Sudan_5_240,Republic of Sudan,Republic of Sudan_4_63,5,Sudan improves coordination capabilities with upstream operations,True,1.2398154139518738,6.339050814509392,0.36505478620529175,0.3951297998428345
1133,Republic of Sudan_5_239,Republic of Sudan,Republic of Sudan_4_63,5,Sudan establishes specialized GERD monitoring technical unit,True,1.4344006776809692,6.533636078238487,0.25565361976623535,0.3099457025527954
1134,Republic of Sudan_5_238,Republic of Sudan,Republic of Sudan_4_63,5,Sudan develops enhanced dam emergency response protocols,True,1.0960803627967834,6.1953157633543015,0.4141291379928589,0.48979049921035767
1135,Republic of Sudan_3_34,Republic of Sudan,Republic of Sudan_2_9,3,Sudan seeks alternative water storage contingency plans,False,1.1405916213989258,3.7223311066627502,0.44114458560943604,0.4182637929916382
1136,Republic of Sudan_4_71,Republic of Sudan,Republic of Sudan_3_34,4,Sudan accelerates groundwater aquifer mapping and assessment programs,False,1.251340240240097,4.973671346902847,0.36337894201278687,0.3852808177471161
1137,Republic of Sudan_5_212,Republic of Sudan,Republic of Sudan_4_71,5,Sudan develops technical capacity for independent water resource assessment,False,1.0943767726421356,6.068048119544983,0.4212527871131897,0.4843704402446747
1138,Republic of Sudan_6_557,Republic of Sudan,Republic of Sudan_5_212,6,Sudan creates alternative information sources for dam operations,True,1.1109492778778076,7.1789973974227905,0.396783709526062,0.49226701259613037
1139,Republic of Sudan_6_556,Republic of Sudan,Republic of Sudan_5_212,6,Sudan builds domestic expertise in water resource management,True,1.304679811000824,7.372727930545807,0.2955317199230194,0.3997884690761566
1140,Republic of Sudan_6_555,Republic of Sudan,Republic of Sudan_5_212,6,Sudan establishes independent hydrological monitoring capabilities,True,1.0509222745895386,7.1189703941345215,0.4258102774620056,0.5232674479484558
1141,Republic of Sudan_6_554,Republic of Sudan,Republic of Sudan_5_212,6,Sudan reduces dependence on Ethiopian technical data sharing,True,1.2438566088676453,7.311904728412628,0.36079874634742737,0.39534464478492737
1142,Republic of Sudan_5_211,Republic of Sudan,Republic of Sudan_4_71,5,Sudan increases geological survey budget allocations significantly,True,1.617603838443756,6.591275185346603,0.17544108629226685,0.20695507526397705
1143,Republic of Sudan_5_210,Republic of Sudan,Republic of Sudan_4_71,5,Sudan identifies potential alternative water sources for emergency use,True,1.296139419078827,6.269810765981674,0.331647127866745,0.3722134530544281
1144,Republic of Sudan_4_70,Republic of Sudan,Republic of Sudan_3_34,4,Sudan explores bilateral water agreements with non-Nile sources,False,1.2425102591514587,4.964841365814209,0.3081057071685791,0.44938403367996216
1145,Republic of Sudan_5_209,Republic of Sudan,Republic of Sudan_4_70,5,Sudan considers Chad-Libya transboundary aquifer access negotiations,True,1.3557109832763672,6.320552349090576,0.27848219871520996,0.36580681800842285
1146,Republic of Sudan_5_208,Republic of Sudan,Republic of Sudan_4_70,5,Sudan evaluates groundwater sharing agreements with neighboring countries,False,1.122343271970749,6.087184637784958,0.38090625405311584,0.49675047397613525
1147,Republic of Sudan_6_563,Republic of Sudan,Republic of Sudan_5_208,6,Sudan diverts resources from Nile-focused water planning,True,1.2186278998851776,7.3058125376701355,0.3455066680908203,0.4358654320240021
1148,Republic of Sudan_6_562,Republic of Sudan,Republic of Sudan_5_208,6,Sudan engages Chad and Central African Republic diplomatically,True,1.693962037563324,7.781146675348282,0.09722431004047394,0.2088136523962021
1149,Republic of Sudan_6_561,Republic of Sudan,Republic of Sudan_5_208,6,Sudan initiates hydrogeological surveys in border regions,True,1.363726407289505,7.450911045074463,0.25755202770233154,0.37872156500816345
1150,Republic of Sudan_5_207,Republic of Sudan,Republic of Sudan_4_70,5,Sudan initiates diplomatic outreach to Red Sea desalination partners,True,1.6052086651325226,6.570050030946732,0.17916494607925415,0.21562638878822327
1151,Republic of Sudan_4_69,Republic of Sudan,Republic of Sudan_3_34,4,Sudan initiates domestic reservoir expansion feasibility studies,False,1.2274259626865387,4.949757069349289,0.35387349128723145,0.41870054602622986
1152,Republic of Sudan_5_205,Republic of Sudan,Republic of Sudan_4_69,5,Sudan identifies potential dam construction sites along tributaries,False,1.1263870298862457,6.076144099235535,0.3664165437221527,0.5071964263916016
1153,Republic of Sudan_6_558,Republic of Sudan,Republic of Sudan_5_205,6,Sudan conducts hydrological surveys of tributary watersheds,True,1.1536452770233154,7.22978937625885,0.3695628046989441,0.4767919182777405
1154,Republic of Sudan_5_204,Republic of Sudan,Republic of Sudan_4_69,5,Sudan engages international water infrastructure consulting firms,True,1.2135087847709656,6.1632658541202545,0.34247690439224243,0.444014310836792
1155,Republic of Sudan_5_203,Republic of Sudan,Republic of Sudan_4_69,5,Sudan allocates budget resources for hydrological engineering assessments,False,1.0445082783699036,5.9942653477191925,0.42035120725631714,0.5351405143737793
1156,Republic of Sudan_6_539,Republic of Sudan,Republic of Sudan_5_203,6,Sudan begins comprehensive mapping of existing water infrastructure vulnerabilities,True,1.069101095199585,7.0633664429187775,0.4319527745246887,0.4989461302757263
1157,Republic of Sudan_6_538,Republic of Sudan,Republic of Sudan_5_203,6,Sudan establishes dedicated water security planning committee within government,True,1.1758000254631042,7.170065373182297,0.36170148849487305,0.4624984860420227
1158,Republic of Sudan_6_537,Republic of Sudan,Republic of Sudan_5_203,6,Sudan requests World Bank funding for water infrastructure assessments,True,1.2192859649658203,7.213551312685013,0.33563292026519775,0.44508111476898193
1159,Republic of Sudan_3_33,Republic of Sudan,Republic of Sudan_2_9,3,Sudan demands binding operational protocols before GERD full capacity,False,1.2216549515724182,3.8033944368362427,0.3706364035606384,0.40770864486694336
1160,Republic of Sudan_4_79,Republic of Sudan,Republic of Sudan_3_33,4,Sudan escalates diplomatic pressure on Ethiopia through regional bodies,False,1.7345921248197556,5.537986561655998,0.09703654050827026,0.16837133467197418
1161,Republic of Sudan_5_367,Republic of Sudan,Republic of Sudan_4_79,5,Sudan requests Arab League intervention in water dispute,True,1.4624331593513489,7.000419721007347,0.22082704305648804,0.3167397975921631
1162,Republic of Sudan_5_365,Republic of Sudan,Republic of Sudan_4_79,5,Sudan coordinates with Egypt on joint diplomatic initiatives,True,1.6486218124628067,7.186608374118805,0.1439308375120163,0.207447350025177
1163,Republic of Sudan_4_78,Republic of Sudan,Republic of Sudan_3_33,4,Sudan demands immediate halt to GERD capacity increases,False,1.4818023294210434,5.285196766257286,0.24082167446613312,0.2773759961128235
1164,Republic of Sudan_5_295,Republic of Sudan,Republic of Sudan_4_78,5,Sudan threatens unilateral protective measures for Roseires Dam,True,1.3107064366340637,6.59590320289135,0.3081669807434082,0.3811265826225281
1165,Republic of Sudan_5_294,Republic of Sudan,Republic of Sudan_4_78,5,Sudan seeks international intervention against GERD operations,True,1.6439841836690903,6.929180949926376,0.14364489912986755,0.21237091720104218
1166,Republic of Sudan_4_77,Republic of Sudan,Republic of Sudan_3_33,4,Sudan threatens to block GERD operations through legal channels,False,1.4845012426376343,5.287895679473877,0.21127894520759583,0.3042198121547699
1167,Republic of Sudan_5_299,Republic of Sudan,Republic of Sudan_4_77,5,Sudan requests emergency UN Security Council intervention,True,1.696454331278801,6.984350010752678,0.13002456724643707,0.17352110147476196
1168,Republic of Sudan_5_297,Republic of Sudan,Republic of Sudan_4_77,5,Sudan seeks regional alliance support against Ethiopian unilateralism,True,1.6994617879390717,6.987357467412949,0.1284661591053009,0.17207205295562744
1169,Republic of Sudan_1_3,Republic of Sudan,Republic of Sudan_0_0,1,Sudan prioritizes technical safeguards over economic benefits,False,1.3582075834274292,1.3582075834274292,0.2995287775993347,0.3422636389732361
1170,Republic of Sudan_2_18,Republic of Sudan,Republic of Sudan_1_3,2,Sudan insists on technical oversight mechanisms,False,1.196485012769699,2.5546925961971283,0.3588986098766327,0.4446163773536682
1171,Republic of Sudan_3_25,Republic of Sudan,Republic of Sudan_2_18,3,Sudan requires veto power over GERD operational changes,False,1.5602191388607025,4.114911735057831,0.16300395131111145,0.27677690982818604
1172,Republic of Sudan_4_122,Republic of Sudan,Republic of Sudan_3_25,4,Sudan escalates demands beyond technical coordination to sovereignty,False,1.5395798832178116,5.654491618275642,0.1910671442747116,0.2693529725074768
1173,Republic of Sudan_5_401,Republic of Sudan,Republic of Sudan_4_122,5,Sudan seeks external guarantor involvement in GERD operations,True,1.4214451313018799,7.075936749577522,0.2570553421974182,0.3214995265007019
1174,Republic of Sudan_4_121,Republic of Sudan,Republic of Sudan_3_25,4,Sudan rejects any agreement without decision-making authority,False,1.5626216381788254,5.677533373236656,0.1871681660413742,0.2502101957798004
1175,Republic of Sudan_5_420,Republic of Sudan,Republic of Sudan_4_121,5,Sudan blocks consensus-based decision making processes,True,1.4698735475540161,7.147406920790672,0.25124651193618774,0.27887994050979614
1176,Republic of Sudan_5_419,Republic of Sudan,Republic of Sudan_4_121,5,Sudan demands equal voting rights in any governance structure,True,1.5820913314819336,7.25962470471859,0.16151198744773865,0.25639668107032776
1177,Republic of Sudan_4_120,Republic of Sudan,Republic of Sudan_3_25,4,Sudan seeks international guarantees for operational oversight rights,False,1.3657391369342804,5.480650871992111,0.2443501353263855,0.3899107277393341
1178,Republic of Sudan_5_353,Republic of Sudan,Republic of Sudan_4_120,5,Sudan insists on World Bank or AU oversight involvement,True,1.4816294461488724,6.962280318140984,0.1909746676683426,0.32739588618278503
1179,Republic of Sudan_5_351,Republic of Sudan,Republic of Sudan_4_120,5,Sudan approaches external powers for binding enforcement mechanisms,True,1.3811482638120651,6.861799135804176,0.24236167967319489,0.37649005651474
1180,Republic of Sudan_4_119,Republic of Sudan,Republic of Sudan_3_25,4,Sudan demands binding enforcement mechanisms for veto decisions,False,1.4566084146499634,5.571520149707794,0.21496713161468506,0.32842445373535156
1181,Republic of Sudan_5_380,Republic of Sudan,Republic of Sudan_4_119,5,Sudan demands penalties for non-compliance with veto decisions,True,1.625565990805626,7.19708614051342,0.15502341091632843,0.21941059827804565
1182,Republic of Sudan_5_379,Republic of Sudan,Republic of Sudan_4_119,5,Sudan seeks international arbitration mechanisms for enforcement,True,1.5682143718004227,7.139734521508217,0.17512570321559906,0.25665992498397827
1183,Republic of Sudan_3_24,Republic of Sudan,Republic of Sudan_2_18,3,Sudan seeks international arbitration for technical disputes,False,1.7064635157585144,4.261156111955643,0.1185116171836853,0.1750248670578003
1184,Republic of Sudan_4_139,Republic of Sudan,Republic of Sudan_3_24,4,Sudan challenges unilateral GERD operations through legal channels,False,1.551414579153061,5.812570691108704,0.18725845217704773,0.26132696866989136
1185,Republic of Sudan_5_474,Republic of Sudan,Republic of Sudan_4_139,5,Sudan invokes existing bilateral water agreements with Ethiopia,True,1.2891222834587097,7.101692974567413,0.2714449167251587,0.4394327998161316
1186,Republic of Sudan_5_473,Republic of Sudan,Republic of Sudan_4_139,5,Sudan seeks support from downstream riparian states,True,1.4111587703227997,7.223729461431503,0.2847117483615875,0.3041294813156128
1187,Republic of Sudan_4_138,Republic of Sudan,Republic of Sudan_3_24,4,Sudan requests World Bank or AU mediation mechanisms,False,1.5819716304540634,5.843127742409706,0.14783276617527008,0.2701956033706665
1188,Republic of Sudan_5_481,Republic of Sudan,Republic of Sudan_4_138,5,Sudan invites external pressure on Ethiopia and Egypt,True,1.6010640859603882,7.444191828370094,0.17161712050437927,0.22731879353523254
1189,Republic of Sudan_5_479,Republic of Sudan,Republic of Sudan_4_138,5,Sudan seeks binding third-party enforcement mechanisms,True,1.410112589597702,7.253240332007408,0.22704675793647766,0.3628406524658203
1190,Republic of Sudan_4_137,Republic of Sudan,Republic of Sudan_3_24,4,Sudan proposes binding international technical monitoring body,False,1.3063950836658478,5.5675511956214905,0.295931875705719,0.3976730406284332
1191,Republic of Sudan_5_378,Republic of Sudan,Republic of Sudan_4_137,5,Sudan demands international technical compliance enforcement mechanisms,True,1.3784534335136414,6.946004629135132,0.26514410972595215,0.3564024567604065
1192,Republic of Sudan_5_377,Republic of Sudan,Republic of Sudan_4_137,5,Sudan advocates for third-party dam operation monitoring protocols,True,0.9415477514266968,6.509098947048187,0.46660542488098145,0.5918468236923218
1193,Republic of Sudan_5_376,Republic of Sudan,Republic of Sudan_4_137,5,Sudan requests UN or World Bank technical oversight mandate,True,1.3864072263240814,6.953958421945572,0.23538675904273987,0.3782060146331787
1194,Republic of Sudan_3_23,Republic of Sudan,Republic of Sudan_2_18,3,Sudan demands binding enforcement mechanisms for technical protocols,False,1.3215883374214172,3.8762809336185455,0.2849772274494171,0.39343443512916565
1195,Republic of Sudan_4_94,Republic of Sudan,Republic of Sudan_3_23,4,Sudan requires third-party monitoring of technical compliance,False,1.1619948744773865,5.038275808095932,0.3816937208175659,0.4563114047050476
1196,Republic of Sudan_5_223,Republic of Sudan,Republic of Sudan_4_94,5,Sudan demands independent technical verification of GERD operations,True,1.4095716178417206,6.447847425937653,0.29189401865005493,0.2985343635082245
1197,Republic of Sudan_5_222,Republic of Sudan,Republic of Sudan_4_94,5,Sudan seeks legally binding third-party arbitration clauses,True,1.6235648542642593,6.661840662360191,0.1388942450284958,0.23754090070724487
1198,Republic of Sudan_5_221,Republic of Sudan,Republic of Sudan_4_94,5,Sudan proposes international water management organizations as monitors,False,1.0545609891414642,6.092836797237396,0.40573230385780334,0.5397067070007324
1199,Republic of Sudan_6_569,Republic of Sudan,Republic of Sudan_5_221,6,Sudan requests International Commission on Large Dams technical oversight,True,1.0173912048339844,7.110228002071381,0.4149823784828186,0.567626416683197
1200,Republic of Sudan_6_568,Republic of Sudan,Republic of Sudan_5_221,6,Sudan seeks UN Water involvement in monitoring protocols,True,0.998266190290451,7.091102987527847,0.4377799332141876,0.5639538764953613
1201,Republic of Sudan_6_567,Republic of Sudan,Republic of Sudan_5_221,6,Sudan advocates for World Bank or African Development Bank involvement,True,1.6079239547252655,7.700760751962662,0.14187049865722656,0.25020554661750793
1202,Republic of Sudan_4_93,Republic of Sudan,Republic of Sudan_3_23,4,Sudan demands penalty clauses for protocol violations,False,1.5836960673332214,5.459977000951767,0.17177698016166687,0.2445269525051117
1203,Republic of Sudan_5_342,Republic of Sudan,Republic of Sudan_4_93,5,Sudan demands quantifiable metrics for defining protocol violations,True,1.3700497150421143,6.830026715993881,0.2885109782218933,0.34143930673599243
1204,Republic of Sudan_5_341,Republic of Sudan,Republic of Sudan_4_93,5,Sudan seeks third-party enforcement authority for penalty implementation,True,1.4547277092933655,6.9147047102451324,0.20988860726356506,0.33538368344306946
1205,Republic of Sudan_5_340,Republic of Sudan,Republic of Sudan_4_93,5,Sudan proposes financial compensation mechanisms for technical damages,True,1.5147910863161087,6.974768087267876,0.23553965985774994,0.24966925382614136
1206,Republic of Sudan_2_17,Republic of Sudan,Republic of Sudan_1_3,2,Sudan rejects economic incentives without safety guarantees,False,1.5351622998714447,2.893369883298874,0.23208647966384888,0.23275122046470642
1207,Republic of Sudan_3_50,Republic of Sudan,Republic of Sudan_2_17,3,Sudan escalates concerns through regional security frameworks,False,1.5319543182849884,4.425324201583862,0.2098826766014099,0.2581630051136017
1208,Republic of Sudan_4_155,Republic of Sudan,Republic of Sudan_3_50,4,Sudan frames GERD as regional stability threat,False,1.454188972711563,5.879513174295425,0.2464073896408081,0.2994036376476288
1209,Republic of Sudan_5_494,Republic of Sudan,Republic of Sudan_4_155,5,Sudan requests international mediation through UN frameworks,True,1.573913037776947,7.453426212072372,0.1677655577659607,0.2583214044570923
1210,Republic of Sudan_5_493,Republic of Sudan,Republic of Sudan_4_155,5,Sudan approaches African Union with security concerns,True,1.6638459116220474,7.543359085917473,0.12733885645866394,0.20881523191928864
1211,Republic of Sudan_4_154,Republic of Sudan,Republic of Sudan_3_50,4,Sudan alerts downstream allies about upstream unilateral operations,False,1.4187179207801819,5.844042122364044,0.2924536466598511,0.28882843255996704
1212,Republic of Sudan_5_484,Republic of Sudan,Republic of Sudan_4_154,5,Sudan's diplomatic channels activate regarding transboundary water risks,True,1.2187467813491821,7.062788903713226,0.3312070965766907,0.4500461220741272
1213,Republic of Sudan_5_483,Republic of Sudan,Republic of Sudan_4_154,5,Arab League members become aware of Nile water disputes,True,1.3639114499092102,7.207953572273254,0.28150391578674316,0.35458463430404663
1214,Republic of Sudan_5_482,Republic of Sudan,Republic of Sudan_4_154,5,Egypt receives formal notification of Sudan's security concerns,True,1.5894322246313095,7.433474346995354,0.20142003893852234,0.20914773643016815
1215,Republic of Sudan_4_153,Republic of Sudan,Republic of Sudan_3_50,4,Sudan requests African Union mediation on transboundary waters,False,1.4960218667984009,5.921346068382263,0.18567347526550293,0.3183046579360962
1216,Republic of Sudan_5_502,Republic of Sudan,Republic of Sudan_4_153,5,Regional water governance precedent gets established for future disputes,True,0.8554642498493195,6.776810318231583,0.4821474850177765,0.662388265132904
1217,Republic of Sudan_5_501,Republic of Sudan,Republic of Sudan_4_153,5,Sudan gains multilateral platform for technical coordination demands,True,1.4176959991455078,7.339042067527771,0.23399466276168823,0.34830933809280396
1218,Republic of Sudan_5_499,Republic of Sudan,Republic of Sudan_4_153,5,African Union establishes formal transboundary water dispute procedures,True,1.1631680727005005,7.084514141082764,0.30699753761291504,0.5298343896865845
1219,Republic of Sudan_4_152,Republic of Sudan,Republic of Sudan_3_50,4,Sudan invokes Arab League water security protocols,False,1.2503468990325928,5.675671100616455,0.3288915753364563,0.4207615256309509
1220,Republic of Sudan_5_413,Republic of Sudan,Republic of Sudan_4_152,5,Regional security discourse shifts from bilateral to multilateral framework,True,1.4237749874591827,7.099446088075638,0.25444144010543823,0.32178357243537903
1221,Republic of Sudan_5_412,Republic of Sudan,Republic of Sudan_4_152,5,Sudan frames GERD as threat to Arab water sovereignty,True,1.337786853313446,7.013457953929901,0.28866055607795715,0.3735525906085968
1222,Republic of Sudan_5_410,Republic of Sudan,Republic of Sudan_4_152,5,Arab League formally recognizes Nile dispute as regional security threat,True,1.5765573531389236,7.252228453755379,0.20215632021427155,0.2212863266468048
1223,Republic of Sudan_3_49,Republic of Sudan,Republic of Sudan_2_17,3,Sudan seeks alternative partnerships for dam safety assurance,False,1.070827156305313,3.964197039604187,0.3998226821422577,0.5293501615524292
1224,Republic of Sudan_4_108,Republic of Sudan,Republic of Sudan_3_49,4,Sudan explores Arab League mediation mechanisms,False,1.6077544540166855,5.5719514936208725,0.16161653399467468,0.23062901198863983
1225,Republic of Sudan_5_384,Republic of Sudan,Republic of Sudan_4_108,5,Sudan distances itself from African Union mediation frameworks,True,1.6605860888957977,7.23253758251667,0.12807422876358032,0.21133968234062195
1226,Republic of Sudan_5_383,Republic of Sudan,Republic of Sudan_4_108,5,Sudan seeks Egyptian coordination through Arab League channels,True,1.5758270472288132,7.147778540849686,0.17559194564819336,0.24858100712299347
1227,Republic of Sudan_5_382,Republic of Sudan,Republic of Sudan_4_108,5,Sudan requests Arab League technical committee formation,True,1.683871567249298,7.255823060870171,0.13116148114204407,0.18496695160865784
1228,Republic of Sudan_4_107,Republic of Sudan,Republic of Sudan_3_49,4,Sudan considers Chinese or Russian dam engineering partnerships,False,1.2829128801822662,5.247109919786453,0.2943887710571289,0.42269834876060486
1229,Republic of Sudan_5_276,Republic of Sudan,Republic of Sudan_4_107,5,Sudan explores non-Western technical expertise for infrastructure projects,True,1.3017869293689728,6.548896849155426,0.3171658515930176,0.38104721903800964
1230,Republic of Sudan_5_275,Republic of Sudan,Republic of Sudan_4_107,5,Sudan signals willingness to diversify away from Western partnerships,True,1.5608153492212296,6.807925269007683,0.21693384647369385,0.2222508043050766
1231,Republic of Sudan_5_274,Republic of Sudan,Republic of Sudan_4_107,5,Sudan initiates diplomatic outreach to Beijing and Moscow,True,1.758634701371193,7.005744621157646,0.06984850764274597,0.1715167909860611
1232,Republic of Sudan_4_106,Republic of Sudan,Republic of Sudan_3_49,4,Sudan engages international development banks for technical assistance,False,1.542977213859558,5.507174253463745,0.18134471774101257,0.2756780683994293
1233,Republic of Sudan_5_360,Republic of Sudan,Republic of Sudan_4_106,5,Sudan initiates formal loan applications for safety equipment,True,1.6007396131753922,7.107913866639137,0.1696690022945404,0.22959138453006744
1234,Republic of Sudan_5_359,Republic of Sudan,Republic of Sudan_4_106,5,Sudan seeks technical expertise from international engineering consultants,True,1.5476365089416504,7.0548107624053955,0.19073447585105896,0.26162901520729065
1235,Republic of Sudan_5_358,Republic of Sudan,Republic of Sudan_4_106,5,Sudan approaches African Development Bank for infrastructure assessment,True,1.321878731250763,6.829052984714508,0.29479867219924927,0.3833225965499878
1236,Republic of Sudan_5_357,Republic of Sudan,Republic of Sudan_4_106,5,Sudan requests World Bank funding for dam monitoring systems,True,1.1564213931560516,6.663595646619797,0.3491540849208832,0.4944245219230652
1237,Republic of Sudan_4_105,Republic of Sudan,Republic of Sudan_3_49,4,Sudan approaches Egypt for enhanced bilateral water coordination,False,1.2906919717788696,5.254889011383057,0.29809731245040894,0.41121071577072144
1238,Republic of Sudan_5_283,Republic of Sudan,Republic of Sudan_4_105,5,Sudan requests Egyptian technical expertise for dam coordination protocols,True,1.1239616572856903,6.378850668668747,0.3708855211734772,0.5051528215408325
1239,Republic of Sudan_5_282,Republic of Sudan,Republic of Sudan_4_105,5,Sudan shares GERD risk assessments with Egyptian water authorities,True,1.2396462559700012,6.494535267353058,0.3502025008201599,0.41015124320983887
1240,Republic of Sudan_5_281,Republic of Sudan,Republic of Sudan_4_105,5,Sudan proposes joint downstream monitoring systems with Egypt,True,1.110002487897873,6.36489149928093,0.42266392707824707,0.46733358502388
1241,Republic of Sudan_1_2,Republic of Sudan,Republic of Sudan_0_0,1,Sudan seeks international arbitration mechanisms for water disputes,False,1.3542680144309998,1.3542680144309998,0.2691475450992584,0.3765844404697418
1242,Republic of Sudan_2_14,Republic of Sudan,Republic of Sudan_1_2,2,Sudan escalates the dispute to African Union mechanisms,False,1.7060047537088394,3.060272768139839,0.1026686578989029,0.1913265883922577
1243,Republic of Sudan_3_59,Republic of Sudan,Republic of Sudan_2_14,3,African Union requests technical assessments from member states,False,1.498193308711052,4.558466076850891,0.20471026003360748,0.2970964312553406
1244,Republic of Sudan_4_159,Republic of Sudan,Republic of Sudan_3_59,4,Sudan gains multilateral support for its technical concerns,False,1.5461502522230148,6.104616329073906,0.2019912749528885,0.2518584728240967
1245,Republic of Sudan_5_586,Republic of Sudan,Republic of Sudan_4_159,5,Sudan's negotiating position strengthens in trilateral discussions,True,1.6845243722200394,7.789140701293945,0.12501338124275208,0.19046224653720856
1246,Republic of Sudan_5_584,Republic of Sudan,Republic of Sudan_4_159,5,Sudan leverages multilateral backing to demand binding technical protocols,True,1.3848289251327515,7.489445254206657,0.2629777789115906,0.35219329595565796
1247,Republic of Sudan_4_158,Republic of Sudan,Republic of Sudan_3_59,4,Ethiopia faces increased scrutiny of GERD operations,False,1.4533056914806366,6.011771768331528,0.24016329646110535,0.30653101205825806
1248,Republic of Sudan_5_543,Republic of Sudan,Republic of Sudan_4_158,5,Ethiopia accelerates diplomatic engagement with downstream countries,True,1.5284738540649414,7.540245622396469,0.19416767358779907,0.2773584723472595
1249,Republic of Sudan_5_542,Republic of Sudan,Republic of Sudan_4_158,5,Ethiopia faces pressure to modify GERD filling schedules,True,1.3719322085380554,7.383703976869583,0.29458802938461304,0.33347976207733154
1250,Republic of Sudan_5_541,Republic of Sudan,Republic of Sudan_4_158,5,Ethiopia seeks to justify GERD operations to African stakeholders,True,1.5317950248718262,7.543566793203354,0.2002059817314148,0.26799899339675903
1251,Republic of Sudan_5_540,Republic of Sudan,Republic of Sudan_4_158,5,Ethiopia implements more transparent GERD operational reporting,True,1.307294487953186,7.319066256284714,0.33927515149116516,0.3534303605556488
1252,Republic of Sudan_4_157,Republic of Sudan,Republic of Sudan_3_59,4,Technical expertise requirements strain African Union resources,False,1.4166256189346313,5.9750916957855225,0.24198171496391296,0.3413926661014557
1253,Republic of Sudan_5_528,Republic of Sudan,Republic of Sudan_4_157,5,Republic of Sudan questions African Union's capacity for technical arbitration,True,1.5243020206689835,7.499393716454506,0.18605853617191315,0.2896394431591034
1254,Republic of Sudan_5_527,Republic of Sudan,Republic of Sudan_4_157,5,African Union requests additional funding from member states for expertise,True,1.6483311653137207,7.623422861099243,0.12677401304244995,0.22489482164382935
1255,Republic of Sudan_5_526,Republic of Sudan,Republic of Sudan_4_157,5,African Union delays comprehensive technical review of GERD operations,True,1.4649303555488586,7.440022051334381,0.25417619943618774,0.2808934450149536
1256,Republic of Sudan_5_525,Republic of Sudan,Republic of Sudan_4_157,5,African Union seeks external technical assistance from international organizations,True,1.5461817383766174,7.52127343416214,0.1803184151649475,0.27349984645843506
1257,Republic of Sudan_4_156,Republic of Sudan,Republic of Sudan_3_59,4,Member states begin conducting independent hydrological studies,False,1.0986784994602203,5.6571445763111115,0.42453593015670776,0.4767855703830719
1258,Republic of Sudan_5_406,Republic of Sudan,Republic of Sudan_4_156,5,Competing hydrological methodologies emerge among member states,True,0.9421563446521759,6.599300920963287,0.48130401968955994,0.5765396356582642
1259,Republic of Sudan_5_405,Republic of Sudan,Republic of Sudan_4_156,5,Ethiopia faces increased scrutiny from multiple technical perspectives,True,1.3711555302143097,7.028300106525421,0.2751803696155548,0.3536641001701355
1260,Republic of Sudan_5_404,Republic of Sudan,Republic of Sudan_4_156,5,Sudan gains potential allies with independent water security concerns,True,1.4675281047821045,7.124672681093216,0.23293530941009521,0.2995365858078003
1261,Republic of Sudan_5_403,Republic of Sudan,Republic of Sudan_4_156,5,Technical expertise becomes fragmented across multiple African institutions,True,1.4921443611383438,7.149288937449455,0.21724219620227814,0.29061344265937805
1262,Republic of Sudan_3_58,Republic of Sudan,Republic of Sudan_2_14,3,Sudan's bilateral negotiations with Ethiopia become secondary priority,False,1.6020991504192352,4.662371918559074,0.1452132761478424,0.25268757343292236
1263,Republic of Sudan_4_170,Republic of Sudan,Republic of Sudan_3_58,4,Sudan prioritizes multilateral forums over bilateral GERD discussions,True,1.5732632279396057,6.23563514649868,0.16215360164642334,0.26458317041397095
1264,Republic of Sudan_4_169,Republic of Sudan,Republic of Sudan_3_58,4,Sudan's technical cooperation initiatives with Ethiopia receive diminished attention,False,1.4527338594198227,6.115105777978897,0.23615439236164093,0.3111117482185364
1265,Republic of Sudan_5_593,Republic of Sudan,Republic of Sudan_4_169,5,Sudan's emergency response coordination with Ethiopia weakens substantially,True,1.4937422275543213,7.608848005533218,0.22468742728233337,0.28157034516334534
1266,Republic of Sudan_5_592,Republic of Sudan,Republic of Sudan_4_169,5,Sudan's water flow prediction accuracy deteriorates significantly,True,1.2218319177627563,7.336937695741653,0.3892659842967987,0.38890209794044495
1267,Republic of Sudan_5_591,Republic of Sudan,Republic of Sudan_4_169,5,Sudan's dam safety monitoring capabilities become increasingly inadequate,True,0.9396636784076691,7.054769456386566,0.48813459277153015,0.5722017288208008
1268,Republic of Sudan_4_168,Republic of Sudan,Republic of Sudan_3_58,4,Sudan reduces diplomatic resources allocated to direct Ethiopia engagement,True,1.5638926923274994,6.226264610886574,0.1661272943019867,0.2699800133705139
1269,Republic of Sudan_3_56,Republic of Sudan,Republic of Sudan_2_14,3,Ethiopia faces increased diplomatic pressure from AU members,False,1.678173415362835,4.738446183502674,0.11976879090070724,0.20205779373645782
1270,Republic of Sudan_4_177,Republic of Sudan,Republic of Sudan_3_56,4,Ethiopia questions AU jurisdiction over transboundary water disputes,False,1.1157208979129791,5.854167081415653,0.3375423848628998,0.5467367172241211
1271,Republic of Sudan_5_487,Republic of Sudan,Republic of Sudan_4_177,5,Sudan questions Ethiopia's commitment to multilateral African cooperation,True,1.5283826291561127,7.382549710571766,0.18704524636268616,0.28457212448120117
1272,Republic of Sudan_5_486,Republic of Sudan,Republic of Sudan_4_177,5,Sudan considers bilateral negotiations with Egypt as alternative,True,1.6884892284870148,7.542656309902668,0.13601762056350708,0.17549315094947815
1273,Republic of Sudan_5_485,Republic of Sudan,Republic of Sudan_4_177,5,Sudan perceives AU mediation framework as potentially weakened,True,1.443142682313919,7.297309763729572,0.23845842480659485,0.3183988928794861
1274,Republic of Sudan_4_176,Republic of Sudan,Republic of Sudan_3_56,4,Ethiopia accelerates GERD filling to establish operational facts,True,1.4694371223449707,6.207883305847645,0.24788594245910645,0.28267693519592285
1275,Republic of Sudan_4_175,Republic of Sudan,Republic of Sudan_3_56,4,Ethiopia seeks bilateral negotiations to avoid multilateral pressure,True,1.5402302294969559,6.27867641299963,0.17015643417835236,0.2896133363246918
1276,Republic of Sudan_3_55,Republic of Sudan,Republic of Sudan_2_14,3,African Union initiates formal mediation procedures,False,1.7166824787855148,4.776955246925354,0.07835991680622101,0.20495760440826416
1277,Republic of Sudan_4_181,Republic of Sudan,Republic of Sudan_3_55,4,International attention focuses on the Nile water dispute,False,1.3386934101581573,6.115648657083511,0.27500540018081665,0.386301189661026
1278,Republic of Sudan_5_596,Republic of Sudan,Republic of Sudan_4_181,5,International donors condition aid on trilateral cooperation,True,1.4160873591899872,7.5317360162734985,0.25217747688293457,0.33173516392707825
1279,Republic of Sudan_5_595,Republic of Sudan,Republic of Sudan_4_181,5,Regional water security becomes global policy priority,True,0.9771243035793304,7.092772960662842,0.47021356225013733,0.5526621341705322
1280,Republic of Sudan_5_594,Republic of Sudan,Republic of Sudan_4_181,5,External powers begin diplomatic engagement with Nile basin countries,True,1.6713871955871582,7.7870358526706696,0.09894339740276337,0.22966940701007843
1281,Republic of Sudan_4_180,Republic of Sudan,Republic of Sudan_3_55,4,AU establishes timeline for trilateral negotiation sessions,True,1.399678349494934,6.176633596420288,0.23585957288742065,0.36446207761764526
1282,Republic of Sudan_4_179,Republic of Sudan,Republic of Sudan_3_55,4,Ethiopia and Egypt receive formal AU mediation invitations,True,1.6987794116139412,6.475734658539295,0.11187127977609634,0.18934930860996246
1283,Republic of Sudan_4_178,Republic of Sudan,Republic of Sudan_3_55,4,African Union requests technical documentation from all three parties,True,1.4595658481121063,6.23652109503746,0.21621885895729065,0.324215292930603
1284,Republic of Sudan_2_13,Republic of Sudan,Republic of Sudan_1_2,2,Sudan invokes existing bilateral water treaties with upstream states,False,1.2154698967933655,2.5697379112243652,0.32557523250579834,0.4589548707008362
1285,Republic of Sudan_3_32,Republic of Sudan,Republic of Sudan_2_13,3,Sudan claims legal precedence over GERD operational protocols,False,1.5248091965913773,4.0945471078157425,0.19743947684764862,0.2777513265609741
1286,Republic of Sudan_4_118,Republic of Sudan,Republic of Sudan_3_32,4,Sudan rejects Ethiopian sovereignty over Blue Nile management,False,1.6094752848148346,5.704022392630577,0.1440257728099823,0.2464989423751831
1287,Republic of Sudan_5_428,Republic of Sudan,Republic of Sudan_4_118,5,Sudan asserts territorial water rights under customary international law,True,1.3777246326208115,7.0817470252513885,0.23250801861286163,0.3897673487663269
1288,Republic of Sudan_5_427,Republic of Sudan,Republic of Sudan_4_118,5,Sudan threatens withdrawal from regional water cooperation frameworks,True,1.2341892421245575,6.938211634755135,0.3389820456504822,0.4268287122249603
1289,Republic of Sudan_5_425,Republic of Sudan,Republic of Sudan_4_118,5,Sudan demands Egyptian alliance against Ethiopian water policies,True,1.4418804496526718,7.145902842283249,0.22817330062389374,0.32994624972343445
1290,Republic of Sudan_4_117,Republic of Sudan,Republic of Sudan_3_32,4,Sudan asserts downstream riparian rights supersede upstream development,False,1.24477156996727,5.339318677783012,0.30888718366622925,0.44634124636650085
1291,Republic of Sudan_5_317,Republic of Sudan,Republic of Sudan_4_117,5,Sudan prioritizes historical water usage patterns over development projects,True,1.156288743019104,6.495607420802116,0.378134548664093,0.465576708316803
1292,Republic of Sudan_5_315,Republic of Sudan,Republic of Sudan_4_117,5,Sudan demands Ethiopia halt GERD operations pending legal resolution,True,1.6039777547121048,6.943296432495117,0.14818409085273743,0.24783815443515778
1293,Republic of Sudan_4_116,Republic of Sudan,Republic of Sudan_3_32,4,Sudan demands binding legal review of GERD operations,False,1.4634506702423096,5.557997778058052,0.22401973605155945,0.312529593706131
1294,Republic of Sudan_5_375,Republic of Sudan,Republic of Sudan_4_116,5,Sudan seeks mandatory third-party oversight of GERD technical operations,True,1.286402851343155,6.844400629401207,0.3012866973876953,0.4123104512691498
1295,Republic of Sudan_5_374,Republic of Sudan,Republic of Sudan_4_116,5,Sudan invokes UN Charter provisions on international water disputes,True,1.3784794211387634,6.9364771991968155,0.23270434141159058,0.388816237449646
1296,Republic of Sudan_5_373,Republic of Sudan,Republic of Sudan_4_116,5,Sudan challenges Ethiopia's unilateral dam operations in regional forums,True,1.2249175310134888,6.782915309071541,0.3110705316066742,0.46401193737983704
1297,Republic of Sudan_5_372,Republic of Sudan,Republic of Sudan_4_116,5,Sudan formally requests international court jurisdiction over transboundary waters,True,1.4900537729263306,7.048051550984383,0.18542015552520752,0.3245260715484619
1298,Republic of Sudan_4_115,Republic of Sudan,Republic of Sudan_3_32,4,Sudan formally challenges Ethiopia's unilateral operational authority,False,1.6256240159273148,5.720171123743057,0.13432428240776062,0.24005170166492462
1299,Republic of Sudan_5_436,Republic of Sudan,Republic of Sudan_4_115,5,Sudan invokes emergency protocols under existing Nile agreements,True,1.5519430041313171,7.272114127874374,0.19229969382286072,0.25575730204582214
1300,Republic of Sudan_5_435,Republic of Sudan,Republic of Sudan_4_115,5,Sudan demands immediate suspension of GERD filling activities,True,1.5182358473539352,7.2384069710969925,0.202544704079628,0.27921944856643677
1301,Republic of Sudan_3_31,Republic of Sudan,Republic of Sudan_2_13,3,Sudan demands Ethiopia recognize pre-existing water allocation frameworks,False,1.0991885662078857,3.668926477432251,0.3877828121185303,0.513028621673584
1302,Republic of Sudan_4_68,Republic of Sudan,Republic of Sudan_3_31,4,Sudan rejects any new trilateral framework bypassing historical agreements,False,1.5798774808645248,5.248803958296776,0.16758732497692108,0.2525351941585541
1303,Republic of Sudan_5_280,Republic of Sudan,Republic of Sudan_4_68,5,Sudan invokes colonial-era Nile Waters Agreements as binding precedent,True,1.4013904184103012,6.650194376707077,0.22240568697452545,0.37620389461517334
1304,Republic of Sudan_5_277,Republic of Sudan,Republic of Sudan_4_68,5,Sudan withdraws from ongoing trilateral GERD negotiations,True,1.686833217740059,6.935637176036835,0.13432784378528595,0.17883893847465515
1305,Republic of Sudan_4_67,Republic of Sudan,Republic of Sudan_3_31,4,Sudan challenges Ethiopia's sovereignty over Blue Nile resources,False,1.5482281744480133,5.217154651880264,0.1555539071559906,0.2962179183959961
1306,Republic of Sudan_5_269,Republic of Sudan,Republic of Sudan_4_67,5,Ethiopia withdraws from trilateral technical cooperation with Sudan,True,1.581761360168457,6.798916012048721,0.16974398493766785,0.24849465489387512
1307,Republic of Sudan_5_268,Republic of Sudan,Republic of Sudan_4_67,5,Sudan frames GERD as violation of transboundary water law,True,1.2772104740142822,6.4943651258945465,0.30439847707748413,0.41839104890823364
1308,Republic of Sudan_5_267,Republic of Sudan,Republic of Sudan_4_67,5,Sudan escalates to international legal forums beyond arbitration,True,1.6920638978481293,6.9092185497283936,0.12537652254104614,0.18255957961082458
1309,Republic of Sudan_5_266,Republic of Sudan,Republic of Sudan_4_67,5,Ethiopia rejects Sudan's legal claims as territorial interference,True,1.6704726070165634,6.887627258896828,0.1291281133890152,0.2003992795944214
1310,Republic of Sudan_3_30,Republic of Sudan,Republic of Sudan_2_13,3,Sudan references the 1959 Nile Waters Agreement with Egypt,False,1.4312937259674072,4.0010316371917725,0.23594754934310913,0.33275872468948364
1311,Republic of Sudan_4_111,Republic of Sudan,Republic of Sudan_3_30,4,Sudan invokes the principle of acquired rights in international water law,False,1.270958572626114,5.271990209817886,0.2855864465236664,0.4434549808502197
1312,Republic of Sudan_5_289,Republic of Sudan,Republic of Sudan_4_111,5,Sudan positions itself as defending established international water law precedents,True,1.321442186832428,6.593432396650314,0.2890014052391052,0.3895564079284668
1313,Republic of Sudan_5_288,Republic of Sudan,Republic of Sudan_4_111,5,Sudan argues Ethiopia lacks legal authority for unilateral flow modifications,True,1.2777181565761566,6.549708366394043,0.29718708992004395,0.42509475350379944
1314,Republic of Sudan_5_287,Republic of Sudan,Republic of Sudan_4_111,5,Sudan claims historical water allocation rights supersede upstream development,True,1.122384786605835,6.394374996423721,0.3630497455596924,0.5145654678344727
1315,Republic of Sudan_4_109,Republic of Sudan,Republic of Sudan_3_30,4,Sudan claims historical water allocation rights under existing agreements,False,1.2085622251033783,5.209593862295151,0.31480681896209717,0.47663095593452454
1316,Republic of Sudan_5_262,Republic of Sudan,Republic of Sudan_4_109,5,Sudan positions itself as defender of established Nile agreements,True,1.6036841422319412,6.813278004527092,0.17467749118804932,0.22163836658000946
1317,Republic of Sudan_5_261,Republic of Sudan,Republic of Sudan_4_109,5,Sudan argues Ethiopia must respect pre-existing downstream allocations,True,1.1188490986824036,6.328442960977554,0.41840946674346924,0.4627414345741272
1318,Republic of Sudan_5_260,Republic of Sudan,Republic of Sudan_4_109,5,Sudan demands Egypt's support for its water rights position,True,1.4091059565544128,6.618699818849564,0.26639246940612793,0.32450157403945923
1319,Republic of Sudan_2_12,Republic of Sudan,Republic of Sudan_1_2,2,Sudan formally requests third-party mediation through international courts,False,1.6657011657953262,3.019969180226326,0.1300230175256729,0.20427581667900085
1320,Republic of Sudan_3_54,Republic of Sudan,Republic of Sudan_2_12,3,Sudan creates formal legal documentation of its grievances,False,1.6566724479198456,4.676641628146172,0.14752864837646484,0.19579890370368958
1321,Republic of Sudan_4_174,Republic of Sudan,Republic of Sudan_3_54,4,Sudan formalizes claims regarding transboundary water rights violations,False,1.272129237651825,5.9487708657979965,0.3002162575721741,0.427654504776001
1322,Republic of Sudan_5_514,Republic of Sudan,Republic of Sudan_4_174,5,Sudan invokes customary international water law principles,True,1.267837643623352,7.216608509421349,0.2932491898536682,0.43891316652297974
1323,Republic of Sudan_5_513,Republic of Sudan,Republic of Sudan_4_174,5,Sudan documents specific damages from uncoordinated GERD operations,True,1.5380228459835052,7.486793711781502,0.21812835335731506,0.2438488006591797
1324,Republic of Sudan_5_512,Republic of Sudan,Republic of Sudan_4_174,5,Sudan triggers formal international legal proceedings against Ethiopia,True,1.767015479505062,7.715786345303059,0.06018904596567154,0.17279547452926636
1325,Republic of Sudan_5_511,Republic of Sudan,Republic of Sudan_4_174,5,Sudan establishes legal precedent for downstream riparian state claims,True,1.3394103050231934,7.28818117082119,0.2740653157234192,0.38652437925338745
1326,Republic of Sudan_4_173,Republic of Sudan,Republic of Sudan_3_54,4,Sudan compiles evidence of downstream infrastructure vulnerabilities,False,1.0737063586711884,5.75034798681736,0.4744047522544861,0.45188888907432556
1327,Republic of Sudan_5_451,Republic of Sudan,Republic of Sudan_4_173,5,Sudan establishes baseline measurements of current system performance,True,1.329333245754242,7.079681232571602,0.34524816274642944,0.3254185914993286
1328,Republic of Sudan_5_450,Republic of Sudan,Republic of Sudan_4_173,5,Sudan identifies critical water flow thresholds for infrastructure safety,True,0.9462130069732666,6.6965609937906265,0.4777904748916626,0.5759965181350708
1329,Republic of Sudan_5_449,Republic of Sudan,Republic of Sudan_4_173,5,Sudan documents technical specifications of Roseires Dam capacity,True,1.1967100203037262,6.947058007121086,0.3649994432926178,0.438290536403656
1330,Republic of Sudan_5_448,Republic of Sudan,Republic of Sudan_4_173,5,Sudan quantifies potential economic losses from dam failures,True,1.079098105430603,6.829446092247963,0.41744107007980347,0.5034608244895935
1331,Republic of Sudan_4_172,Republic of Sudan,Republic of Sudan_3_54,4,Sudan documents technical risks from uncoordinated GERD operations,False,1.2733338475227356,5.949975475668907,0.3596962094306946,0.3669699430465698
1332,Republic of Sudan_5_517,Republic of Sudan,Republic of Sudan_4_172,5,Sudan creates evidence portfolio for international arbitration proceedings,True,1.7369813472032547,7.686956822872162,0.11050501465797424,0.15251363813877106
1333,Republic of Sudan_5_516,Republic of Sudan,Republic of Sudan_4_172,5,Sudan establishes technical baseline for legal claims,True,1.5340364426374435,7.484011918306351,0.184843048453331,0.28112050890922546
1334,Republic of Sudan_5_515,Republic of Sudan,Republic of Sudan_4_172,5,Sudan quantifies potential infrastructure damage from GERD water releases,True,1.013896644115448,6.963872119784355,0.4775688052177429,0.5085345506668091
1335,Republic of Sudan_4_171,Republic of Sudan,Republic of Sudan_3_54,4,Sudan establishes legal standing for international water dispute proceedings,True,1.465604543685913,6.142246171832085,0.19890066981315613,0.3354947865009308
1336,Republic of Sudan_3_53,Republic of Sudan,Republic of Sudan_2_12,3,Sudan signals willingness to bypass bilateral negotiation frameworks,False,1.541350930929184,4.56132011115551,0.20904168486595154,0.2496073842048645
1337,Republic of Sudan_4_163,Republic of Sudan,Republic of Sudan_3_53,4,Sudan seeks African Union intervention without Egyptian consent,True,1.7626100480556488,6.323930159211159,0.07776129245758057,0.15962865948677063
1338,Republic of Sudan_4_161,Republic of Sudan,Republic of Sudan_3_53,4,Sudan invites external powers into the negotiation process,False,1.5673437714576721,6.128663882613182,0.17959031462669373,0.25306591391563416
1339,Republic of Sudan_5_601,Republic of Sudan,Republic of Sudan_4_161,5,International actors begin positioning themselves regarding GERD dispute,True,1.660653218626976,7.789317101240158,0.13812199234962463,0.20122478902339935
1340,Republic of Sudan_5_600,Republic of Sudan,Republic of Sudan_4_161,5,Sudan's bilateral relationships with neighbors become strained,True,1.5311103910207748,7.659774273633957,0.19779427349567413,0.271095335483551
1341,Republic of Sudan_5_599,Republic of Sudan,Republic of Sudan_4_161,5,Ethiopia and Egypt perceive Sudan as escalating tensions,True,1.696742832660675,7.825406715273857,0.1230679601430893,0.18018920719623566
1342,Republic of Sudan_5_598,Republic of Sudan,Republic of Sudan_4_161,5,Regional powers compete for influence over Sudan's position,True,1.5915917456150055,7.720255628228188,0.15795066952705383,0.2504575848579407
1343,Republic of Sudan_4_160,Republic of Sudan,Republic of Sudan_3_53,4,Sudan approaches the International Court of Justice directly,True,1.736484780907631,6.297804892063141,0.09496347606182098,0.1685517430305481
1344,Republic of Sudan_3_52,Republic of Sudan,Republic of Sudan_2_12,3,Sudan invokes international legal precedents for transboundary water disputes,False,1.2901757657527924,4.310144945979118,0.2699632942676544,0.4398609399795532
1345,Republic of Sudan_4_151,Republic of Sudan,Republic of Sudan_3_52,4,Sudan formally documents Ethiopia's breach of customary international water law,False,1.3724571764469147,5.682602122426033,0.24780842661857605,0.3797343969345093
1346,Republic of Sudan_5_423,Republic of Sudan,Republic of Sudan_4_151,5,Sudan establishes precedent for future water law enforcement,True,1.142241209745407,6.82484333217144,0.3396044671535492,0.5181543231010437
1347,Republic of Sudan_4_150,Republic of Sudan,Republic of Sudan_3_52,4,Sudan establishes legal basis for claiming immediate and irreparable harm,False,1.6291452199220657,5.939290165901184,0.15631461143493652,0.21454016864299774
1348,Republic of Sudan_5_510,Republic of Sudan,Republic of Sudan_4_150,5,Sudan meets threshold requirements for urgent judicial intervention,True,1.5050087869167328,7.444298952817917,0.19445392489433289,0.3005372881889343
1349,Republic of Sudan_5_509,Republic of Sudan,Republic of Sudan_4_150,5,Sudan qualifies for emergency interim relief under international water law,True,1.413309559226036,7.35259972512722,0.24983705580234528,0.33685338497161865
1350,Republic of Sudan_4_149,Republic of Sudan,Republic of Sudan_3_52,4,Sudan invokes the Trail Smelter arbitration principles for transboundary harm,False,1.265181303024292,5.57532624900341,0.3131187856197357,0.4216999113559723
1351,Republic of Sudan_5_387,Republic of Sudan,Republic of Sudan_4_149,5,Sudan claims Ethiopia bears burden of proving no harm,True,1.6351070702075958,7.210433319211006,0.16479989886283875,0.20009303092956543
1352,Republic of Sudan_5_386,Republic of Sudan,Republic of Sudan_4_149,5,Sudan shifts dispute from negotiation to adjudication framework,True,1.5645450353622437,7.139871284365654,0.17091864347457886,0.2645363211631775
1353,Republic of Sudan_5_385,Republic of Sudan,Republic of Sudan_4_149,5,Sudan establishes legal precedent for upstream state liability,True,1.2897512316703796,6.86507748067379,0.31362658739089966,0.3966221809387207
1354,Republic of Sudan_4_148,Republic of Sudan,Republic of Sudan_3_52,4,Sudan references the Indus Waters Treaty enforcement mechanisms,False,1.0904771089553833,5.400622054934502,0.3696520924568176,0.5398707985877991
1355,Republic of Sudan_5_332,Republic of Sudan,Republic of Sudan_4_148,5,Sudan highlights the enforceability of international water agreements,True,1.090977132320404,6.491599187254906,0.39540356397628784,0.5136193037033081
1356,Republic of Sudan_5_331,Republic of Sudan,Republic of Sudan_4_148,5,Sudan emphasizes the precedent of neutral expert determination,True,1.635073572397232,7.035695627331734,0.18723979592323303,0.1776866316795349
1357,Republic of Sudan_5_330,Republic of Sudan,Republic of Sudan_4_148,5,Sudan advocates for mandatory technical data sharing protocols,True,1.2318744361400604,6.632496491074562,0.37883102893829346,0.3892945349216461
1358,Republic of Sudan_5_329,Republic of Sudan,Republic of Sudan_4_148,5,Sudan proposes establishing a permanent arbitration commission for disputes,True,1.6127524226903915,7.013374477624893,0.1821039468050003,0.20514363050460815
1359,Republic of Sudan_4_147,Republic of Sudan,Republic of Sudan_3_52,4,Sudan cites the Gabčíkovo-Nagymaros Project case as binding precedent,False,1.5023237317800522,5.8124686777591705,0.19758667051792145,0.30008959770202637
1360,Republic of Sudan_5_471,Republic of Sudan,Republic of Sudan_4_147,5,Sudan invokes state responsibility doctrine for unilateral dam construction,True,1.0981006026268005,6.910569280385971,0.38137394189834595,0.5205254554748535
1361,Republic of Sudan_5_470,Republic of Sudan,Republic of Sudan_4_147,5,Sudan asserts right to compensation for transboundary water harm,True,1.2990922033786774,7.111560881137848,0.30171701312065125,0.3991907835006714
1362,Republic of Sudan_5_469,Republic of Sudan,Republic of Sudan_4_147,5,Sudan claims legal obligation exists for environmental impact assessment,True,1.2620656192302704,7.074534296989441,0.3371174931526184,0.4008168876171112
1363,Republic of Sudan_5_468,Republic of Sudan,Republic of Sudan_4_147,5,Sudan argues Ethiopia violated international law regarding transboundary waters,True,1.4429422169923782,7.255410894751549,0.21354670822620392,0.34351107478141785
1364,Republic of Sudan_1_1,Republic of Sudan,Republic of Sudan_0_0,1,Sudan demands legally binding coordination protocols before dam operations,False,0.958918958902359,0.958918958902359,0.43692252039909363,0.6041585206985474
1365,Republic of Sudan_2_8,Republic of Sudan,Republic of Sudan_1_1,2,Sudan threatens to withdraw from existing trilateral negotiation frameworks,False,1.5963971316814423,2.5553160905838013,0.1741967499256134,0.22940611839294434
1366,Republic of Sudan_3_29,Republic of Sudan,Republic of Sudan_2_8,3,Sudan's downstream infrastructure risks become unaddressed through multilateral channels,False,1.0617244839668274,3.6170405745506287,0.4542390704154968,0.4840364456176758
1367,Republic of Sudan_4_62,Republic of Sudan,Republic of Sudan_3_29,4,Sudan's Roseires Dam operations become increasingly vulnerable to uncoordinated releases,False,1.0269541144371033,4.643994688987732,0.47866249084472656,0.49438339471817017
1368,Republic of Sudan_5_167,Republic of Sudan,Republic of Sudan_4_62,5,Sudan's agricultural productivity becomes dependent on Ethiopian dam decisions,False,1.0928026735782623,5.736797362565994,0.38067248463630676,0.5265248417854309
1369,Republic of Sudan_6_447,Republic of Sudan,Republic of Sudan_5_167,6,Sudan loses sovereign control over its agricultural planning cycles,True,1.349229097366333,7.086026459932327,0.25109046697616577,0.3996804356575012
1370,Republic of Sudan_6_446,Republic of Sudan,Republic of Sudan_5_167,6,Sudan's agricultural export revenues become vulnerable to upstream flow variations,True,1.3038116991519928,7.040609061717987,0.3308175802230835,0.3653707206249237
1371,Republic of Sudan_6_445,Republic of Sudan,Republic of Sudan_5_167,6,Sudan's farming communities face unpredictable irrigation water availability,True,1.1348083019256592,6.871605664491653,0.393803209066391,0.47138848900794983
1372,Republic of Sudan_6_444,Republic of Sudan,Republic of Sudan_5_167,6,Sudan's food security becomes subject to Ethiopian water management policies,True,1.111966073513031,6.848763436079025,0.3829801678657532,0.5050537586212158
1373,Republic of Sudan_5_166,Republic of Sudan,Republic of Sudan_4_62,5,Sudan loses technical control over its downstream water management,False,1.1563836932182312,5.800378382205963,0.3678802251815796,0.4757360816001892
1374,Republic of Sudan_6_464,Republic of Sudan,Republic of Sudan_5_166,6,Sudan's flood preparedness systems lose predictive capacity for Blue Nile flows,True,1.0919347405433655,6.892313122749329,0.47123217582702637,0.43683308362960815
1375,Republic of Sudan_6_463,Republic of Sudan,Republic of Sudan_5_166,6,Sudan's electricity generation from Roseires Dam becomes subject to Ethiopian operational decisions,True,1.0652571022510529,6.865635484457016,0.4254849851131439,0.5092579126358032
1376,Republic of Sudan_5_165,Republic of Sudan,Republic of Sudan_4_62,5,Sudan's irrigation systems face increased risk of operational failures,False,1.1368455290794373,5.780840218067169,0.40730151534080505,0.4558529555797577
1377,Republic of Sudan_6_458,Republic of Sudan,Republic of Sudan_5_165,6,Sudan's economic dependence on agriculture becomes more precarious,True,1.4373754560947418,7.218215674161911,0.24744665622711182,0.31517788767814636
1378,Republic of Sudan_6_457,Republic of Sudan,Republic of Sudan_5_165,6,Sudan's rural population experiences water supply disruptions,True,1.1659815311431885,6.946821749210358,0.3873094916343689,0.4467089772224426
1379,Republic of Sudan_6_456,Republic of Sudan,Republic of Sudan_5_165,6,Sudan's food security becomes increasingly threatened,True,1.575033575296402,7.355873793363571,0.1987273097038269,0.22623911499977112
1380,Republic of Sudan_6_455,Republic of Sudan,Republic of Sudan_5_165,6,Sudan's agricultural productivity faces significant decline,True,1.6426910161972046,7.423531234264374,0.1474924236536026,0.2098165601491928
1381,Republic of Sudan_5_164,Republic of Sudan,Republic of Sudan_4_62,5,Sudan's electricity generation capacity becomes subject to unpredictable disruptions,False,1.314759224653244,5.958753913640976,0.3542160391807556,0.33102473616600037
1382,Republic of Sudan_6_524,Republic of Sudan,Republic of Sudan_5_164,6,Sudan's domestic energy supply becomes unreliable for households,True,1.405571848154068,7.364325761795044,0.3255954384803772,0.2688327133655548
1383,Republic of Sudan_6_523,Republic of Sudan,Republic of Sudan_5_164,6,Sudan's agricultural irrigation systems experience operational instability,True,1.1073640584945679,7.066117972135544,0.40384382009506226,0.4887921214103699
1384,Republic of Sudan_6_522,Republic of Sudan,Republic of Sudan_5_164,6,Sudan's industrial sector faces reduced manufacturing output,True,1.6987288147211075,7.657482728362083,0.13118800520896912,0.1700831800699234
1385,Republic of Sudan_4_61,Republic of Sudan,Republic of Sudan_3_29,4,Sudan seeks alternative international arbitration mechanisms for infrastructure protection,False,1.2384817600250244,4.855522334575653,0.35110247135162354,0.41041576862335205
1386,Republic of Sudan_5_185,Republic of Sudan,Republic of Sudan_4_61,5,Sudan considers invoking UN Security Council jurisdiction over water security,True,1.2932825684547424,6.1488049030303955,0.30969101190567017,0.3970264196395874
1387,Republic of Sudan_5_184,Republic of Sudan,Republic of Sudan_4_61,5,Sudan requests African Union intervention in Nile water management,True,1.3742601424455643,6.229782477021217,0.24618391692638397,0.37955594062805176
1388,Republic of Sudan_5_183,Republic of Sudan,Republic of Sudan_4_61,5,Sudan invites World Bank mediation for transboundary infrastructure conflicts,True,1.428171843290329,6.283694177865982,0.22619226574897766,0.34563589096069336
1389,Republic of Sudan_5_182,Republic of Sudan,Republic of Sudan_4_61,5,Sudan approaches the International Court of Justice for water dispute resolution,True,1.4689741283655167,6.32449646294117,0.2094658762216568,0.32155999541282654
1390,Republic of Sudan_4_60,Republic of Sudan,Republic of Sudan_3_29,4,Sudan pursues bilateral agreements with Ethiopia outside trilateral framework,False,1.5425425469875336,5.159583121538162,0.16312852501869202,0.2943289279937744
1391,Republic of Sudan_5_249,Republic of Sudan,Republic of Sudan_4_60,5,Trilateral negotiation framework loses essential middle-party mediator,True,1.4827281534671783,6.642311275005341,0.21903041005134583,0.29824143648147583
1392,Republic of Sudan_5_248,Republic of Sudan,Republic of Sudan_4_60,5,Sudan gains direct technical coordination with Ethiopian dam operators,True,1.1968004703521729,6.356383591890335,0.32154130935668945,0.4816582202911377
1393,Republic of Sudan_3_28,Republic of Sudan,Republic of Sudan_2_8,3,Sudan forfeits access to technical data sharing mechanisms,False,1.3562188744544983,3.9115349650382996,0.30569058656692505,0.33809053897857666
1394,Republic of Sudan_4_97,Republic of Sudan,Republic of Sudan_3_28,4,Sudan's dam operators lack coordination data for safety protocols,False,1.029295265674591,4.940830230712891,0.43431270122528076,0.5363920331001282
1395,Republic of Sudan_5_199,Republic of Sudan,Republic of Sudan_4_97,5,Sudan's water infrastructure operates with incomplete hazard assessment,False,1.1130183935165405,6.053848624229431,0.423073410987854,0.46390819549560547
1396,Republic of Sudan_6_550,Republic of Sudan,Republic of Sudan_5_199,6,Sudan's water allocation decisions rely on insufficient risk data,True,1.1787965297698975,7.232645153999329,0.39544111490249634,0.4257623553276062
1397,Republic of Sudan_6_549,Republic of Sudan,Republic of Sudan_5_199,6,Sudan's infrastructure maintenance schedules lack predictive accuracy,True,1.1817031800746918,7.235551804304123,0.42961394786834717,0.38868287205696106
1398,Republic of Sudan_6_548,Republic of Sudan,Republic of Sudan_5_199,6,Sudan's emergency response protocols become inadequately calibrated,True,1.3537465929985046,7.407595217227936,0.3302938938140869,0.31595951318740845
1399,Republic of Sudan_5_198,Republic of Sudan,Republic of Sudan_4_97,5,Sudan cannot anticipate GERD water releases for emergency planning,True,1.2904904782772064,6.231320708990097,0.3476823568344116,0.36182716488838196
1400,Republic of Sudan_5_197,Republic of Sudan,Republic of Sudan_4_97,5,Sudan's Roseires Dam faces increased operational safety risks,False,1.1566222608089447,6.097452491521835,0.3980753421783447,0.44530239701271057
1401,Republic of Sudan_6_578,Republic of Sudan,Republic of Sudan_5_197,6,Sudan's water infrastructure requires costly emergency reinforcement measures,True,1.102790117263794,7.200242608785629,0.43566712737083435,0.4615427553653717
1402,Republic of Sudan_6_577,Republic of Sudan,Republic of Sudan_5_197,6,Sudan prioritizes emergency dam safety protocols over power generation,True,1.0567567348480225,7.154209226369858,0.43601471185684204,0.5072285532951355
1403,Republic of Sudan_6_576,Republic of Sudan,Republic of Sudan_5_197,6,Sudan's irrigation systems face potential catastrophic flooding or drought,True,1.04120534658432,7.138657838106155,0.43793803453445435,0.5208566188812256
1404,Republic of Sudan_6_575,Republic of Sudan,Republic of Sudan_5_197,6,Sudan's electricity generation capacity becomes unreliable and intermittent,True,1.350726455450058,7.448178946971893,0.3465811014175415,0.3026924431324005
1405,Republic of Sudan_4_96,Republic of Sudan,Republic of Sudan_3_28,4,Sudan cannot predict downstream flow variations at Roseires Dam,False,1.164594054222107,5.0761290192604065,0.4116666913032532,0.4237392544746399
1406,Republic of Sudan_5_227,Republic of Sudan,Republic of Sudan_4_96,5,Sudan cannot provide adequate flood warnings to downstream communities,True,1.2369446456432343,6.313073664903641,0.39091920852661133,0.3721361458301544
1407,Republic of Sudan_5_226,Republic of Sudan,Republic of Sudan_4_96,5,Sudan loses ability to optimize its own electricity generation scheduling,True,1.4189534783363342,6.495082497596741,0.3135514259338379,0.2674950957298279
1408,Republic of Sudan_5_225,Republic of Sudan,Republic of Sudan_4_96,5,Sudan faces increased risk of infrastructure damage from unexpected flows,True,1.1856355667114258,6.261764585971832,0.3993951678276062,0.414969265460968
1409,Republic of Sudan_4_95,Republic of Sudan,Republic of Sudan_3_28,4,Sudan loses early warning capabilities for GERD water releases,False,1.4005129635334015,5.312047928571701,0.29750463366508484,0.30198240280151367
1410,Republic of Sudan_5_308,Republic of Sudan,Republic of Sudan_4_95,5,Sudan loses ability to coordinate its own dam releases,True,1.0928941667079926,6.404942095279694,0.409525066614151,0.49758076667785645
1411,Republic of Sudan_5_307,Republic of Sudan,Republic of Sudan_4_95,5,Sudan's downstream infrastructure faces unmitigated operational risks,True,1.0238093137741089,6.33585724234581,0.49547910690307617,0.48071157932281494
1412,Republic of Sudan_5_306,Republic of Sudan,Republic of Sudan_4_95,5,Sudan cannot prepare Roseires Dam for sudden water level changes,True,1.2962394952774048,6.608287423849106,0.3433423638343811,0.3604181408882141
1413,Republic of Sudan_3_27,Republic of Sudan,Republic of Sudan_2_8,3,Ethiopia and Egypt proceed with bilateral negotiations excluding Sudan,False,1.6604491248726845,4.215765215456486,0.118142269551754,0.22140860557556152
1414,Republic of Sudan_4_132,Republic of Sudan,Republic of Sudan_3_27,4,Sudan's downstream infrastructure risks remain unaddressed in negotiations,False,1.1780117750167847,5.39377699047327,0.401833713054657,0.42015451192855835
1415,Republic of Sudan_5_328,Republic of Sudan,Republic of Sudan_4_132,5,Sudan seeks technical assistance from external engineering consultancies independently,True,1.456360325217247,6.850137315690517,0.2420056015253067,0.3016340732574463
1416,Republic of Sudan_5_327,Republic of Sudan,Republic of Sudan_4_132,5,Sudan implements unilateral protective measures for its dam infrastructure,True,1.1427459120750427,6.536522902548313,0.3783470392227173,0.47890704870224
1417,Republic of Sudan_5_325,Republic of Sudan,Republic of Sudan_4_132,5,Sudan pursues alternative bilateral agreements with downstream riparian states,True,1.387371152639389,6.7811481431126595,0.26400789618492126,0.3486209511756897
1418,Republic of Sudan_4_131,Republic of Sudan,Republic of Sudan_3_27,4,Sudan faces exclusion from bilateral water allocation agreements,False,1.3188475370407104,5.534612752497196,0.2869970202445984,0.39415544271469116
1419,Republic of Sudan_5_362,Republic of Sudan,Republic of Sudan_4_131,5,Sudan considers unilateral infrastructure protection measures,True,1.234947681427002,6.769560433924198,0.36762773990631104,0.397424578666687
1420,Republic of Sudan_3_26,Republic of Sudan,Republic of Sudan_2_8,3,Sudan loses its primary diplomatic leverage over GERD operations,False,1.7049014493823051,4.260217539966106,0.12153174728155136,0.1735668033361435
1421,Republic of Sudan_4_136,Republic of Sudan,Republic of Sudan_3_26,4,Sudan cannot credibly threaten alternative diplomatic arrangements,False,1.6348773539066315,5.895094893872738,0.18028190732002258,0.18484073877334595
1422,Republic of Sudan_5_497,Republic of Sudan,Republic of Sudan_4_136,5,Sudan's negotiating position weakens to purely reactive responses,True,1.6308036893606186,7.5258985832333565,0.17947916686534882,0.1897171437740326
1423,Republic of Sudan_5_496,Republic of Sudan,Republic of Sudan_4_136,5,Sudan becomes a passive recipient of upstream decisions,True,1.2274285554885864,7.122523449361324,0.39691591262817383,0.37565553188323975
1424,Republic of Sudan_4_135,Republic of Sudan,Republic of Sudan_3_26,4,Sudan loses ability to influence GERD filling schedules,False,1.4644027650356293,5.724620305001736,0.2569234073162079,0.27867382764816284
1425,Republic of Sudan_5_439,Republic of Sudan,Republic of Sudan_4_135,5,Sudan loses coordination capacity for its own dam operations,True,1.0608215928077698,6.7854418978095055,0.42277073860168457,0.5164076685905457
1426,Republic of Sudan_5_438,Republic of Sudan,Republic of Sudan_4_135,5,Sudan faces unpredictable water flow variations at Roseires Dam,True,1.143499344587326,6.868119649589062,0.4047001600265503,0.45180049538612366
1427,Republic of Sudan_4_134,Republic of Sudan,Republic of Sudan_3_26,4,Sudan must accept whatever coordination terms Ethiopia offers,False,1.3389105200767517,5.599128060042858,0.29830849170684814,0.36278098821640015
1428,Republic of Sudan_5_395,Republic of Sudan,Republic of Sudan_4_134,5,Sudan loses ability to protect its downstream infrastructure,True,1.0780287683010101,6.677156828343868,0.4626113474369049,0.45935988426208496
1429,Republic of Sudan_5_394,Republic of Sudan,Republic of Sudan_4_134,5,Sudan's domestic water security depends entirely on Ethiopian goodwill,True,1.3178898692131042,6.917017929255962,0.3038783073425293,0.37823182344436646
1430,Republic of Sudan_5_393,Republic of Sudan,Republic of Sudan_4_134,5,Sudan becomes vulnerable to unilateral Ethiopian operational decisions,True,1.3759559094905853,6.9750839695334435,0.2892393171787262,0.3348047733306885
1431,Republic of Sudan_5_392,Republic of Sudan,Republic of Sudan_4_134,5,Sudan's water infrastructure operates under Ethiopian discretionary control,True,0.8063790202140808,6.405507080256939,0.526978611946106,0.6666423678398132
1432,Republic of Sudan_4_133,Republic of Sudan,Republic of Sudan_3_26,4,Sudan becomes dependent on Ethiopia's unilateral operational decisions,False,1.4477785378694534,5.70799607783556,0.24141569435596466,0.3108057677745819
1433,Republic of Sudan_5_431,Republic of Sudan,Republic of Sudan_4_133,5,Sudan loses ability to prepare for flood management emergencies,True,1.289197862148285,6.997193939983845,0.36223268508911133,0.34856945276260376
1434,Republic of Sudan_5_430,Republic of Sudan,Republic of Sudan_4_133,5,Sudan cannot coordinate its dam operations with upstream releases,True,1.004977524280548,6.712973602116108,0.4696575999259949,0.525364875793457
1435,Republic of Sudan_5_429,Republic of Sudan,Republic of Sudan_4_133,5,Sudan's water infrastructure operates without predictable flow schedules,True,0.9176148772239685,6.625610955059528,0.5396355390548706,0.5427495837211609
1436,Republic of Sudan_2_7,Republic of Sudan,Republic of Sudan_1_1,2,Sudan aligns with Egypt's position on halting unilateral operations,False,1.6688906252384186,2.6278095841407776,0.16019731760025024,0.17091205716133118
1437,Republic of Sudan_3_43,Republic of Sudan,Republic of Sudan_2_7,3,Sudan coordinates joint downstream coalition strategy,False,1.2958848476409912,3.923694431781769,0.3139563202857971,0.39015883207321167
1438,Republic of Sudan_4_100,Republic of Sudan,Republic of Sudan_3_43,4,Sudan adopts Egypt's legal arguments regarding historical water rights,False,1.3675377070903778,5.291232138872147,0.26742878556251526,0.36503350734710693
1439,Republic of Sudan_5_300,Republic of Sudan,Republic of Sudan_4_100,5,Sudan invokes colonial-era treaties as binding legal precedent,True,1.659953162074089,6.951185300946236,0.09791064262390137,0.24213619530200958
1440,Republic of Sudan_4_99,Republic of Sudan,Republic of Sudan_3_43,4,Sudan reduces bilateral technical discussions with Ethiopia,False,1.525109052658081,5.44880348443985,0.1806928515434265,0.29419809579849243
1441,Republic of Sudan_5_338,Republic of Sudan,Republic of Sudan_4_99,5,Sudan's dam operators lack coordination signals from upstream,True,1.0939998030662537,6.5428032875061035,0.4238894581794739,0.48211073875427246
1442,Republic of Sudan_5_337,Republic of Sudan,Republic of Sudan_4_99,5,Sudan increases dependence on Egypt for GERD information,True,1.5090813338756561,6.957884818315506,0.23878934979438782,0.25212931632995605
1443,Republic of Sudan_5_336,Republic of Sudan,Republic of Sudan_4_99,5,Sudan loses access to Ethiopian technical dam operation data,True,1.1743671894073486,6.6231706738471985,0.35041743516921997,0.4752153754234314
1444,Republic of Sudan_3_41,Republic of Sudan,Republic of Sudan_2_7,3,Sudan withdraws from trilateral technical committees,False,1.6626205742359161,4.290430158376694,0.1563514918088913,0.18102793395519257
1445,Republic of Sudan_4_146,Republic of Sudan,Republic of Sudan_3_41,4,Sudan eliminates formal channels for coordinating dam operations,False,1.154746264219284,5.445176422595978,0.369009792804718,0.4762439429759979
1446,Republic of Sudan_5_335,Republic of Sudan,Republic of Sudan_4_146,5,Sudan forfeits early warning systems for downstream flooding,True,1.266781359910965,6.711957782506943,0.38484975695610046,0.34836888313293457
1447,Republic of Sudan_5_334,Republic of Sudan,Republic of Sudan_4_146,5,Sudan cannot provide technical input on dam operations,True,1.1481287479400635,6.593305170536041,0.3831367492675781,0.4687345027923584
1448,Republic of Sudan_5_333,Republic of Sudan,Republic of Sudan_4_146,5,Sudan loses real-time information about GERD water releases,True,1.2759665846824646,6.721143007278442,0.35359156131744385,0.37044185400009155
1449,Republic of Sudan_4_145,Republic of Sudan,Republic of Sudan_3_41,4,Sudan signals complete breakdown in diplomatic cooperation,True,1.6634661257266998,5.9538962841033936,0.1443171203136444,0.19221675395965576
1450,Republic of Sudan_4_144,Republic of Sudan,Republic of Sudan_3_41,4,Sudan must develop unilateral monitoring systems for GERD operations,False,1.263781726360321,5.554211884737015,0.3508087992668152,0.38540947437286377
1451,Republic of Sudan_5_371,Republic of Sudan,Republic of Sudan_4_144,5,Sudan reduces information sharing with Ethiopia regarding water data,True,1.0719236731529236,6.626135557889938,0.4265865683555603,0.5014897584915161
1452,Republic of Sudan_5_370,Republic of Sudan,Republic of Sudan_4_144,5,Sudan establishes independent hydrological measurement stations along Blue Nile,True,1.2355267405509949,6.78973862528801,0.3468031883239746,0.4176700711250305
1453,Republic of Sudan_5_369,Republic of Sudan,Republic of Sudan_4_144,5,Sudan seeks technical assistance from international water management organizations,True,1.221362143754959,6.775574028491974,0.3342842161655426,0.4443536400794983
1454,Republic of Sudan_5_368,Republic of Sudan,Republic of Sudan_4_144,5,Sudan incurs significant financial costs for monitoring infrastructure,True,1.202924907207489,6.757136791944504,0.39099812507629395,0.40607696771621704
1455,Republic of Sudan_4_143,Republic of Sudan,Republic of Sudan_3_41,4,Sudan loses access to technical data from Ethiopia and Egypt,False,1.5127547979354858,5.80318495631218,0.2077743411064148,0.27947086095809937
1456,Republic of Sudan_5_465,Republic of Sudan,Republic of Sudan_4_143,5,Sudan cannot predict GERD release patterns for Roseires operations,True,1.5244509875774384,7.327635943889618,0.2623264491558075,0.21322256326675415
1457,Republic of Sudan_2_5,Republic of Sudan,Republic of Sudan_1_1,2,Sudan refuses to participate in current GERD operational discussions,False,1.6857516914606094,2.6446706503629684,0.1349639594554901,0.17928434908390045
1458,Republic of Sudan_3_47,Republic of Sudan,Republic of Sudan_2_5,3,Sudan faces increased uncertainty about downstream water flows,False,1.1766014099121094,3.821272060275078,0.3872166872024536,0.436181902885437
1459,Republic of Sudan_4_82,Republic of Sudan,Republic of Sudan_3_47,4,Sudan experiences heightened anxiety about potential infrastructure damage,False,1.2779479622840881,5.099220022559166,0.3565560579299927,0.3654959797859192
1460,Republic of Sudan_5_236,Republic of Sudan,Republic of Sudan_4_82,5,Sudan seeks alternative water security arrangements,True,1.147177278995514,6.24639730155468,0.3950585424900055,0.4577641785144806
1461,Republic of Sudan_5_235,Republic of Sudan,Republic of Sudan_4_82,5,Sudan increases domestic infrastructure protection measures,True,1.3047276437282562,6.403947666287422,0.3152576982975006,0.38001465797424316
1462,Republic of Sudan_4_81,Republic of Sudan,Republic of Sudan_3_47,4,Sudan's Roseires Dam operations become increasingly reactive rather than proactive,False,1.1227895617485046,4.9440616220235825,0.4346874952316284,0.44252294301986694
1463,Republic of Sudan_5_202,Republic of Sudan,Republic of Sudan_4_81,5,Sudan's irrigation scheduling becomes increasingly disrupted and inconsistent,False,1.1614086627960205,6.105470284819603,0.4018086791038513,0.4367826581001282
1464,Republic of Sudan_6_590,Republic of Sudan,Republic of Sudan_5_202,6,Sudan's agricultural sector experiences increased economic losses from crop failures,True,1.6531847268342972,7.7586550116539,0.14073333144187927,0.20608194172382355
1465,Republic of Sudan_6_589,Republic of Sudan,Republic of Sudan_5_202,6,Sudan's irrigation infrastructure operates below optimal efficiency levels,True,1.1106132566928864,7.216083541512489,0.42444416880607605,0.4649425745010376
1466,Republic of Sudan_6_588,Republic of Sudan,Republic of Sudan_5_202,6,Sudan's farmers increasingly abandon water-dependent crops for drought-resistant alternatives,True,1.3653587102890015,7.470828995108604,0.2732525169849396,0.36138877272605896
1467,Republic of Sudan_6_587,Republic of Sudan,Republic of Sudan_5_202,6,Sudan's agricultural productivity declines due to unpredictable water availability,True,1.3724679946899414,7.477938279509544,0.28562021255493164,0.34191179275512695
1468,Republic of Sudan_5_200,Republic of Sudan,Republic of Sudan_4_81,5,Sudan's Roseires Dam efficiency decreases due to suboptimal water management,False,1.1450155675411224,6.089077189564705,0.40975886583328247,0.4452255666255951
1469,Republic of Sudan_6_566,Republic of Sudan,Republic of Sudan_5_200,6,Sudan's water storage planning becomes less reliable,True,0.9778582453727722,7.066935434937477,0.5329595804214478,0.48918217420578003
1470,Republic of Sudan_6_564,Republic of Sudan,Republic of Sudan_5_200,6,Sudan's electricity generation capacity from Roseires becomes more unpredictable,True,1.5218988358974457,7.610976025462151,0.26105281710624695,0.21704834699630737
1471,Republic of Sudan_4_80,Republic of Sudan,Republic of Sudan_3_47,4,Sudan cannot effectively plan its agricultural irrigation schedules,False,1.2734608352184296,5.094732895493507,0.3399721086025238,0.38656705617904663
1472,Republic of Sudan_5_231,Republic of Sudan,Republic of Sudan_4_80,5,Sudan's rural economic stability deteriorates,True,1.4215883910655975,6.516321286559105,0.2660299241542816,0.31238168478012085
1473,Republic of Sudan_5_230,Republic of Sudan,Republic of Sudan_4_80,5,Sudan's food security planning becomes compromised,True,1.4238941669464111,6.5186270624399185,0.26288068294525146,0.3132251501083374
1474,Republic of Sudan_5_229,Republic of Sudan,Republic of Sudan_4_80,5,Sudan's farmers face heightened crop failure risks,True,1.5442665964365005,6.638999491930008,0.18805836141109467,0.2676750421524048
1475,Republic of Sudan_5_228,Republic of Sudan,Republic of Sudan_4_80,5,Sudan's agricultural productivity becomes increasingly unpredictable,True,1.5388772934675217,6.633610188961029,0.21108119189739227,0.25004151463508606
1476,Republic of Sudan_3_46,Republic of Sudan,Republic of Sudan_2_5,3,Sudan's technical concerns remain unaddressed in negotiations,False,1.6289561837911606,4.273626834154129,0.16501069068908691,0.2060331255197525
1477,Republic of Sudan_4_142,Republic of Sudan,Republic of Sudan_3_46,4,Sudan's infrastructure planning becomes increasingly defensive and risk-averse,False,1.2196244597434998,5.493251293897629,0.3935936391353607,0.3867819011211395
1478,Republic of Sudan_5_355,Republic of Sudan,Republic of Sudan_4_142,5,Sudan seeks bilateral agreements bypassing trilateral GERD negotiations,True,1.6436228454113007,7.136874139308929,0.11806729435920715,0.2383098602294922
1479,Republic of Sudan_5_354,Republic of Sudan,Republic of Sudan_4_142,5,Sudan prioritizes backup water storage and alternative supply systems,True,1.1008360981941223,6.594087392091751,0.4772372245788574,0.42192667722702026
1480,Republic of Sudan_4_141,Republic of Sudan,Republic of Sudan_3_46,4,Sudan seeks bilateral technical agreements outside trilateral framework,False,1.5109342336654663,5.784561067819595,0.18019527196884155,0.30887049436569214
1481,Republic of Sudan_5_461,Republic of Sudan,Republic of Sudan_4_141,5,Sudan's bilateral approach fragments the trilateral negotiation process,True,1.525848999619484,7.310410067439079,0.19127647578716278,0.28287452459335327
1482,Republic of Sudan_5_460,Republic of Sudan,Republic of Sudan_4_141,5,Sudan bypasses multilateral diplomatic channels for technical coordination,True,1.574135199189186,7.358696267008781,0.16657157242298126,0.25929322838783264
1483,Republic of Sudan_5_459,Republic of Sudan,Republic of Sudan_4_141,5,Sudan prioritizes direct negotiations with Ethiopia over Egypt,True,1.6993815377354622,7.4839426055550575,0.10750242322683334,0.19311603903770447
1484,Republic of Sudan_3_45,Republic of Sudan,Republic of Sudan_2_5,3,Sudan loses direct influence over GERD operational protocols,False,1.4311195611953735,4.075790211558342,0.2551916837692261,0.3136887550354004
1485,Republic of Sudan_4_114,Republic of Sudan,Republic of Sudan_3_45,4,Sudan loses technical input on drought period protocols,False,1.129631519317627,5.205421730875969,0.37699615955352783,0.4933723211288452
1486,Republic of Sudan_5_259,Republic of Sudan,Republic of Sudan_4_114,5,Sudan loses ability to coordinate its own dam operations with GERD releases,True,1.1462027430534363,6.351624473929405,0.38385462760925293,0.4699426293373108
1487,Republic of Sudan_5_258,Republic of Sudan,Republic of Sudan_4_114,5,Sudan's water infrastructure planning becomes reactive rather than proactive,True,0.9319473505020142,6.137369081377983,0.5252079963684082,0.5428446531295776
1488,Republic of Sudan_5_257,Republic of Sudan,Republic of Sudan_4_114,5,Sudan cannot anticipate GERD's drought response impacts on Roseires Dam,True,1.1936964690685272,6.399118199944496,0.373148113489151,0.4331554174423218
1489,Republic of Sudan_4_113,Republic of Sudan,Republic of Sudan_3_45,4,Sudan faces increased operational uncertainty at downstream infrastructure,False,1.0844928622245789,5.160283073782921,0.4518064558506012,0.46370068192481995
1490,Republic of Sudan_5_253,Republic of Sudan,Republic of Sudan_4_113,5,Sudan's electricity generation capacity becomes more volatile,True,1.4699368178844452,6.630219891667366,0.2706593871116638,0.259403795003891
1491,Republic of Sudan_5_251,Republic of Sudan,Republic of Sudan_4_113,5,Sudan cannot adequately plan downstream water resource management,True,1.0781569480895996,6.2384400218725204,0.4400051236152649,0.4818379282951355
1492,Republic of Sudan_5_250,Republic of Sudan,Republic of Sudan_4_113,5,Sudan's Roseires Dam operations become increasingly unpredictable,True,1.1492642164230347,6.3095472902059555,0.4054769277572632,0.44525885581970215
1493,Republic of Sudan_4_112,Republic of Sudan,Republic of Sudan_3_45,4,Sudan cannot anticipate GERD release schedules for Roseires operations,False,1.6008950620889664,5.676685273647308,0.21133174002170563,0.187773197889328
1494,Republic of Sudan_5_415,Republic of Sudan,Republic of Sudan_4_112,5,Sudan faces increased risk of Roseires Dam structural damage,True,1.3501367568969727,7.026822030544281,0.30255359411239624,0.3473096489906311
1495,Republic of Sudan_5_414,Republic of Sudan,Republic of Sudan_4_112,5,Sudan cannot optimize Roseires Dam water release timing,True,1.1746032238006592,6.8512884974479675,0.4054681062698364,0.4199286699295044
1496,Republic of Sudan_3_44,Republic of Sudan,Republic of Sudan_2_5,3,Ethiopia and Egypt proceed with bilateral GERD discussions,False,1.566505253314972,4.21117590367794,0.17046985030174255,0.2630248963832855
1497,Republic of Sudan_4_129,Republic of Sudan,Republic of Sudan_3_44,4,Sudan loses direct influence over bilateral GERD agreements,False,1.5401767492294312,5.7513526529073715,0.18328729271888733,0.2765359580516815
1498,Republic of Sudan_5_454,Republic of Sudan,Republic of Sudan_4_129,5,Sudan loses bargaining power in future trilateral negotiations,True,1.6440455913543701,7.395398244261742,0.13167721033096313,0.22427719831466675
1499,Republic of Sudan_5_452,Republic of Sudan,Republic of Sudan_4_129,5,Sudan faces exclusion from critical GERD operational decisions,True,1.5738670378923416,7.325219690799713,0.2045375406742096,0.2215954214334488
1500,Republic of Sudan_4_128,Republic of Sudan,Republic of Sudan_3_44,4,Sudan faces increased risk of uncoordinated GERD operations,False,1.4637756943702698,5.67495159804821,0.2692837119102478,0.2669405937194824
1501,Republic of Sudan_5_409,Republic of Sudan,Republic of Sudan_4_128,5,Sudan's flood management capabilities deteriorate without coordination data,True,1.0802152156829834,6.7551668137311935,0.44550955295562744,0.47427523136138916
1502,Republic of Sudan_4_127,Republic of Sudan,Republic of Sudan_3_44,4,Sudan's technical concerns about dam coordination remain unaddressed,False,1.0881982743740082,5.2993741780519485,0.4077359735965729,0.504065752029419
1503,Republic of Sudan_5_304,Republic of Sudan,Republic of Sudan_4_127,5,Sudan develops unilateral contingency plans for GERD scenarios,True,1.403978019952774,6.703352198004723,0.29731085896492004,0.2987111210823059
