{
  "test": "Permutation Test for Topological Significance",
  "method": {
    "n_permutations": 500,
    "max_points_per_actor": 300,
    "metric_space": "Cosine distance in 768d"
  },
  "actors": [
    "Commonwealth of Cerulea",
    "Federation of Borealis",
    "Republic of Aurelia"
  ],
  "n_actors": 3,
  "n_pairs": 3,
  "pairs": {
    "Commonwealth of Cerulea vs Federation of Borealis": {
      "metrics": {
        "H0_mean_lifetime_diff": {
          "observed": 0.0006824410878695231,
          "null_mean": 0.00614473731860668,
          "null_std": 0.004806725247816653,
          "null_95th": 0.015978353976406,
          "null_99th": 0.019991223277854304,
          "p_value": 0.938,
          "significant_95": false,
          "significant_99": false,
          "effect_size_z": -1.1363861983204224
        },
        "H0_max_lifetime_diff": {
          "observed": 0.04049420356750488,
          "null_mean": 0.05303721785545349,
          "null_std": 0.038488655719036355,
          "null_95th": 0.12531409561634058,
          "null_99th": 0.14045546650886534,
          "p_value": 0.562,
          "significant_95": false,
          "significant_99": false,
          "effect_size_z": -0.3258886041516092
        },
        "H0_feature_count_diff": {
          "observed": 0.0,
          "null_mean": 0.0,
          "null_std": 0.0,
          "null_95th": 0.0,
          "null_99th": 0.0,
          "p_value": 1.0,
          "significant_95": false,
          "significant_99": false,
          "effect_size_z": 0
        },
        "H0_std_lifetime_diff": {
          "observed": 0.001439935086333194,
          "null_mean": 0.003905726934589602,
          "null_std": 0.002937241166385159,
          "null_95th": 0.00934656330391689,
          "null_99th": 0.011956232134587338,
          "p_value": 0.768,
          "significant_95": false,
          "significant_99": false,
          "effect_size_z": -0.8394924722136589
        },
        "H0_wasserstein": {
          "observed": 2.360004961490631,
          "null_mean": 2.8050807591507807,
          "null_std": 1.1327991870280891,
          "null_95th": 5.202882796525955,
          "null_99th": 6.279507443308828,
          "p_value": 0.572,
          "significant_95": false,
          "significant_99": false,
          "effect_size_z": -0.39289911465050636
        },
        "H0_bottleneck": {
          "observed": 0.04049420356750488,
          "null_mean": 0.06133076429367065,
          "null_std": 0.03127266153993289,
          "null_95th": 0.12531409561634058,
          "null_99th": 0.14045546650886534,
          "p_value": 0.656,
          "significant_95": false,
          "significant_99": false,
          "effect_size_z": -0.6662867725396194
        },
        "H1_mean_lifetime_diff": {
          "observed": 0.0033418934369554426,
          "null_mean": 0.0019438389892298727,
          "null_std": 0.001523907234335302,
          "null_95th": 0.004677353498927936,
          "null_99th": 0.007016403534059378,
          "p_value": 0.162,
          "significant_95": false,
          "significant_99": false,
          "effect_size_z": 0.9174144043849056
        },
        "H1_max_lifetime_diff": {
          "observed": 0.020280063152313232,
          "null_mean": 0.03037618672847748,
          "null_std": 0.02455723130944758,
          "null_95th": 0.08097132444381712,
          "null_99th": 0.09781595110893247,
          "p_value": 0.578,
          "significant_95": false,
          "significant_99": false,
          "effect_size_z": -0.4111262971359519
        },
        "H1_feature_count_diff": {
          "observed": 40.0,
          "null_mean": 19.08,
          "null_std": 14.497227321112131,
          "null_95th": 46.049999999999955,
          "null_99th": 59.049999999999955,
          "p_value": 0.096,
          "significant_95": false,
          "significant_99": false,
          "effect_size_z": 1.443034556651703
        },
        "H1_std_lifetime_diff": {
          "observed": 0.0015199409212204376,
          "null_mean": 0.001986575017045202,
          "null_std": 0.001493567853495736,
          "null_95th": 0.0049898487512139225,
          "null_99th": 0.00627888073497964,
          "p_value": 0.56,
          "significant_95": false,
          "significant_99": false,
          "effect_size_z": -0.3124291238142242
        },
        "H1_wasserstein": {
          "observed": 3.456881586392158,
          "null_mean": 3.4231101403905884,
          "null_std": 0.43012001523708515,
          "null_95th": 4.264558074312067,
          "null_99th": 4.688051496441533,
          "p_value": 0.41,
          "significant_95": false,
          "significant_99": false,
          "effect_size_z": 0.07851633219847864
        },
        "H1_bottleneck": {
          "observed": 0.028870463371276855,
          "null_mean": 0.042320568859577176,
          "null_std": 0.010741057788731785,
          "null_95th": 0.062260901927948,
          "null_99th": 0.07292583942413329,
          "p_value": 0.936,
          "significant_95": false,
          "significant_99": false,
          "effect_size_z": -1.2522142374478742
        }
      },
      "h1_significant": 0,
      "h1_total": 6,
      "conclusion": "No significativo"
    },
    "Commonwealth of Cerulea vs Republic of Aurelia": {
      "metrics": {
        "H0_mean_lifetime_diff": {
          "observed": 0.01877594153617937,
          "null_mean": 0.006364259796397742,
          "null_std": 0.004693898124205021,
          "null_95th": 0.01595701888253454,
          "null_99th": 0.019195163435361845,
          "p_value": 0.014,
          "significant_95": true,
          "significant_99": false,
          "effect_size_z": 2.6442162593555913
        },
        "H0_max_lifetime_diff": {
          "observed": 0.03241962194442749,
          "null_mean": 0.038632513642311093,
          "null_std": 0.031495854116626545,
          "null_95th": 0.10098396241664886,
          "null_99th": 0.1185563313961029,
          "p_value": 0.474,
          "significant_95": false,
          "significant_99": false,
          "effect_size_z": -0.19726061960021082
        },
        "H0_feature_count_diff": {
          "observed": 0.0,
          "null_mean": 0.0,
          "null_std": 0.0,
          "null_95th": 0.0,
          "null_99th": 0.0,
          "p_value": 1.0,
          "significant_95": false,
          "significant_99": false,
          "effect_size_z": 0
        },
        "H0_std_lifetime_diff": {
          "observed": 0.014071069345501827,
          "null_mean": 0.003923700793741632,
          "null_std": 0.003052139267108782,
          "null_95th": 0.009929170755013213,
          "null_99th": 0.012769067223422179,
          "p_value": 0.004,
          "significant_95": true,
          "significant_99": true,
          "effect_size_z": 3.3246741592406277
        },
        "H0_wasserstein": {
          "observed": 5.5976317249368055,
          "null_mean": 2.83194175622951,
          "null_std": 1.0617949399566076,
          "null_95th": 5.040729540103162,
          "null_99th": 5.813955040660994,
          "p_value": 0.018,
          "significant_95": true,
          "significant_99": false,
          "effect_size_z": 2.6047307861726305
        },
        "H0_bottleneck": {
          "observed": 0.07129043340682983,
          "null_mean": 0.05463736927509308,
          "null_std": 0.021799721831551648,
          "null_95th": 0.10098396241664886,
          "null_99th": 0.1185563313961029,
          "p_value": 0.186,
          "significant_95": false,
          "significant_99": false,
          "effect_size_z": 0.763911771921515
        },
        "H1_mean_lifetime_diff": {
          "observed": 0.0029313427199735287,
          "null_mean": 0.001959418617668959,
          "null_std": 0.0014999557011816816,
          "null_95th": 0.004655010423864108,
          "null_99th": 0.006347015511833757,
          "p_value": 0.234,
          "significant_95": false,