{
  "test": "Permutation Test for Topological Significance",
  "method": {
    "n_permutations": 500,
    "max_points_per_actor": 300,
    "metric_space": "Cosine distance in 768d"
  },
  "actors": [
    "Arab Republic of Egypt",
    "Federal Democratic Republic of Ethiopia",
    "Republic of Sudan"
  ],
  "n_actors": 3,
  "n_pairs": 3,
  "pairs": {
    "Arab Republic of Egypt vs Federal Democratic Republic of Ethiopia": {
      "metrics": {
        "H0_mean_lifetime_diff": {
          "observed": 0.036675709545811674,
          "null_mean": 0.004107673142666003,
          "null_std": 0.0031296733363095396,
          "null_95th": 0.01025259745958257,
          "null_99th": 0.012923028608628312,
          "p_value": 0.0,
          "significant_95": true,
          "significant_99": true,
          "effect_size_z": 10.406209499662792
        },
        "H0_max_lifetime_diff": {
          "observed": 0.07072991132736206,
          "null_mean": 0.02719632613658905,
          "null_std": 0.018705515257969253,
          "null_95th": 0.05925969183444974,
          "null_99th": 0.07870011091232297,
          "p_value": 0.022,
          "significant_95": true,
          "significant_99": false,
          "effect_size_z": 2.3273128053623684
        },
        "H0_feature_count_diff": {
          "observed": 0.0,
          "null_mean": 0.0,
          "null_std": 0.0,
          "null_95th": 0.0,
          "null_99th": 0.0,
          "p_value": 1.0,
          "significant_95": false,
          "significant_99": false,
          "effect_size_z": 0
        },
        "H0_std_lifetime_diff": {
          "observed": 0.01097326323979863,
          "null_mean": 0.0029761695091045774,
          "null_std": 0.0022483806140671633,
          "null_95th": 0.007267976490931026,
          "null_99th": 0.009976358741417769,
          "p_value": 0.004,
          "significant_95": true,
          "significant_99": true,
          "effect_size_z": 3.556823822736965
        },
        "H0_wasserstein": {
          "observed": 10.966037154197693,
          "null_mean": 1.87605699634552,
          "null_std": 0.7305153563325125,
          "null_95th": 3.26710206568241,
          "null_99th": 4.220938037633895,
          "p_value": 0.0,
          "significant_95": true,
          "significant_99": true,
          "effect_size_z": 12.44324308730156
        },
        "H0_bottleneck": {
          "observed": 0.0886608362197876,
          "null_mean": 0.03869376277923584,
          "null_std": 0.015914684803766864,
          "null_95th": 0.07025199532508845,
          "null_99th": 0.08394822418689726,
          "p_value": 0.004,
          "significant_95": true,
          "significant_99": true,
          "effect_size_z": 3.1396835097057654
        },
        "H1_mean_lifetime_diff": {
          "observed": 0.0007260906702257278,
          "null_mean": 0.0018136885074707463,
          "null_std": 0.0013534060903056143,
          "null_95th": 0.004339324264173533,
          "null_99th": 0.006057304191547115,
          "p_value": 0.756,
          "significant_95": false,
          "significant_99": false,
          "effect_size_z": -0.803600519485934
        },
        "H1_max_lifetime_diff": {
          "observed": 0.01832669973373413,
          "null_mean": 0.02117495846748352,
          "null_std": 0.01807278240411008,
          "null_95th": 0.05757027566432951,
          "null_99th": 0.08681845545768736,
          "p_value": 0.47,
          "significant_95": false,
          "significant_99": false,
          "effect_size_z": -0.1575993485707903
        },
        "H1_feature_count_diff": {
          "observed": 32.0,
          "null_mean": 18.014,
          "null_std": 12.741970177331291,
          "null_95th": 43.0,
          "null_99th": 52.00999999999999,
          "p_value": 0.142,
          "significant_95": false,
          "significant_99": false,
          "effect_size_z": 1.0976324544285867
        },
        "H1_std_lifetime_diff": {
          "observed": 0.002750896817042492,
          "null_mean": 0.001646764067138117,
          "null_std": 0.0012541361228843439,
          "null_95th": 0.004103596161526887,
          "null_99th": 0.005352251642126975,
          "p_value": 0.178,
          "significant_95": false,
          "significant_99": false,
          "effect_size_z": 0.8803930687882737
        },
        "H1_wasserstein": {
          "observed": 4.357562919896794,
          "null_mean": 2.374252306319824,
          "null_std": 0.28052131654737217,
          "null_95th": 2.873463446933224,
          "null_99th": 3.1716861052909935,
          "p_value": 0.0,
          "significant_95": true,
          "significant_99": true,
          "effect_size_z": 7.0700887832245884
        },
        "H1_bottleneck": {
          "observed": 0.04770016670227051,
          "null_mean": 0.03573675519227982,
          "null_std": 0.009000861147584133,
          "null_95th": 0.0550560653209686,
          "null_99th": 0.06174122810363768,
          "p_value": 0.112,
          "significant_95": false,
          "significant_99": false,
          "effect_size_z": 1.3291407692920267
        }
      },
      "h1_significant": 1,
      "h1_total": 6,
      "conclusion": "Parcial (1/6)"
    },
    "Arab Republic of Egypt vs Republic of Sudan": {
      "metrics": {
        "H0_mean_lifetime_diff": {
          "observed": 0.002069292259854194,
          "null_mean": 0.004532773442890333,
          "null_std": 0.0035038210105397117,
          "null_95th": 0.01141203520290032,
          "null_99th": 0.014074668224439972,
          "p_value": 0.704,
          "significant_95": false,
          "significant_99": false,
          "effect_size_z": -0.7030841974021602
        },
        "H0_max_lifetime_diff": {
          "observed": 0.03337520360946655,
          "null_mean": 0.023317596912384032,
          "null_std": 0.018759299200826217,
          "null_95th": 0.06156836748123168,
          "null_99th": 0.08037526667118065,
          "p_value": 0.234,
          "significant_95": false,
          "significant_99": false,
          "effect_size_z": 0.5361397880278786
        },
        "H0_feature_count_diff": {
          "observed": 0.0,
          "null_mean": 0.0,
          "null_std": 0.0,
          "null_95th": 0.0,
          "null_99th": 0.0,
          "p_value": 1.0,
          "significant_95": false,
          "significant_99": false,
          "effect_size_z": 0
        },
        "H0_std_lifetime_diff": {
          "observed": 1.8715440451219645e-05,
          "null_mean": 0.0030644060693496727,
          "null_std": 0.002233003729927393,
          "null_95th": 0.007179715406802504,
          "null_99th": 0.009566351996663818,
          "p_value": 1.0,
          "significant_95": false,
          "significant_99": false,
          "effect_size_z": -1.363943368333507
        },
        "H0_wasserstein": {
          "observed": 1.3870927095413208,
          "null_mean": 2.0287593173980714,
          "null_std": 0.815934615818084,
          "null_95th": 3.7171887844800935,
          "null_99th": 4.434189998507499,
          "p_value": 0.772,
          "significant_95": false,
          "significant_99": false,
          "effect_size_z": -0.7864191510166456
        },
        "H0_bottleneck": {
          "observed": 0.03561556339263916,
          "null_mean": 0.03234585726261139,
          "null_std": 0.014866775362372034,
          "null_95th": 0.061776179075241085,
          "null_99th": 0.08037526667118065,
          "p_value": 0.304,
          "significant_95": false,
          "significant_99": false,
          "effect_size_z": 0.2199337818948574
        },
        "H1_mean_lifetime_diff": {
          "observed": 0.002151695526281673,
          "null_mean": 0.0018095957461900217,
          "null_std": 0.0012874189923389112,
          "null_95th": 0.004220575342611466,
          "null_99th": 0.006016019318208123,
          "p_value": 0.358,
          "significant_95": false,