i,id,actor,padre,profundidad,texto,es_hoja,peso_arista,peso_acumulado,sim_con_raiz,sim_con_problema
0,Agrarian Federation of Tessara_0_0,Agrarian Federation of Tessara,,0,"Tessara demands that Phase II be suspended until a binding instrument guarantees minimum rain-equivalent moisture passage during dry seasons, with independent monitoring of the cloud corridor. It invokes the customary principle that no state may cause significant harm beyond its borders and the spirit of the Meridian Declaration. It declares that a third failed harvest would be existential and that all options remain open to protect its food supply.",False,,0.0,1.0,0.5705456137657166
1,Agrarian Federation of Tessara_1_6,Agrarian Federation of Tessara,Agrarian Federation of Tessara_0_0,1,Agrarian Federation of Tessara frames a third failed harvest as crossing an existential threshold requiring immediate action.,False,1.0462117791175842,1.0462117791175842,0.579466700553894,0.37432152032852173
2,Agrarian Federation of Tessara_2_26,Agrarian Federation of Tessara,Agrarian Federation of Tessara_1_6,2,Agrarian Federation of Tessara treats Phase II activation as an imminent trigger event requiring pre-emptive response.,False,0.9246576428413391,1.9708694219589233,0.5794166922569275,0.4959256649017334
3,Agrarian Federation of Tessara_3_62,Agrarian Federation of Tessara,Agrarian Federation of Tessara_2_26,3,Agrarian Federation of Tessara accelerates domestic food rationing contingency planning.,False,1.1062795519828796,3.077148973941803,0.4245975613594055,0.46912288665771484
4,Agrarian Federation of Tessara_4_334,Agrarian Federation of Tessara,Agrarian Federation of Tessara_3_62,4,Agrarian Federation of Tessara activates inter-ministerial food security coordination bodies.,True,1.1594794690608978,4.236628443002701,0.3727177381515503,0.4678027927875519
5,Agrarian Federation of Tessara_4_333,Agrarian Federation of Tessara,Agrarian Federation of Tessara_3_62,4,Agrarian Federation of Tessara prioritizes internal grain supply over export commitments.,True,1.279000848531723,4.356149822473526,0.34946689009666443,0.37153226137161255
6,Agrarian Federation of Tessara_4_332,Agrarian Federation of Tessara,Agrarian Federation of Tessara_3_62,4,Agrarian Federation of Tessara signals food insecurity risk to its domestic population.,True,1.1345463395118713,4.211695313453674,0.4295794367790222,0.43587422370910645
7,Agrarian Federation of Tessara_4_331,Agrarian Federation of Tessara,Agrarian Federation of Tessara_3_62,4,Agrarian Federation of Tessara assesses current national grain inventory levels formally.,True,1.1365093290805817,4.213658303022385,0.456918329000473,0.4065723419189453
8,Agrarian Federation of Tessara_4_330,Agrarian Federation of Tessara,Agrarian Federation of Tessara_3_62,4,Agrarian Federation of Tessara identifies strategic grain reserve stockpile targets.,True,1.1264269351959229,4.203575909137726,0.4537147283554077,0.41985833644866943
9,Agrarian Federation of Tessara_3_61,Agrarian Federation of Tessara,Agrarian Federation of Tessara_2_26,3,Agrarian Federation of Tessara assesses military and economic leverage options against Vireya.,False,1.123589187860489,3.0944586098194122,0.376762717962265,0.4996480941772461
10,Agrarian Federation of Tessara_4_356,Agrarian Federation of Tessara,Agrarian Federation of Tessara_3_61,4,Agrarian Federation of Tessara assesses whether Ondrel's economic interests align with its own pressure campaign.,True,1.1289921998977661,4.223450809717178,0.34220677614212036,0.5288010239601135
11,Agrarian Federation of Tessara_4_355,Agrarian Federation of Tessara,Agrarian Federation of Tessara_3_61,4,Agrarian Federation of Tessara considers withholding Meridian Declaration cooperation as a signal.,True,1.0366284549236298,4.131087064743042,0.5219768285751343,0.44139471650123596
12,Agrarian Federation of Tessara_4_354,Agrarian Federation of Tessara,Agrarian Federation of Tessara_3_61,4,Agrarian Federation of Tessara recognizes its leverage options as insufficient for unilateral coercion.,True,1.1908501982688904,4.285308808088303,0.43024665117263794,0.3789031505584717
13,Agrarian Federation of Tessara_4_353,Agrarian Federation of Tessara,Agrarian Federation of Tessara_3_61,4,Agrarian Federation of Tessara evaluates potential grain export restrictions as economic pressure.,True,1.0494674444198608,4.143926054239273,0.4977279305458069,0.4528046250343323
14,Agrarian Federation of Tessara_4_352,Agrarian Federation of Tessara,Agrarian Federation of Tessara_3_61,4,Agrarian Federation of Tessara identifies its limited military capacity relative to Vireya.,True,1.1261925101280212,4.2206511199474335,0.4097568392753601,0.46405065059661865
15,Agrarian Federation of Tessara_3_60,Agrarian Federation of Tessara,Agrarian Federation of Tessara_2_26,3,Agrarian Federation of Tessara issues formal legal notice invoking the no-harm customary principle.,False,1.1007390916347504,3.0716085135936737,0.49705997109413147,0.40220093727111816
16,Agrarian Federation of Tessara_4_329,Agrarian Federation of Tessara,Agrarian Federation of Tessara_3_60,4,Agrarian Federation of Tessara anticipates that Vireya will contest the customary law attribution evidence.,True,1.173376888036728,4.244985401630402,0.3831174969673157,0.4435056149959564
17,Agrarian Federation of Tessara_4_328,Agrarian Federation of Tessara,Agrarian Federation of Tessara_3_60,4,Agrarian Federation of Tessara signals to Ondrel that multilateral legal pressure on Vireya is imminent.,True,0.9996435642242432,4.071252077817917,0.45907771587371826,0.5412787199020386
18,Agrarian Federation of Tessara_4_327,Agrarian Federation of Tessara,Agrarian Federation of Tessara_3_60,4,Agrarian Federation of Tessara assesses that Vireya must now respond to a legal instrument.,True,1.004936844110489,4.076545357704163,0.4496418535709381,0.545421302318573
19,Agrarian Federation of Tessara_4_326,Agrarian Federation of Tessara,Agrarian Federation of Tessara_3_60,4,Agrarian Federation of Tessara perceives its dispute with Vireya as now entering a justiciable phase.,True,1.0487922430038452,4.120400756597519,0.44370853900909424,0.5074992179870605
20,Agrarian Federation of Tessara_4_325,Agrarian Federation of Tessara,Agrarian Federation of Tessara_3_60,4,Agrarian Federation of Tessara formally establishes a legal record of its no-harm claim.,True,1.2687798738479614,4.340388387441635,0.4005167782306671,0.33070334792137146
21,Agrarian Federation of Tessara_3_59,Agrarian Federation of Tessara,Agrarian Federation of Tessara_2_26,3,Agrarian Federation of Tessara begins stockpiling grain reserves against anticipated harvest failure.,False,1.2361176908016205,3.206987112760544,0.4124559760093689,0.3514263331890106
22,Agrarian Federation of Tessara_4_482,Agrarian Federation of Tessara,Agrarian Federation of Tessara_3_59,4,Agrarian Federation of Tessara perceives its own stockpiling as confirming the existential threat narrative.,True,1.2711275219917297,4.478114634752274,0.36392509937286377,0.3649473786354065
23,Agrarian Federation of Tessara_4_481,Agrarian Federation of Tessara,Agrarian Federation of Tessara_3_59,4,Agrarian Federation of Tessara increases fiscal pressure on its national treasury through reserve-building costs.,True,1.4082702696323395,4.615257382392883,0.2297622561454773,0.3619674742221832
24,Agrarian Federation of Tessara_4_480,Agrarian Federation of Tessara,Agrarian Federation of Tessara_3_59,4,Agrarian Federation of Tessara signals to regional markets that a supply shortfall is anticipated.,True,0.9877753555774689,4.194762468338013,0.538320779800415,0.4739038646221161
25,Agrarian Federation of Tessara_4_479,Agrarian Federation of Tessara,Agrarian Federation of Tessara_3_59,4,Agrarian Federation of Tessara reduces grain available for its normal export commitments.,True,1.10637566447258,4.313362777233124,0.5076574087142944,0.3859669268131256
26,Agrarian Federation of Tessara_4_478,Agrarian Federation of Tessara,Agrarian Federation of Tessara_3_59,4,Agrarian Federation of Tessara diverts domestic budget toward emergency grain procurement.,True,1.3365372717380524,4.543524384498596,0.3510933220386505,0.3123694062232971
27,Agrarian Federation of Tessara_3_58,Agrarian Federation of Tessara,Agrarian Federation of Tessara_2_26,3,Agrarian Federation of Tessara seeks emergency international arbitration before Phase II energization.,False,1.1128292381763458,3.083698660135269,0.5113509893417358,0.37581977248191833
28,Agrarian Federation of Tessara_4_346,Agrarian Federation of Tessara,Agrarian Federation of Tessara_3_58,4,Agrarian Federation of Tessara anticipates Vireya contesting the tribunal's jurisdiction over atmospheric resources.,True,0.9797809720039368,4.063479632139206,0.4740842580795288,0.5461347699165344
29,Agrarian Federation of Tessara_4_345,Agrarian Federation of Tessara,Agrarian Federation of Tessara_3_58,4,Agrarian Federation of Tessara requests interim measures to halt Phase II energization pending ruling.,True,0.9184679388999939,4.002166599035263,0.6473597288131714,0.4341723322868347
30,Agrarian Federation of Tessara_4_343,Agrarian Federation of Tessara,Agrarian Federation of Tessara_3_58,4,Agrarian Federation of Tessara faces the procedural challenge of proving imminent irreparable harm.,True,1.13226318359375,4.215961843729019,0.4576236605644226,0.4101131558418274
31,Agrarian Federation of Tessara_4_342,Agrarian Federation of Tessara,Agrarian Federation of Tessara_3_58,4,Agrarian Federation of Tessara must demonstrate standing under customary international law.,True,1.1419102251529694,4.2256088852882385,0.4182640612125397,0.43982571363449097
32,Agrarian Federation of Tessara_4_341,Agrarian Federation of Tessara,Agrarian Federation of Tessara_3_58,4,Agrarian Federation of Tessara requires a recognized international tribunal to accept jurisdiction.,True,1.172454297542572,4.256152957677841,0.4092680811882019,0.4182776212692261
33,Agrarian Federation of Tessara_4_340,Agrarian Federation of Tessara,Agrarian Federation of Tessara_3_58,4,Agrarian Federation of Tessara formally files an emergency arbitration petition.,True,1.3855927288532257,4.469291388988495,0.35798346996307373,0.25642380118370056
34,Agrarian Federation of Tessara_3_57,Agrarian Federation of Tessara,Agrarian Federation of Tessara_2_26,3,Agrarian Federation of Tessara mobilizes pre-emptive diplomatic pressure on Vireya immediately.,True,1.3473832607269287,3.318252682685852,0.2566644847393036,0.3959522545337677
35,Agrarian Federation of Tessara_2_25,Agrarian Federation of Tessara,Agrarian Federation of Tessara_1_6,2,Agrarian Federation of Tessara assesses that the 'all options remain open' declaration requires concrete contingency planning.,False,1.0282806754112244,2.0744924545288086,0.560407280921936,0.4113120436668396
36,Agrarian Federation of Tessara_3_90,Agrarian Federation of Tessara,Agrarian Federation of Tessara_2_25,3,Agrarian Federation of Tessara determines that contingency planning requires dedicated inter-ministerial coordination.,True,1.1922754347324371,3.2667678892612457,0.3649080991744995,0.44281646609306335
37,Agrarian Federation of Tessara_3_89,Agrarian Federation of Tessara,Agrarian Federation of Tessara_2_25,3,Agrarian Federation of Tessara evaluates economic sanctions against Vireya as a contingency option.,False,0.9684348702430725,3.042927324771881,0.5146775245666504,0.5168876051902771
38,Agrarian Federation of Tessara_4_313,Agrarian Federation of Tessara,Agrarian Federation of Tessara_3_89,4,Agrarian Federation of Tessara determines that sanctions credibility requires coalition support from Ondrel.,True,1.1560599505901337,4.198987275362015,0.3535875678062439,0.49035248160362244
39,Agrarian Federation of Tessara_4_312,Agrarian Federation of Tessara,Agrarian Federation of Tessara_3_89,4,Agrarian Federation of Tessara estimates domestic economic costs of imposing sanctions on Vireya.,True,1.1982886493206024,4.2412159740924835,0.33578383922576904,0.46592751145362854
40,Agrarian Federation of Tessara_4_311,Agrarian Federation of Tessara,Agrarian Federation of Tessara_3_89,4,Agrarian Federation of Tessara assesses whether existing bilateral trade agreements permit unilateral sanctions.,True,1.093110740184784,4.136038064956665,0.4752379059791565,0.43165135383605957
41,Agrarian Federation of Tessara_4_310,Agrarian Federation of Tessara,Agrarian Federation of Tessara_3_89,4,Agrarian Federation of Tessara identifies Vireya's trade dependencies as potential leverage points.,True,1.0587013959884644,4.1016287207603455,0.3766559362411499,0.5646426677703857
42,Agrarian Federation of Tessara_3_88,Agrarian Federation of Tessara,Agrarian Federation of Tessara_2_25,3,Agrarian Federation of Tessara initiates classified scenario planning for harvest failure response.,False,1.0216015577316284,3.096094012260437,0.5641152858734131,0.4142831563949585
43,Agrarian Federation of Tessara_4_362,Agrarian Federation of Tessara,Agrarian Federation of Tessara_3_88,4,Agrarian Federation of Tessara determines that classified planning requires restricting information from Vireya and Ondrel.,True,0.9746986925601959,4.070792704820633,0.46493586897850037,0.5603654384613037
44,Agrarian Federation of Tessara_4_361,Agrarian Federation of Tessara,Agrarian Federation of Tessara_3_88,4,Agrarian Federation of Tessara evaluates emergency food import sourcing options and their feasibility.,True,1.1490595042705536,4.245153516530991,0.442482054233551,0.4084584414958954
45,Agrarian Federation of Tessara_4_360,Agrarian Federation of Tessara,Agrarian Federation of Tessara_3_88,4,Agrarian Federation of Tessara identifies population centers most vulnerable to food supply disruption.,True,1.1445315182209015,4.2406255304813385,0.4208866357803345,0.43458184599876404
46,Agrarian Federation of Tessara_4_359,Agrarian Federation of Tessara,Agrarian Federation of Tessara_3_88,4,Agrarian Federation of Tessara assesses its grain reserve levels as insufficient for a third consecutive failure.,True,1.1269833743572235,4.2230773866176605,0.5567864179611206,0.3162302076816559
47,Agrarian Federation of Tessara_4_358,Agrarian Federation of Tessara,Agrarian Federation of Tessara_3_88,4,"Agrarian Federation of Tessara requires interagency coordination across agriculture, defense, and finance ministries.",True,1.1928384900093079,4.288932502269745,0.3352547287940979,0.47190678119659424
48,Agrarian Federation of Tessara_4_357,Agrarian Federation of Tessara,Agrarian Federation of Tessara_3_88,4,Agrarian Federation of Tessara identifies specific internal resource stockpiling thresholds for activation.,True,0.9461705088615417,4.042264521121979,0.5414716601371765,0.5123578310012817
49,Agrarian Federation of Tessara_3_87,Agrarian Federation of Tessara,Agrarian Federation of Tessara_2_25,3,Agrarian Federation of Tessara assesses whether military or paramilitary options fall within its contingency scope.,False,1.0991089642047882,3.173601418733597,0.4805935025215149,0.4202975332736969
50,Agrarian Federation of Tessara_4_441,Agrarian Federation of Tessara,Agrarian Federation of Tessara_3_87,4,Agrarian Federation of Tessara determines whether its armed forces can operate at highland altitudes.,True,1.255883276462555,4.429484695196152,0.3555276393890381,0.388589084148407
51,Agrarian Federation of Tessara_4_440,Agrarian Federation of Tessara,Agrarian Federation of Tessara_3_87,4,Agrarian Federation of Tessara identifies the Serrat Plateau towers as potential physical pressure points.,True,1.0963062942028046,4.269907712936401,0.43823114037513733,0.4654625654220581
52,Agrarian Federation of Tessara_4_439,Agrarian Federation of Tessara,Agrarian Federation of Tessara_3_87,4,Agrarian Federation of Tessara weighs paramilitary options against diplomatic credibility costs.,True,1.2686644792556763,4.442265897989273,0.3486645817756653,0.38267093896865845
53,Agrarian Federation of Tessara_4_438,Agrarian Federation of Tessara,Agrarian Federation of Tessara_3_87,4,Agrarian Federation of Tessara assesses legal exposure under international law for coercive action.,True,1.1003555357456207,4.2739569544792175,0.4361468255519867,0.4634976387023926
54,Agrarian Federation of Tessara_4_437,Agrarian Federation of Tessara,Agrarian Federation of Tessara_3_87,4,Agrarian Federation of Tessara evaluates its military capacity against Vireya's highland infrastructure.,True,1.1594789624214172,4.333080381155014,0.3456840217113495,0.4948370158672333
55,Agrarian Federation of Tessara_3_86,Agrarian Federation of Tessara,Agrarian Federation of Tessara_2_25,3,Agrarian Federation of Tessara identifies mobilization of seasonal labor flows as a potential leverage mechanism.,False,1.1249008774757385,3.199393332004547,0.4083417057991028,0.4667574167251587
56,Agrarian Federation of Tessara_4_468,Agrarian Federation of Tessara,Agrarian Federation of Tessara_3_86,4,Agrarian Federation of Tessara evaluates whether labor flow control is legally permissible under existing bilateral arrangements.,True,1.0182539224624634,4.2176472544670105,0.49706339836120605,0.48468267917633057
57,Agrarian Federation of Tessara_4_467,Agrarian Federation of Tessara,Agrarian Federation of Tessara_3_86,4,Agrarian Federation of Tessara recognizes that labor leverage creates potential diplomatic friction with Ondrel.,True,1.1926442384719849,4.392037570476532,0.320363849401474,0.48699191212654114
58,Agrarian Federation of Tessara_4_466,Agrarian Federation of Tessara,Agrarian Federation of Tessara_3_86,4,Agrarian Federation of Tessara assesses that labor flow restriction would pressure Ondrel's harvest-season port economy.,True,0.9785046875476837,4.177898019552231,0.45663729310035706,0.5648580193519592
59,Agrarian Federation of Tessara_4_465,Agrarian Federation of Tessara,Agrarian Federation of Tessara_3_86,4,Agrarian Federation of Tessara considers restricting seasonal labor migration to Ondrel's port districts.,True,1.0184504687786102,4.217843800783157,0.4639388620853424,0.5176106691360474
60,Agrarian Federation of Tessara_3_85,Agrarian Federation of Tessara,Agrarian Federation of Tessara_2_25,3,Agrarian Federation of Tessara begins internal review of available coercive policy instruments.,False,1.078609436750412,3.1531018912792206,0.45270711183547974,0.4686834514141083
61,Agrarian Federation of Tessara_4_409,Agrarian Federation of Tessara,Agrarian Federation of Tessara_3_85,4,Agrarian Federation of Tessara evaluates its capacity to withhold agricultural exports to Vireya.,True,0.9383078813552856,4.091409772634506,0.5330476760864258,0.5286444425582886
62,Agrarian Federation of Tessara_4_408,Agrarian Federation of Tessara,Agrarian Federation of Tessara_3_85,4,Agrarian Federation of Tessara assesses whether water-related harm justifies invoking countermeasures under customary international law.,True,0.9646577835083008,4.117759674787521,0.5103229284286499,0.5250192880630493
63,Agrarian Federation of Tessara_4_407,Agrarian Federation of Tessara,Agrarian Federation of Tessara_3_85,4,Agrarian Federation of Tessara catalogues border and transit restrictions available under domestic law.,True,0.9830397963523865,4.136141687631607,0.5047795176506042,0.5121806859970093
64,Agrarian Federation of Tessara_4_406,Agrarian Federation of Tessara,Agrarian Federation of Tessara_3_85,4,Agrarian Federation of Tessara identifies trade leverage as a potential coercive instrument.,True,1.2125185430049896,4.36562043428421,0.3310401141643524,0.45644134283065796
65,Agrarian Federation of Tessara_2_24,Agrarian Federation of Tessara,Agrarian Federation of Tessara_1_6,2,Agrarian Federation of Tessara begins internal authorization of emergency food-security measures.,False,1.1786338090896606,2.224845588207245,0.42888668179512024,0.3924795091152191
66,Agrarian Federation of Tessara_3_148,Agrarian Federation of Tessara,Agrarian Federation of Tessara_2_24,3,Agrarian Federation of Tessara's legislature receives formal notification of the food-security emergency authorization.,True,1.1430542469024658,3.3678998351097107,0.45851051807403564,0.39843523502349854
67,Agrarian Federation of Tessara_3_147,Agrarian Federation of Tessara,Agrarian Federation of Tessara_2_24,3,Agrarian Federation of Tessara begins assessing available emergency food import financing capacity.,True,1.186688482761383,3.411534070968628,0.4128071069717407,0.4005044102668762
68,Agrarian Federation of Tessara_3_146,Agrarian Federation of Tessara,Agrarian Federation of Tessara_2_24,3,Agrarian Federation of Tessara formally classifies the Phase II threat as a national security matter.,True,1.1141734719276428,3.3390190601348877,0.4669620990753174,0.4188644289970398
69,Agrarian Federation of Tessara_3_145,Agrarian Federation of Tessara,Agrarian Federation of Tessara_2_24,3,Agrarian Federation of Tessara mobilizes its agricultural ministry for crisis-level coordination.,True,1.2335621118545532,3.458407700061798,0.3703792095184326,0.39605867862701416
70,Agrarian Federation of Tessara_3_144,Agrarian Federation of Tessara,Agrarian Federation of Tessara_2_24,3,Agrarian Federation of Tessara activates emergency grain reserve drawdown protocols.,True,1.059116542339325,3.28396213054657,0.5379336476325989,0.40294981002807617
71,Agrarian Federation of Tessara_2_23,Agrarian Federation of Tessara,Agrarian Federation of Tessara_1_6,2,Agrarian Federation of Tessara perceives diplomatic negotiation timelines as incompatible with its survival window.,False,1.1434775590896606,2.189689338207245,0.4842362403869629,0.37228620052337646
72,Agrarian Federation of Tessara_3_126,Agrarian Federation of Tessara,Agrarian Federation of Tessara_2_23,3,Agrarian Federation of Tessara perceives inaction as functionally equivalent to accepting existential harm.,True,1.2685357332229614,3.4582250714302063,0.42905640602111816,0.3024078607559204
73,Agrarian Federation of Tessara_3_125,Agrarian Federation of Tessara,Agrarian Federation of Tessara_2_23,3,Agrarian Federation of Tessara elevates the dispute to an emergency security matter internally.,True,1.2952348589897156,3.4849241971969604,0.3566870391368866,0.3480781018733978
74,Agrarian Federation of Tessara_3_124,Agrarian Federation of Tessara,Agrarian Federation of Tessara_2_23,3,Agrarian Federation of Tessara assesses that Phase II activation cannot be permitted to proceed unchallenged.,False,0.852844774723053,3.042534112930298,0.6411539912223816,0.5060012340545654
75,Agrarian Federation of Tessara_4_309,Agrarian Federation of Tessara,Agrarian Federation of Tessara_3_124,4,Agrarian Federation of Tessara prioritizes blocking Phase II over preserving bilateral relations with Vireya.,True,0.9180437326431274,3.9605778455734253,0.5109031200408936,0.571053147315979
76,Agrarian Federation of Tessara_4_308,Agrarian Federation of Tessara,Agrarian Federation of Tessara_3_124,4,Agrarian Federation of Tessara determines unilateral action options must be actively prepared.,True,1.1828879117965698,4.225422024726868,0.42288345098495483,0.39422863721847534
77,Agrarian Federation of Tessara_4_307,Agrarian Federation of Tessara,Agrarian Federation of Tessara_3_124,4,Agrarian Federation of Tessara evaluates available legal instruments to formally contest Phase II.,True,0.9924916923046112,4.035025805234909,0.5315075516700745,0.47600075602531433
78,Agrarian Federation of Tessara_4_306,Agrarian Federation of Tessara,Agrarian Federation of Tessara_3_124,4,Agrarian Federation of Tessara moves to identify concrete challenge mechanisms against Phase II.,True,0.9377372860908508,3.9802713990211487,0.5535709261894226,0.5086917877197266
79,Agrarian Federation of Tessara_3_123,Agrarian Federation of Tessara,Agrarian Federation of Tessara_2_23,3,Agrarian Federation of Tessara deprioritizes multilateral negotiation frameworks as insufficiently urgent.,True,1.218427687883377,3.408117026090622,0.4397798776626587,0.34179243445396423
80,Agrarian Federation of Tessara_3_122,Agrarian Federation of Tessara,Agrarian Federation of Tessara_2_23,3,Agrarian Federation of Tessara considers unilateral protective measures beyond diplomatic channels.,True,1.20099475979805,3.390684098005295,0.442867249250412,0.3561379909515381
81,Agrarian Federation of Tessara_2_22,Agrarian Federation of Tessara,Agrarian Federation of Tessara_1_6,2,Agrarian Federation of Tessara elevates the dispute to a national security matter.,False,1.2469431161880493,2.2931548953056335,0.33055388927459717,0.4225029945373535
82,Agrarian Federation of Tessara_3_164,Agrarian Federation of Tessara,Agrarian Federation of Tessara_2_22,3,Agrarian Federation of Tessara expects its legislature to demand emergency executive powers.,True,1.3978607058525085,3.691015601158142,0.35151922702789307,0.2506200671195984
83,Agrarian Federation of Tessara_3_163,Agrarian Federation of Tessara,Agrarian Federation of Tessara_2_22,3,Agrarian Federation of Tessara anticipates domestic pressure to mobilize emergency food reserves.,True,1.293399602174759,3.5865544974803925,0.3653528094291687,0.3412475883960724
84,Agrarian Federation of Tessara_3_162,Agrarian Federation of Tessara,Agrarian Federation of Tessara_2_22,3,Agrarian Federation of Tessara frames Vireya's water capture as a hostile act.,True,1.20976123213768,3.5029161274433136,0.3276481032371521,0.46259066462516785
85,Agrarian Federation of Tessara_3_161,Agrarian Federation of Tessara,Agrarian Federation of Tessara_2_22,3,Agrarian Federation of Tessara subjects Phase II to security-threat assessment protocols.,False,0.8964344263076782,3.1895893216133118,0.5799678564071655,0.5235977172851562
86,Agrarian Federation of Tessara_4_459,Agrarian Federation of Tessara,Agrarian Federation of Tessara_3_161,4,Agrarian Federation of Tessara perceives diplomatic negotiation as insufficient under security protocols.,True,1.2863561809062958,4.4759455025196075,0.40102913975715637,0.31261467933654785
87,Agrarian Federation of Tessara_4_458,Agrarian Federation of Tessara,Agrarian Federation of Tessara_3_161,4,Agrarian Federation of Tessara restricts civilian framing of the dispute within official communications.,True,1.1920004487037659,4.381589770317078,0.4125155806541443,0.39548397064208984
88,Agrarian Federation of Tessara_4_457,Agrarian Federation of Tessara,Agrarian Federation of Tessara_3_161,4,Agrarian Federation of Tessara authorizes intelligence gathering on Vireya's Phase II infrastructure.,True,0.8932470679283142,4.082836389541626,0.48442965745925903,0.6223232746124268
89,Agrarian Federation of Tessara_4_456,Agrarian Federation of Tessara,Agrarian Federation of Tessara_3_161,4,Agrarian Federation of Tessara activates inter-ministerial security coordination bodies regarding Phase II.,True,1.0509310364723206,4.240520358085632,0.4540228843688965,0.49504607915878296
90,Agrarian Federation of Tessara_4_455,Agrarian Federation of Tessara,Agrarian Federation of Tessara_3_161,4,Agrarian Federation of Tessara formally classifies Phase II as a hostile external threat.,True,1.1655738055706024,4.355163127183914,0.474568635225296,0.35985755920410156
91,Agrarian Federation of Tessara_3_160,Agrarian Federation of Tessara,Agrarian Federation of Tessara_2_22,3,Agrarian Federation of Tessara perceives military and civil defense options as legitimately on the table.,True,1.2358055710792542,3.5289604663848877,0.3751804530620575,0.38901397585868835
92,Agrarian Federation of Tessara_3_159,Agrarian Federation of Tessara,Agrarian Federation of Tessara_2_22,3,Agrarian Federation of Tessara activates its national security decision-making apparatus.,True,1.144295185804367,3.4374500811100006,0.38589996099472046,0.4698048532009125
93,Agrarian Federation of Tessara_1_5,Agrarian Federation of Tessara,Agrarian Federation of Tessara_0_0,1,Agrarian Federation of Tessara treats independent atmospheric monitoring as a non-negotiable precondition for any agreement.,False,1.0094306468963623,1.0094306468963623,0.5501697659492493,0.4403995871543884
94,Agrarian Federation of Tessara_2_16,Agrarian Federation of Tessara,Agrarian Federation of Tessara_1_5,2,Agrarian Federation of Tessara conditions any dry-season quota discussion on prior monitoring data availability.,False,0.7049302458763123,1.7143608927726746,0.7116869688034058,0.583382785320282
95,Agrarian Federation of Tessara_3_42,Agrarian Federation of Tessara,Agrarian Federation of Tessara_2_16,3,Agrarian Federation of Tessara assesses that dry-season quota talks are effectively blocked until data exists.,False,0.9056044816970825,2.619965374469757,0.6156553626060486,0.4787401556968689
96,Agrarian Federation of Tessara_4_196,Agrarian Federation of Tessara,Agrarian Federation of Tessara_3_42,4,Agrarian Federation of Tessara concludes that diplomatic channels alone cannot prevent imminent harm.,True,1.171343982219696,3.791309356689453,0.45509421825408936,0.3735617995262146
97,Agrarian Federation of Tessara_4_195,Agrarian Federation of Tessara,Agrarian Federation of Tessara_3_42,4,Agrarian Federation of Tessara assesses that Vireya faces no binding constraint on Phase II activation.,True,0.9980545043945312,3.6180198788642883,0.5463491678237915,0.45559632778167725
98,Agrarian Federation of Tessara_4_194,Agrarian Federation of Tessara,Agrarian Federation of Tessara_3_42,4,Agrarian Federation of Tessara views the negotiation timeline as incompatible with Phase II's announced energization date.,True,1.0268054008483887,3.6467707753181458,0.5639123916625977,0.40928220748901367
99,Agrarian Federation of Tessara_4_193,Agrarian Federation of Tessara,Agrarian Federation of Tessara_3_42,4,Agrarian Federation of Tessara perceives its food security as unprotected during the coming dry season.,True,1.0863523483276367,3.706317722797394,0.5433551073074341,0.3702925443649292
100,Agrarian Federation of Tessara_4_192,Agrarian Federation of Tessara,Agrarian Federation of Tessara_3_42,4,Agrarian Federation of Tessara treats Phase II activation as proceeding without agreed safeguards.,True,1.0026206076145172,3.6225859820842743,0.5760242938995361,0.42135509848594666
101,Agrarian Federation of Tessara_3_41,Agrarian Federation of Tessara,Agrarian Federation of Tessara_2_16,3,Agrarian Federation of Tessara's negotiating position becomes contingent on a verifiable technical prerequisite.,False,1.0495208203792572,2.7638817131519318,0.44483253359794617,0.5056466460227966
102,Agrarian Federation of Tessara_4_211,Agrarian Federation of Tessara,Agrarian Federation of Tessara_3_41,4,Agrarian Federation of Tessara risks being characterized by other parties as obstructing negotiations.,True,1.1500939726829529,3.9139756858348846,0.4281715750694275,0.42173445224761963
103,Agrarian Federation of Tessara_4_210,Agrarian Federation of Tessara,Agrarian Federation of Tessara_3_41,4,Agrarian Federation of Tessara perceives Vireya's dry-season deadline as incompatible with its precondition.,True,0.9258090257644653,3.689690738916397,0.6030923128128052,0.4710986614227295
104,Agrarian Federation of Tessara_4_209,Agrarian Federation of Tessara,Agrarian Federation of Tessara_3_41,4,Agrarian Federation of Tessara's flexibility on timing concessions is effectively frozen pending data.,True,0.9261458516120911,3.690027564764023,0.6152092814445496,0.4586448669433594
105,Agrarian Federation of Tessara_3_40,Agrarian Federation of Tessara,Agrarian Federation of Tessara_2_16,3,Agrarian Federation of Tessara perceives Phase II activation before monitoring deployment as bad faith.,False,0.9154791235923767,2.6298400163650513,0.5879664421081543,0.496554434299469
106,Agrarian Federation of Tessara_4_201,Agrarian Federation of Tessara,Agrarian Federation of Tessara_3_40,4,Agrarian Federation of Tessara publicly characterizes Vireya as an untrustworthy negotiating partner.,True,1.3747082650661469,4.004548281431198,0.3086841106414795,0.31660762429237366
107,Agrarian Federation of Tessara_4_200,Agrarian Federation of Tessara,Agrarian Federation of Tessara_3_40,4,Agrarian Federation of Tessara seeks third-party arbitration or international adjudication of the dispute.,True,1.227945864200592,3.8577858805656433,0.423173189163208,0.34888094663619995
108,Agrarian Federation of Tessara_4_199,Agrarian Federation of Tessara,Agrarian Federation of Tessara_3_40,4,Agrarian Federation of Tessara escalates its position to a demand for immediate Phase II halt.,True,1.0133786797523499,3.643218696117401,0.5599059462547302,0.4267153739929199
109,Agrarian Federation of Tessara_4_197,Agrarian Federation of Tessara,Agrarian Federation of Tessara_3_40,4,Agrarian Federation of Tessara withdraws from ongoing quota negotiations with Vireya.,True,1.11357182264328,3.7434118390083313,0.47740352153778076,0.4090246558189392
110,Agrarian Federation of Tessara_3_39,Agrarian Federation of Tessara,Agrarian Federation of Tessara_2_16,3,Agrarian Federation of Tessara treats any quota proposal made without prior data as procedurally invalid.,False,1.1798015534877777,2.8941624462604523,0.4852259159088135,0.3349725306034088
111,Agrarian Federation of Tessara_4_240,Agrarian Federation of Tessara,Agrarian Federation of Tessara_3_39,4,Agrarian Federation of Tessara treats the negotiation process itself as currently illegitimate.,True,1.3909097760915756,4.285072222352028,0.35973966121673584,0.24935056269168854
112,Agrarian Federation of Tessara_4_239,Agrarian Federation of Tessara,Agrarian Federation of Tessara_3_39,4,Agrarian Federation of Tessara withholds its own technical delegations from quota working groups.,True,1.444808840751648,4.3389712870121,0.3186246454715729,0.23656651377677917
113,Agrarian Federation of Tessara_4_238,Agrarian Federation of Tessara,Agrarian Federation of Tessara_3_39,4,Agrarian Federation of Tessara perceives Vireya's quota proposals as bad-faith procedural violations.,True,1.1713054478168488,4.065467894077301,0.40215563774108887,0.4265389144420624
114,Agrarian Federation of Tessara_4_237,Agrarian Federation of Tessara,Agrarian Federation of Tessara_3_39,4,Agrarian Federation of Tessara refuses to engage substantively with any quota negotiation session.,True,1.4343783557415009,4.328540802001953,0.3517671823501587,0.21385446190834045
115,Agrarian Federation of Tessara_3_38,Agrarian Federation of Tessara,Agrarian Federation of Tessara_2_16,3,Agrarian Federation of Tessara cannot enter quota negotiations before monitoring infrastructure exists.,False,1.0196097493171692,2.7339706420898438,0.5201771259307861,0.4602131247520447
116,Agrarian Federation of Tessara_4_206,Agrarian Federation of Tessara,Agrarian Federation of Tessara_3_38,4,Agrarian Federation of Tessara perceives any quota proposal made now as premature and illegitimate.,True,1.188556730747223,3.9225273728370667,0.4666610360145569,0.3447822332382202
117,Agrarian Federation of Tessara_4_205,Agrarian Federation of Tessara,Agrarian Federation of Tessara_3_38,4,Agrarian Federation of Tessara identifies monitoring infrastructure deployment as the critical path item.,True,1.000700205564499,3.7346708476543427,0.4634522497653961,0.535847544670105
118,Agrarian Federation of Tessara_4_204,Agrarian Federation of Tessara,Agrarian Federation of Tessara_3_38,4,Agrarian Federation of Tessara withholds diplomatic engagement on quota terms indefinitely.,True,1.289058893918991,4.023029536008835,0.43918296694755554,0.27175813913345337
119,Agrarian Federation of Tessara_4_203,Agrarian Federation of Tessara,Agrarian Federation of Tessara_3_38,4,Agrarian Federation of Tessara treats Phase II activation before monitoring deployment as a procedural violation.,True,0.8919908404350281,3.625961482524872,0.6051014065742493,0.5029077529907227
120,Agrarian Federation of Tessara_4_202,Agrarian Federation of Tessara,Agrarian Federation of Tessara_3_38,4,Agrarian Federation of Tessara blocks any quota negotiation session convened without monitoring data.,True,1.1333598792552948,3.8673305213451385,0.4823842942714691,0.3842558264732361
121,Agrarian Federation of Tessara_2_15,Agrarian Federation of Tessara,Agrarian Federation of Tessara_1_5,2,Agrarian Federation of Tessara treats Vireya's refusal to accept monitoring as evidence of bad faith.,False,1.288001388311386,2.2974320352077484,0.371233195066452,0.34076541662216187
122,Agrarian Federation of Tessara_3_169,Agrarian Federation of Tessara,Agrarian Federation of Tessara_2_15,3,Agrarian Federation of Tessara treats Phase II activation as a hostile unilateral act.,True,1.205974817276001,3.5034068524837494,0.44631636142730713,0.3477088212966919
123,Agrarian Federation of Tessara_3_168,Agrarian Federation of Tessara,Agrarian Federation of Tessara_2_15,3,Agrarian Federation of Tessara publicly invokes the customary no-harm principle against Vireya.,True,1.170504480600357,3.4679365158081055,0.40518319606781006,0.4243123233318329
124,Agrarian Federation of Tessara_3_167,Agrarian Federation of Tessara,Agrarian Federation of Tessara_2_15,3,Agrarian Federation of Tessara seeks third-party arbitration or adjudication against Vireya.,True,1.1789428889751434,3.476374924182892,0.41002312302589417,0.4110339879989624
125,Agrarian Federation of Tessara_3_166,Agrarian Federation of Tessara,Agrarian Federation of Tessara_2_15,3,Agrarian Federation of Tessara withdraws from preliminary negotiation sessions with Vireya.,True,1.1779217422008514,3.4753537774086,0.4539945423603058,0.3680837154388428
126,Agrarian Federation of Tessara_3_165,Agrarian Federation of Tessara,Agrarian Federation of Tessara_2_15,3,Agrarian Federation of Tessara escalates its suspension demand to a formal diplomatic protest.,True,1.2634815573692322,3.5609135925769806,0.401444673538208,0.3350737690925598
127,Agrarian Federation of Tessara_2_14,Agrarian Federation of Tessara,Agrarian Federation of Tessara_1_5,2,Agrarian Federation of Tessara cannot verify whether Phase II causes measurable moisture reduction downwind.,False,0.8924481272697449,1.9018787741661072,0.6554465293884277,0.4521053433418274
128,Agrarian Federation of Tessara_3_51,Agrarian Federation of Tessara,Agrarian Federation of Tessara_2_14,3,Agrarian Federation of Tessara cannot distinguish natural drought from Array-induced moisture loss.,False,1.105016827583313,3.00689560174942,0.5296762585639954,0.36530691385269165
129,Agrarian Federation of Tessara_4_279,Agrarian Federation of Tessara,Agrarian Federation of Tessara_3_51,4,Agrarian Federation of Tessara cannot set a defensible moisture-passage threshold in negotiations.,True,0.9938750863075256,4.000770688056946,0.5831623673439026,0.4229625463485718
130,Agrarian Federation of Tessara_4_278,Agrarian Federation of Tessara,Agrarian Federation of Tessara_3_51,4,Agrarian Federation of Tessara's invocation of the no-harm principle lacks evidentiary support.,True,1.2789731919765472,4.285868793725967,0.4296218752861023,0.29140493273735046
131,Agrarian Federation of Tessara_4_277,Agrarian Federation of Tessara,Agrarian Federation of Tessara_3_51,4,Agrarian Federation of Tessara cannot quantify compensable damages from Phase II operation.,True,1.1591745018959045,4.166070103645325,0.5109429359436035,0.32988256216049194
132,Agrarian Federation of Tessara_3_50,Agrarian Federation of Tessara,Agrarian Federation of Tessara_2_14,3,Agrarian Federation of Tessara treats any harvest failure as attributable to Phase II.,False,0.9120420813560486,2.8139208555221558,0.6378008127212524,0.450157105922699
133,Agrarian Federation of Tessara_4_226,Agrarian Federation of Tessara,Agrarian Federation of Tessara_3_50,4,Agrarian Federation of Tessara perceives continued Phase II operation as an ongoing hostile act.,True,1.2636749744415283,4.077595829963684,0.38671618700027466,0.349608838558197
134,Agrarian Federation of Tessara_4_225,Agrarian Federation of Tessara,Agrarian Federation of Tessara_3_50,4,Agrarian Federation of Tessara invokes the Meridian Declaration as evidence of Vireya's legal obligation after each failure.,True,1.0122833847999573,3.826204240322113,0.4748626947402954,0.5128539204597473
135,Agrarian Federation of Tessara_4_224,Agrarian Federation of Tessara,Agrarian Federation of Tessara_3_50,4,Agrarian Federation of Tessara's negotiating position hardens regardless of actual meteorological cause.,True,1.139780342578888,3.9537011981010437,0.4267386198043823,0.43348103761672974
136,Agrarian Federation of Tessara_4_223,Agrarian Federation of Tessara,Agrarian Federation of Tessara_3_50,4,Agrarian Federation of Tessara frames every crop shortfall as a justiciable transboundary harm.,True,1.1247060298919678,3.9386268854141235,0.47504401206970215,0.4002499580383301
137,Agrarian Federation of Tessara_4_222,Agrarian Federation of Tessara,Agrarian Federation of Tessara_3_50,4,Agrarian Federation of Tessara escalates diplomatic pressure on Vireya after each harvest failure.,True,1.09730064868927,3.911221504211426,0.40957486629486084,0.49312448501586914
138,Agrarian Federation of Tessara_3_49,Agrarian Federation of Tessara,Agrarian Federation of Tessara_2_14,3,Agrarian Federation of Tessara cannot quantify compensable harm for any future claim.,False,1.3217439353466034,3.2236227095127106,0.4138452410697937,0.2644108235836029
139,Agrarian Federation of Tessara_4_511,Agrarian Federation of Tessara,Agrarian Federation of Tessara_3_49,4,Agrarian Federation of Tessara cannot distinguish Phase II harm from natural drought variability.,True,1.0024830400943756,4.226105749607086,0.597915530204773,0.39960142970085144
140,Agrarian Federation of Tessara_4_510,Agrarian Federation of Tessara,Agrarian Federation of Tessara_3_49,4,Agrarian Federation of Tessara loses negotiating leverage in any damage-based settlement talks.,True,1.2745244204998016,4.498147130012512,0.41948139667510986,0.3059941828250885
141,Agrarian Federation of Tessara_4_509,Agrarian Federation of Tessara,Agrarian Federation of Tessara_3_49,4,Agrarian Federation of Tessara's harm claims remain legally unenforceable against Vireya.,True,1.2731405794620514,4.496763288974762,0.3961782157421112,0.3306812047958374
142,Agrarian Federation of Tessara_4_508,Agrarian Federation of Tessara,Agrarian Federation of Tessara_3_49,4,Agrarian Federation of Tessara cannot establish legal standing in any international compensation proceeding.,True,1.409913808107376,4.633536517620087,0.3606642186641693,0.2294219732284546
143,Agrarian Federation of Tessara_3_48,Agrarian Federation of Tessara,Agrarian Federation of Tessara_2_14,3,Agrarian Federation of Tessara cannot establish legal causation against Vireya.,False,1.2693920731544495,3.1712708473205566,0.3848153054714203,0.34579262137413025
144,Agrarian Federation of Tessara_4_436,Agrarian Federation of Tessara,Agrarian Federation of Tessara_3_48,4,Agrarian Federation of Tessara cannot claim binding reparations for harvest losses from Vireya.,True,1.2423228323459625,4.413593679666519,0.42177650332450867,0.3359006643295288
145,Agrarian Federation of Tessara_4_435,Agrarian Federation of Tessara,Agrarian Federation of Tessara_3_48,4,Agrarian Federation of Tessara perceives its leverage in formal dispute forums as severely weakened.,True,1.3516634106636047,4.522934257984161,0.364692747592926,0.28364384174346924
146,Agrarian Federation of Tessara_4_434,Agrarian Federation of Tessara,Agrarian Federation of Tessara_3_48,4,Agrarian Federation of Tessara must rely on political pressure rather than legal remedies.,True,1.3603063523769379,4.5315771996974945,0.2981678247451782,0.3415258228778839
147,Agrarian Federation of Tessara_4_433,Agrarian Federation of Tessara,Agrarian Federation of Tessara_3_48,4,Agrarian Federation of Tessara cannot compel Vireya to halt Phase II legally.,True,0.97637939453125,4.147650241851807,0.5572795867919922,0.4663410186767578
148,Agrarian Federation of Tessara_2_13,Agrarian Federation of Tessara,Agrarian Federation of Tessara_1_5,2,Agrarian Federation of Tessara perceives any agreement lacking monitoring provisions as legally void.,False,1.0919710099697113,2.1014016568660736,0.5480120182037354,0.36001697182655334
149,Agrarian Federation of Tessara_3_107,Agrarian Federation of Tessara,Agrarian Federation of Tessara_2_13,3,Agrarian Federation of Tessara views diplomatic concessions made under such an agreement as revocable.,False,1.1072717607021332,3.208673417568207,0.473162978887558,0.41956526041030884
150,Agrarian Federation of Tessara_4_498,Agrarian Federation of Tessara,Agrarian Federation of Tessara_3_107,4,Agrarian Federation of Tessara perceives itself as unconstrained by earlier negotiating positions.,True,1.4185893833637238,4.6272628009319305,0.33421725034713745,0.2471933662891388
151,Agrarian Federation of Tessara_4_497,Agrarian Federation of Tessara,Agrarian Federation of Tessara_3_107,4,Agrarian Federation of Tessara assesses its own prior concessions as legally non-operative.,True,1.1799772083759308,4.388650625944138,0.5107073187828064,0.3093154728412628
152,Agrarian Federation of Tessara_4_496,Agrarian Federation of Tessara,Agrarian Federation of Tessara_3_107,4,Agrarian Federation of Tessara signals that its commitments carry no binding force without monitoring.,True,1.0849603414535522,4.293633759021759,0.5395345687866211,0.37550508975982666
153,Agrarian Federation of Tessara_4_495,Agrarian Federation of Tessara,Agrarian Federation of Tessara_3_107,4,Agrarian Federation of Tessara treats any negotiated flexibility as conditionally provisional.,True,1.037896752357483,4.24657016992569,0.5582239627838135,0.4038792848587036
154,Agrarian Federation of Tessara_4_494,Agrarian Federation of Tessara,Agrarian Federation of Tessara_3_107,4,Agrarian Federation of Tessara retains the right to withdraw prior concessions unilaterally.,True,1.3368063271045685,4.545479744672775,0.3923441171646118,0.2708495557308197
155,Agrarian Federation of Tessara_3_106,Agrarian Federation of Tessara,Agrarian Federation of Tessara_2_13,3,Agrarian Federation of Tessara assesses its legal grievance as unresolved regardless of signed text.,True,1.3805101215839386,3.481911778450012,0.37336957454681396,0.24612030386924744
156,Agrarian Federation of Tessara_3_105,Agrarian Federation of Tessara,Agrarian Federation of Tessara_2_13,3,Agrarian Federation of Tessara considers itself unbound by obligations in any monitoring-free instrument.,True,1.3892742693424225,3.490675926208496,0.37485259771347046,0.23587313294410706
157,Agrarian Federation of Tessara_3_104,Agrarian Federation of Tessara,Agrarian Federation of Tessara_2_13,3,Agrarian Federation of Tessara treats Phase II activation under such an agreement as an unlawful act.,False,1.044708251953125,3.1461099088191986,0.5210437774658203,0.4342479705810547
158,Agrarian Federation of Tessara_4_401,Agrarian Federation of Tessara,Agrarian Federation of Tessara_3_104,4,Agrarian Federation of Tessara views its 'all options open' declaration as formally triggered.,True,1.2023454308509827,4.348455339670181,0.48615169525146484,0.3115028738975525
159,Agrarian Federation of Tessara_4_400,Agrarian Federation of Tessara,Agrarian Federation of Tessara_3_104,4,Agrarian Federation of Tessara assesses retaliatory or countermeasure options as legitimately available.,True,1.0153695940971375,4.161479502916336,0.5288825035095215,0.45574790239334106
160,Agrarian Federation of Tessara_4_399,Agrarian Federation of Tessara,Agrarian Federation of Tessara_3_104,4,Agrarian Federation of Tessara frames Phase II activation as a justiciable international wrong.,True,0.965289294719696,4.111399203538895,0.5372462272644043,0.49746447801589966
161,Agrarian Federation of Tessara_4_398,Agrarian Federation of Tessara,Agrarian Federation of Tessara_3_104,4,Agrarian Federation of Tessara considers itself legally entitled to seek remedies.,True,1.0724177062511444,4.218527615070343,0.4777314066886902,0.4498508870601654
162,Agrarian Federation of Tessara_3_103,Agrarian Federation of Tessara,Agrarian Federation of Tessara_2_13,3,Agrarian Federation of Tessara withholds formal ratification of any monitoring-free accord.,True,1.2294212579727173,3.330822914838791,0.46194756031036377,0.30863118171691895
163,Agrarian Federation of Tessara_2_12,Agrarian Federation of Tessara,Agrarian Federation of Tessara_1_5,2,Agrarian Federation of Tessara withholds negotiating consent until monitoring infrastructure is formally established.,False,1.043574184179306,2.0530048310756683,0.5299975872039795,0.4264282286167145
164,Agrarian Federation of Tessara_3_84,Agrarian Federation of Tessara,Agrarian Federation of Tessara_2_12,3,Agrarian Federation of Tessara risks being characterized by Vireya as an obstructionist party.,False,1.159712702035904,3.2127175331115723,0.39723360538482666,0.4430536925792694
165,Agrarian Federation of Tessara_4_507,Agrarian Federation of Tessara,Agrarian Federation of Tessara_3_84,4,Agrarian Federation of Tessara fears regional sympathy shifting toward Vireya's development narrative.,True,1.1508187055587769,4.363536238670349,0.3880707621574402,0.46111053228378296
166,Agrarian Federation of Tessara_4_506,Agrarian Federation of Tessara,Agrarian Federation of Tessara_3_84,4,Agrarian Federation of Tessara assesses its leverage in any future binding negotiation as weakened.,True,1.089741587638855,4.302459120750427,0.47599583864212036,0.43426257371902466
167,Agrarian Federation of Tessara_4_505,Agrarian Federation of Tessara,Agrarian Federation of Tessara_3_84,4,Agrarian Federation of Tessara anticipates Vireya proceeding with Phase II energization without Tessara's consent.,True,0.831965446472168,4.04468297958374,0.6127587556838989,0.5552757978439331
168,Agrarian Federation of Tessara_3_83,Agrarian Federation of Tessara,Agrarian Federation of Tessara_2_12,3,Agrarian Federation of Tessara assesses its leverage as contingent on sustaining the consent-withholding position.,False,1.0619093775749207,3.114914208650589,0.46010515093803406,0.4779854714870453
169,Agrarian Federation of Tessara_4_374,Agrarian Federation of Tessara,Agrarian Federation of Tessara_3_83,4,Agrarian Federation of Tessara assesses that time pressure from Phase II activation deadline erodes its withholding leverage.,True,0.8888561725616455,4.0037703812122345,0.6060436964035034,0.5051001310348511
170,Agrarian Federation of Tessara_4_373,Agrarian Federation of Tessara,Agrarian Federation of Tessara_3_83,4,Agrarian Federation of Tessara treats domestic harvest conditions as directly affecting its capacity to hold the position.,True,1.2078447341918945,4.3227589428424835,0.37023961544036865,0.4219156503677368
171,Agrarian Federation of Tessara_4_372,Agrarian Federation of Tessara,Agrarian Federation of Tessara_3_83,4,Agrarian Federation of Tessara perceives premature engagement as undermining its leverage.,True,1.159148782491684,4.274062991142273,0.43319034576416016,0.4076608717441559
172,Agrarian Federation of Tessara_4_371,Agrarian Federation of Tessara,Agrarian Federation of Tessara_3_83,4,Agrarian Federation of Tessara calculates that any partial concession risks collapsing its negotiating posture.,True,1.1379792094230652,4.252893418073654,0.48031890392303467,0.38170188665390015
173,Agrarian Federation of Tessara_4_370,Agrarian Federation of Tessara,Agrarian Federation of Tessara_3_83,4,Agrarian Federation of Tessara monitors internal political cohesion to sustain the withholding position.,True,1.1875837445259094,4.302497953176498,0.3777569830417633,0.43465927243232727
174,Agrarian Federation of Tessara_3_82,Agrarian Federation of Tessara,Agrarian Federation of Tessara_2_12,3,Agrarian Federation of Tessara's precondition creates a procedural deadlock with no agreed negotiating forum.,False,1.1551496982574463,3.2081545293331146,0.4770084321498871,0.3678418695926666
175,Agrarian Federation of Tessara_4_493,Agrarian Federation of Tessara,Agrarian Federation of Tessara_3_82,4,Agrarian Federation of Tessara faces domestic pressure to escalate beyond diplomatic channels.,True,1.2602832615375519,4.4684377908706665,0.34053558111190796,0.39918115735054016
176,Agrarian Federation of Tessara_4_492,Agrarian Federation of Tessara,Agrarian Federation of Tessara_3_82,4,Agrarian Federation of Tessara views the Meridian Declaration as its only remaining invocable instrument.,True,1.1261550784111023,4.334309607744217,0.48674237728118896,0.38710254430770874
177,Agrarian Federation of Tessara_4_491,Agrarian Federation of Tessara,Agrarian Federation of Tessara_3_82,4,Agrarian Federation of Tessara assesses its existential harvest warning as formally unacknowledged.,True,1.191938877105713,4.4000934064388275,0.5094698071479797,0.2985913157463074
178,Agrarian Federation of Tessara_4_490,Agrarian Federation of Tessara,Agrarian Federation of Tessara_3_82,4,Agrarian Federation of Tessara loses leverage as dry season start date approaches.,True,0.9812479615211487,4.189402490854263,0.5814007520675659,0.4373512864112854
179,Agrarian Federation of Tessara_4_489,Agrarian Federation of Tessara,Agrarian Federation of Tessara_3_82,4,Agrarian Federation of Tessara perceives Phase II activation as proceeding without constraint.,True,0.9952915608882904,4.203446090221405,0.5451638698577881,0.4595445692539215
180,Agrarian Federation of Tessara_3_81,Agrarian Federation of Tessara,Agrarian Federation of Tessara_2_12,3,Agrarian Federation of Tessara perceives Phase II activation timeline as proceeding unchecked during the impasse.,False,0.9013644456863403,2.9543692767620087,0.6198828220367432,0.4787527322769165
181,Agrarian Federation of Tessara_4_259,Agrarian Federation of Tessara,Agrarian Federation of Tessara_3_81,4,Agrarian Federation of Tessara frames the impasse as an existential emergency domestically.,True,1.2486144006252289,4.2029836773872375,0.4335058927536011,0.31787970662117004
182,Agrarian Federation of Tessara_4_258,Agrarian Federation of Tessara,Agrarian Federation of Tessara_3_81,4,Agrarian Federation of Tessara considers unilateral measures to signal resolve.,True,1.0701292753219604,4.024498552083969,0.5215414762496948,0.4083292484283447
183,Agrarian Federation of Tessara_4_257,Agrarian Federation of Tessara,Agrarian Federation of Tessara_3_81,4,Agrarian Federation of Tessara perceives Vireya as acting in bad faith during talks.,True,1.3416231870651245,4.295992463827133,0.3110271692276001,0.3473496437072754
184,Agrarian Federation of Tessara_4_256,Agrarian Federation of Tessara,Agrarian Federation of Tessara_3_81,4,Agrarian Federation of Tessara assesses its negotiating leverage as rapidly diminishing.,True,1.2575211822986603,4.211890459060669,0.40660783648490906,0.33587098121643066
185,Agrarian Federation of Tessara_4_255,Agrarian Federation of Tessara,Agrarian Federation of Tessara_3_81,4,Agrarian Federation of Tessara escalates its suspension demand to an ultimatum.,True,1.1822395622730255,4.136608839035034,0.4495568573474884,0.3682035803794861
186,Agrarian Federation of Tessara_3_80,Agrarian Federation of Tessara,Agrarian Federation of Tessara_2_12,3,Agrarian Federation of Tessara effectively blocks formal trilateral negotiations from commencing.,True,1.3249419927597046,3.377946823835373,0.3807627558708191,0.2942952513694763
187,Agrarian Federation of Tessara_1_4,Agrarian Federation of Tessara,Agrarian Federation of Tessara_0_0,1,Agrarian Federation of Tessara assesses its negotiating leverage as time-constrained by the dry season deadline.,False,0.9006317853927612,0.9006317853927612,0.5865753889083862,0.5127928256988525
188,Agrarian Federation of Tessara_2_11,Agrarian Federation of Tessara,Agrarian Federation of Tessara_1_4,2,Agrarian Federation of Tessara evaluates non-diplomatic pressure options as increasingly necessary.,False,1.0575887262821198,1.958220511674881,0.49439141154289246,0.4480198621749878
189,Agrarian Federation of Tessara_3_56,Agrarian Federation of Tessara,Agrarian Federation of Tessara_2_11,3,Agrarian Federation of Tessara reviews its legal standing to invoke the no-harm principle in international forums.,False,1.0699779093265533,3.0281984210014343,0.507455587387085,0.4225665032863617
190,Agrarian Federation of Tessara_4_300,Agrarian Federation of Tessara,Agrarian Federation of Tessara_3_56,4,Agrarian Federation of Tessara concludes that proving significant transboundary harm requires independent scientific evidence.,True,1.1818377077579498,4.210036128759384,0.44255155324935913,0.37561073899269104
191,Agrarian Federation of Tessara_4_299,Agrarian Federation of Tessara,Agrarian Federation of Tessara_3_56,4,Agrarian Federation of Tessara identifies the Trail Smelter precedent as potentially applicable to its case.,True,1.1726206541061401,4.2008190751075745,0.4495220184326172,0.3778573274612427
192,Agrarian Federation of Tessara_4_298,Agrarian Federation of Tessara,Agrarian Federation of Tessara_3_56,4,Agrarian Federation of Tessara determines no compulsory international jurisdiction exists over Vireya.,True,1.341924786567688,4.370123207569122,0.3481905460357666,0.3098846673965454
193,Agrarian Federation of Tessara_4_297,Agrarian Federation of Tessara,Agrarian Federation of Tessara_3_56,4,Agrarian Federation of Tessara assesses that disputed attribution models undermine its causation argument.,True,1.2679708302021027,4.296169251203537,0.38880655169487,0.34322261810302734
194,Agrarian Federation of Tessara_4_296,Agrarian Federation of Tessara,Agrarian Federation of Tessara_3_56,4,Agrarian Federation of Tessara recognizes the Meridian Declaration's non-binding status limits its legal standing.,True,0.9977116584777832,4.0259100794792175,0.5816906094551086,0.42059773206710815
195,Agrarian Federation of Tessara_4_295,Agrarian Federation of Tessara,Agrarian Federation of Tessara_3_56,4,Agrarian Federation of Tessara identifies weak customary law evidentiary basis for its claim.,True,1.3062918782234192,4.3344902992248535,0.38773399591445923,0.3059741258621216
196,Agrarian Federation of Tessara_3_55,Agrarian Federation of Tessara,Agrarian Federation of Tessara_2_11,3,Agrarian Federation of Tessara evaluates whether trade disruption threats carry credible deterrent weight.,False,1.1133239269256592,3.07154443860054,0.44925379753112793,0.4374222755432129
197,Agrarian Federation of Tessara_4_324,Agrarian Federation of Tessara,Agrarian Federation of Tessara_3_55,4,Agrarian Federation of Tessara weighs whether threatening grain export suspension harms itself equally.,True,1.0408227145671844,4.112367153167725,0.5248674750328064,0.43430981040000916
198,Agrarian Federation of Tessara_4_323,Agrarian Federation of Tessara,Agrarian Federation of Tessara_3_55,4,Agrarian Federation of Tessara recognizes that Vireya's highland economy depends minimally on Tessaran trade.,True,1.1934015452861786,4.264945983886719,0.3633364737033844,0.443261981010437
199,Agrarian Federation of Tessara_4_322,Agrarian Federation of Tessara,Agrarian Federation of Tessara_3_55,4,Agrarian Federation of Tessara calculates that its grain exports give it limited coercive capacity.,True,1.0924400389194489,4.163984477519989,0.4620225131511688,0.4455374479293823
200,Agrarian Federation of Tessara_4_321,Agrarian Federation of Tessara,Agrarian Federation of Tessara_3_55,4,Agrarian Federation of Tessara identifies Ondrel as the more trade-exposed pressure point.,True,1.0781968235969543,4.1497412621974945,0.35997503995895386,0.5618281364440918
201,Agrarian Federation of Tessara_4_320,Agrarian Federation of Tessara,Agrarian Federation of Tessara_3_55,4,Agrarian Federation of Tessara assesses its trade volumes with Vireya as insufficient leverage.,True,1.1342833638191223,4.2058278024196625,0.420707643032074,0.4450089931488037
202,Agrarian Federation of Tessara_3_54,Agrarian Federation of Tessara,Agrarian Federation of Tessara_2_11,3,Agrarian Federation of Tessara considers mobilizing regional diplomatic coalitions to isolate Vireya.,False,1.1802047193050385,3.1384252309799194,0.3738201856613159,0.44597509503364563
203,Agrarian Federation of Tessara_4_397,Agrarian Federation of Tessara,Agrarian Federation of Tessara_3_54,4,Agrarian Federation of Tessara risks being perceived as the regional aggressor rather than the aggrieved party.,True,1.3001453280448914,4.438570559024811,0.3332975208759308,0.36655715107917786
204,Agrarian Federation of Tessara_4_396,Agrarian Federation of Tessara,Agrarian Federation of Tessara_3_54,4,Agrarian Federation of Tessara evaluates Ondrel's alignment as critical to any effective coalition.,True,1.129048764705658,4.267473995685577,0.36164695024490356,0.5093042850494385
205,Agrarian Federation of Tessara_4_395,Agrarian Federation of Tessara,Agrarian Federation of Tessara_3_54,4,Agrarian Federation of Tessara calculates the diplomatic cost of openly confronting Vireya regionally.,True,1.2449252009391785,4.383350431919098,0.28594058752059937,0.46913421154022217
206,Agrarian Federation of Tessara_4_394,Agrarian Federation of Tessara,Agrarian Federation of Tessara_3_54,4,Agrarian Federation of Tessara assesses whether regional bodies provide a viable forum for collective pressure.,True,1.1191341876983643,4.257559418678284,0.4213312268257141,0.45953458547592163
207,Agrarian Federation of Tessara_4_393,Agrarian Federation of Tessara,Agrarian Federation of Tessara_3_54,4,Agrarian Federation of Tessara identifies potential coalition partners among downstream and rain-dependent states.,True,1.089741200208664,4.228166431188583,0.4510251581668854,0.4592336416244507
208,Agrarian Federation of Tessara_3_53,Agrarian Federation of Tessara,Agrarian Federation of Tessara_2_11,3,Agrarian Federation of Tessara assesses feasibility of restricting Vireyan transit access through Tessaran territory.,False,0.8632037043571472,2.821424216032028,0.5460537075996399,0.5907425880432129
209,Agrarian Federation of Tessara_4_231,Agrarian Federation of Tessara,Agrarian Federation of Tessara_3_53,4,Agrarian Federation of Tessara evaluates whether transit restriction constitutes sufficient leverage over Vireya.,True,0.8726742267608643,3.6940984427928925,0.5154668092727661,0.6118589639663696
210,Agrarian Federation of Tessara_4_230,Agrarian Federation of Tessara,Agrarian Federation of Tessara_3_53,4,Agrarian Federation of Tessara anticipates potential retaliatory measures from Vireya if transit is restricted.,True,0.9574174880981445,3.7788417041301727,0.505583643913269,0.5369988679885864
211,Agrarian Federation of Tessara_4_229,Agrarian Federation of Tessara,Agrarian Federation of Tessara_3_53,4,Agrarian Federation of Tessara assesses its legal authority to restrict foreign transit access.,True,1.0350688695907593,3.8564930856227875,0.4872020184993744,0.47772911190986633
212,Agrarian Federation of Tessara_4_228,Agrarian Federation of Tessara,Agrarian Federation of Tessara_3_53,4,Agrarian Federation of Tessara estimates economic costs of closing Vireyan transit corridors.,True,1.1545467972755432,3.9759710133075714,0.36983832716941833,0.47561487555503845
213,Agrarian Federation of Tessara_4_227,Agrarian Federation of Tessara,Agrarian Federation of Tessara_3_53,4,Agrarian Federation of Tessara identifies which transit routes cross its territory.,True,1.0896847248077393,3.9111089408397675,0.4180198907852173,0.49229538440704346
214,Agrarian Federation of Tessara_3_52,Agrarian Federation of Tessara,Agrarian Federation of Tessara_2_11,3,Agrarian Federation of Tessara begins cataloguing available economic leverage instruments against Vireya.,False,1.0661801099777222,3.024400621652603,0.3803960680961609,0.5534238219261169
215,Agrarian Federation of Tessara_4_294,Agrarian Federation of Tessara,Agrarian Federation of Tessara_3_52,4,Agrarian Federation of Tessara recognizes that economic coercion risks retaliatory measures from Vireya.,True,1.1123543083667755,4.136754930019379,0.3883029818534851,0.4993427097797394
216,Agrarian Federation of Tessara_4_293,Agrarian Federation of Tessara,Agrarian Federation of Tessara_3_52,4,Agrarian Federation of Tessara determines that its leverage catalogue is thin relative to Vireya's water advantage.,True,1.0358169078826904,4.060217529535294,0.4257138967514038,0.5384691953659058
217,Agrarian Federation of Tessara_4_292,Agrarian Federation of Tessara,Agrarian Federation of Tessara_3_52,4,Agrarian Federation of Tessara evaluates its capacity to impose tariffs on Vireyan highland goods.,True,1.0411961078643799,4.065596729516983,0.4148155450820923,0.5439883470535278
218,Agrarian Federation of Tessara_4_291,Agrarian Federation of Tessara,Agrarian Federation of Tessara_3_52,4,Agrarian Federation of Tessara assesses whether Vireyan exports transit Tessaran territory or infrastructure.,True,1.0324804782867432,4.056881099939346,0.4052758812904358,0.562243640422821
219,Agrarian Federation of Tessara_4_290,Agrarian Federation of Tessara,Agrarian Federation of Tessara_3_52,4,Agrarian Federation of Tessara identifies existing bilateral trade agreements with Vireya as potential leverage points.,True,1.1242854297161102,4.148686051368713,0.3730842173099518,0.502630352973938
220,Agrarian Federation of Tessara_2_10,Agrarian Federation of Tessara,Agrarian Federation of Tessara_1_4,2,Agrarian Federation of Tessara assesses that failure to act now forfeits its strongest bargaining position.,False,1.1853286921977997,2.085960477590561,0.46378862857818604,0.3508826792240143
221,Agrarian Federation of Tessara_3_94,Agrarian Federation of Tessara,Agrarian Federation of Tessara_2_10,3,Agrarian Federation of Tessara treats the dry season deadline as a hard constraint on its strategy.,False,0.9354655742645264,3.0214260518550873,0.5923938155174255,0.4721406102180481
222,Agrarian Federation of Tessara_4_289,Agrarian Federation of Tessara,Agrarian Federation of Tessara_3_94,4,Agrarian Federation of Tessara perceives any delay in Vireya's response as a strategic loss.,True,1.0621484518051147,4.083574503660202,0.475614070892334,0.46223747730255127
223,Agrarian Federation of Tessara_4_288,Agrarian Federation of Tessara,Agrarian Federation of Tessara_3_94,4,Agrarian Federation of Tessara narrows its acceptable outcomes to binding guarantees before activation.,True,0.8893213272094727,3.91074737906456,0.6186822056770325,0.4919964671134949
224,Agrarian Federation of Tessara_4_287,Agrarian Federation of Tessara,Agrarian Federation of Tessara_3_94,4,Agrarian Federation of Tessara assesses that incremental concessions are no longer strategically viable.,True,1.0934531390666962,4.1148791909217834,0.5132756233215332,0.39327123761177063
225,Agrarian Federation of Tessara_4_286,Agrarian Federation of Tessara,Agrarian Federation of Tessara_3_94,4,Agrarian Federation of Tessara concentrates resources on pre-dry-season pressure campaigns.,True,1.0736785531044006,4.095104604959488,0.4732676148414612,0.4530538320541382
226,Agrarian Federation of Tessara_4_285,Agrarian Federation of Tessara,Agrarian Federation of Tessara_3_94,4,Agrarian Federation of Tessara prioritizes immediate diplomatic action over longer-term negotiation.,True,1.3424715995788574,4.363897651433945,0.29700905084609985,0.3605193495750427
227,Agrarian Federation of Tessara_3_93,Agrarian Federation of Tessara,Agrarian Federation of Tessara_2_10,3,Agrarian Federation of Tessara concludes that pre-activation leverage exceeds post-activation leverage.,True,1.1926052272319794,3.2785657048225403,0.38242343068122864,0.424971342086792
228,Agrarian Federation of Tessara_3_92,Agrarian Federation of Tessara,Agrarian Federation of Tessara_2_10,3,Agrarian Federation of Tessara perceives delay as equivalent to accepting Phase II activation.,False,0.8308669328689575,2.9168274104595184,0.6466773748397827,0.5224556922912598
229,Agrarian Federation of Tessara_4_249,Agrarian Federation of Tessara,Agrarian Federation of Tessara_3_92,4,Agrarian Federation of Tessara perceives its remaining options as requiring unilateral initiative.,True,1.2178984880447388,4.134725898504257,0.4404652416706085,0.3416362702846527
230,Agrarian Federation of Tessara_4_248,Agrarian Federation of Tessara,Agrarian Federation of Tessara_3_92,4,Agrarian Federation of Tessara assesses that negotiated suspension is no longer achievable passively.,True,0.9783626794815063,3.895190089941025,0.5950487852096558,0.4265885353088379
231,Agrarian Federation of Tessara_4_247,Agrarian Federation of Tessara,Agrarian Federation of Tessara_3_92,4,Agrarian Federation of Tessara prioritizes speed of response over diplomatic process.,True,1.2738655805587769,4.190692991018295,0.3166552782058716,0.40947914123535156
232,Agrarian Federation of Tessara_4_246,Agrarian Federation of Tessara,Agrarian Federation of Tessara_3_92,4,Agrarian Federation of Tessara treats inaction as a forfeiture of its sovereign interests.,True,1.2959428131580353,4.212770223617554,0.37216147780418396,0.33189570903778076
233,Agrarian Federation of Tessara_4_245,Agrarian Federation of Tessara,Agrarian Federation of Tessara_3_92,4,Agrarian Federation of Tessara concludes immediate escalatory action is necessary.,True,1.2513322830200195,4.168159693479538,0.36846670508384705,0.3802010118961334
234,Agrarian Federation of Tessara_3_91,Agrarian Federation of Tessara,Agrarian Federation of Tessara_2_10,3,Agrarian Federation of Tessara prioritizes immediate escalatory action over deliberation.,True,1.4239989519119263,3.509959429502487,0.2678256630897522,0.30817538499832153
235,Agrarian Federation of Tessara_2_9,Agrarian Federation of Tessara,Agrarian Federation of Tessara_1_4,2,Agrarian Federation of Tessara considers escalating its demands to compress negotiation timelines.,False,1.1509635746479034,2.0515953600406647,0.4240153729915619,0.42502105236053467
236,Agrarian Federation of Tessara_3_79,Agrarian Federation of Tessara,Agrarian Federation of Tessara_2_9,3,Agrarian Federation of Tessara weighs reputational costs of appearing to abandon diplomatic good faith.,True,1.286018818616867,3.3376141786575317,0.33803579211235046,0.37594538927078247
237,Agrarian Federation of Tessara_3_78,Agrarian Federation of Tessara,Agrarian Federation of Tessara_2_9,3,"Agrarian Federation of Tessara identifies the Meridian Declaration as its primary, if weak, legal instrument for escalation.",False,1.030217468738556,3.0818128287792206,0.49907830357551575,0.47070422768592834
238,Agrarian Federation of Tessara_4_339,Agrarian Federation of Tessara,Agrarian Federation of Tessara_3_78,4,Agrarian Federation of Tessara anticipates Vireya dismissing the Declaration as legally non-operative.,True,1.090609610080719,4.17242243885994,0.5294228792190552,0.37996751070022583
239,Agrarian Federation of Tessara_4_338,Agrarian Federation of Tessara,Agrarian Federation of Tessara_3_78,4,Agrarian Federation of Tessara assesses whether the Declaration's spirit clause constitutes an enforceable obligation.,True,1.0897935926914215,4.171606421470642,0.45813050866127014,0.45207589864730835
240,Agrarian Federation of Tessara_4_337,Agrarian Federation of Tessara,Agrarian Federation of Tessara_3_78,4,Agrarian Federation of Tessara considers invoking customary international law to supplement the Declaration.,True,1.0951716899871826,4.176984518766403,0.4617413878440857,0.4430869221687317
241,Agrarian Federation of Tessara_4_336,Agrarian Federation of Tessara,Agrarian Federation of Tessara_3_78,4,Agrarian Federation of Tessara recognizes its legal position is weakened by the Declaration's non-binding status.,True,1.1956956684589386,4.277508497238159,0.47071167826652527,0.33359265327453613
242,Agrarian Federation of Tessara_4_335,Agrarian Federation of Tessara,Agrarian Federation of Tessara_3_78,4,Agrarian Federation of Tessara seeks legal interpretation of the Meridian Declaration's binding force.,True,1.0881892442703247,4.170002073049545,0.4883885979652405,0.4234221577644348
243,Agrarian Federation of Tessara_3_77,Agrarian Federation of Tessara,Agrarian Federation of Tessara_2_9,3,Agrarian Federation of Tessara assesses whether its domestic political consensus supports escalatory measures.,False,1.1483201086521149,3.1999154686927795,0.42252177000045776,0.42915812134742737
244,Agrarian Federation of Tessara_4_473,Agrarian Federation of Tessara,Agrarian Federation of Tessara_3_77,4,Agrarian Federation of Tessara assesses whether labor migration pressures amplify public support for escalation.,True,1.3355494737625122,4.535464942455292,0.28140801191329956,0.38304251432418823
245,Agrarian Federation of Tessara_4_472,Agrarian Federation of Tessara,Agrarian Federation of Tessara_3_77,4,Agrarian Federation of Tessara determines if harvest failure narratives sufficiently unify domestic political factions.,True,1.2139852046966553,4.413900673389435,0.3997272253036499,0.3862875699996948
246,Agrarian Federation of Tessara_4_471,Agrarian Federation of Tessara,Agrarian Federation of Tessara_3_77,4,Agrarian Federation of Tessara gauges whether opposition parties would exploit escalatory moves politically.,True,1.2963310480117798,4.496246516704559,0.3298584818840027,0.37381047010421753
247,Agrarian Federation of Tessara_4_470,Agrarian Federation of Tessara,Agrarian Federation of Tessara_3_77,4,Agrarian Federation of Tessara detects potential fractures between hardline agricultural blocs and trade-dependent moderates.,True,1.199789583683014,4.3997050523757935,0.42956531047821045,0.37064510583877563
248,Agrarian Federation of Tessara_4_469,Agrarian Federation of Tessara,Agrarian Federation of Tessara_3_77,4,Agrarian Federation of Tessara identifies whether rural farming constituencies uniformly back escalation.,True,1.1716744601726532,4.371589928865433,0.3952840268611908,0.433041512966156
249,Agrarian Federation of Tessara_3_76,Agrarian Federation of Tessara,Agrarian Federation of Tessara_2_9,3,Agrarian Federation of Tessara perceives risk that escalation may harden Vireya's position before binding talks begin.,False,1.0719723105430603,3.123567670583725,0.4478829801082611,0.4801447093486786
250,Agrarian Federation of Tessara_4_383,Agrarian Federation of Tessara,Agrarian Federation of Tessara_3_76,4,Agrarian Federation of Tessara weighs reputational cost of being seen as obstructionist party.,True,1.3341507613658905,4.4577184319496155,0.30351945757865906,0.36232978105545044
251,Agrarian Federation of Tessara_4_382,Agrarian Federation of Tessara,Agrarian Federation of Tessara_3_76,4,Agrarian Federation of Tessara considers signaling willingness to enter talks without preconditions.,True,1.1783752739429474,4.301942944526672,0.4592779576778412,0.3623467683792114
252,Agrarian Federation of Tessara_4_381,Agrarian Federation of Tessara,Agrarian Federation of Tessara_3_76,4,Agrarian Federation of Tessara reassesses whether coercive pressure serves its dry-season deadline.,True,0.9456281661987305,4.0691958367824554,0.5674598217010498,0.4869120121002197
253,Agrarian Federation of Tessara_4_380,Agrarian Federation of Tessara,Agrarian Federation of Tessara_3_76,4,Agrarian Federation of Tessara moderates its escalatory rhetoric to preserve negotiating space.,True,1.1657514572143555,4.2893191277980804,0.41509854793548584,0.4191499948501587
254,Agrarian Federation of Tessara_3_75,Agrarian Federation of Tessara,Agrarian Federation of Tessara_2_9,3,Agrarian Federation of Tessara evaluates which specific escalatory tools carry credible coercive weight.,True,1.1885518729686737,3.2401472330093384,0.36818259954452515,0.44326552748680115
255,Agrarian Federation of Tessara_2_8,Agrarian Federation of Tessara,Agrarian Federation of Tessara_1_4,2,Agrarian Federation of Tessara perceives delay tactics by Vireya as disproportionately costly to itself.,False,1.187724530696869,2.08835631608963,0.36768871545791626,0.44458675384521484
256,Agrarian Federation of Tessara_3_98,Agrarian Federation of Tessara,Agrarian Federation of Tessara_2_8,3,Agrarian Federation of Tessara considers unilateral measures to pressure Vireya before dry season onset.,False,0.8858955502510071,2.974251866340637,0.5947333574295044,0.5193710923194885
257,Agrarian Federation of Tessara_4_265,Agrarian Federation of Tessara,Agrarian Federation of Tessara_3_98,4,Agrarian Federation of Tessara identifies which unilateral measures are executable before dry season onset.,True,0.7519697546958923,3.7262216210365295,0.6935644149780273,0.5544658303260803
258,Agrarian Federation of Tessara_4_264,Agrarian Federation of Tessara,Agrarian Federation of Tessara_3_98,4,Agrarian Federation of Tessara weighs costs of acting without Ondrel's coordination.,True,1.1472976803779602,4.121549546718597,0.37240543961524963,0.48029688000679016
259,Agrarian Federation of Tessara_4_263,Agrarian Federation of Tessara,Agrarian Federation of Tessara_3_98,4,Agrarian Federation of Tessara considers invoking the Meridian Declaration as formal legal pretext.,True,1.128988116979599,4.103239983320236,0.44597870111465454,0.42503318190574646
260,Agrarian Federation of Tessara_4_262,Agrarian Federation of Tessara,Agrarian Federation of Tessara_3_98,4,Agrarian Federation of Tessara evaluates risk of retaliation from Vireya for unilateral action.,True,1.0233533680438995,3.9976052343845367,0.4732157289981842,0.5034309029579163
261,Agrarian Federation of Tessara_4_261,Agrarian Federation of Tessara,Agrarian Federation of Tessara_3_98,4,Agrarian Federation of Tessara assesses whether trade leverage over Vireya exists.,True,0.9918592572212219,3.966111123561859,0.4202786087989807,0.5878621339797974
262,Agrarian Federation of Tessara_4_260,Agrarian Federation of Tessara,Agrarian Federation of Tessara_3_98,4,Agrarian Federation of Tessara inventories available economic and diplomatic pressure instruments.,True,1.0659769773483276,4.040228843688965,0.42896127700805664,0.5050617456436157
263,Agrarian Federation of Tessara_3_96,Agrarian Federation of Tessara,Agrarian Federation of Tessara_2_8,3,Agrarian Federation of Tessara reassesses willingness to accept procedural negotiation frameworks.,False,1.109092652797699,3.197448968887329,0.4698542356491089,0.42105311155319214
264,Agrarian Federation of Tessara_4_464,Agrarian Federation of Tessara,Agrarian Federation of Tessara_3_96,4,Agrarian Federation of Tessara perceives procedural engagement as conceding Phase II activation by default.,True,0.9336917400360107,4.13114070892334,0.5492961406707764,0.5170121192932129
265,Agrarian Federation of Tessara_4_463,Agrarian Federation of Tessara,Agrarian Federation of Tessara_3_96,4,Agrarian Federation of Tessara reassesses whether multilateral mediation serves its time-critical interests.,True,1.0853777825832367,4.282826751470566,0.4427012801170349,0.4719209372997284
266,Agrarian Federation of Tessara_4_462,Agrarian Federation of Tessara,Agrarian Federation of Tessara_3_96,4,Agrarian Federation of Tessara elevates substantive outcome demands above process commitments.,True,1.217525690793991,4.41497465968132,0.37639155983924866,0.40608274936676025
267,Agrarian Federation of Tessara_4_461,Agrarian Federation of Tessara,Agrarian Federation of Tessara_3_96,4,Agrarian Federation of Tessara considers procedural frameworks insufficient to protect harvest timelines.,True,1.075768768787384,4.273217737674713,0.5488063097000122,0.37542492151260376
268,Agrarian Federation of Tessara_4_460,Agrarian Federation of Tessara,Agrarian Federation of Tessara_3_96,4,Agrarian Federation of Tessara shifts preference toward binding ultimatum over open-ended talks.,True,1.2038894593715668,4.401338428258896,0.4474412500858307,0.34866929054260254
269,Agrarian Federation of Tessara_3_95,Agrarian Federation of Tessara,Agrarian Federation of Tessara_2_8,3,Agrarian Federation of Tessara shifts toward demanding immediate binding commitments rather than process.,True,1.3764793872833252,3.4648357033729553,0.32638174295425415,0.29713886976242065
270,Agrarian Federation of Tessara_2_7,Agrarian Federation of Tessara,Agrarian Federation of Tessara_1_4,2,Agrarian Federation of Tessara prioritizes securing concessions before dry season activation.,False,0.8669283390045166,1.7675601243972778,0.5865827798843384,0.546488881111145
271,Agrarian Federation of Tessara_3_47,Agrarian Federation of Tessara,Agrarian Federation of Tessara_2_7,3,Agrarian Federation of Tessara signals willingness to negotiate under time pressure to Vireya.,False,1.0325311124324799,2.8000912368297577,0.4505343735218048,0.5169345140457153
272,Agrarian Federation of Tessara_4_221,Agrarian Federation of Tessara,Agrarian Federation of Tessara_3_47,4,Agrarian Federation of Tessara anticipates Vireya may delay substantive concessions until deadline nears.,True,1.036388099193573,3.8364793360233307,0.5240892171859741,0.4395226836204529
273,Agrarian Federation of Tessara_4_220,Agrarian Federation of Tessara,Agrarian Federation of Tessara_3_47,4,Agrarian Federation of Tessara accepts implicit pressure to soften existential rhetoric.,True,1.2386764883995056,4.038767725229263,0.4152035713195801,0.3461199402809143
274,Agrarian Federation of Tessara_4_219,Agrarian Federation of Tessara,Agrarian Federation of Tessara_3_47,4,Agrarian Federation of Tessara perceives its suspension demand as potentially compromised by negotiation signal.,True,0.9436156153678894,3.743706852197647,0.5777372121810913,0.4786471724510193
275,Agrarian Federation of Tessara_4_218,Agrarian Federation of Tessara,Agrarian Federation of Tessara_3_47,4,Agrarian Federation of Tessara risks Vireya interpreting urgency as reduced resolve.,True,0.943520188331604,3.7436114251613617,0.5304833650588989,0.5259964466094971
276,Agrarian Federation of Tessara_4_217,Agrarian Federation of Tessara,Agrarian Federation of Tessara_3_47,4,Agrarian Federation of Tessara reveals its deadline vulnerability to Vireya.,True,0.9650851488113403,3.765176385641098,0.5373404622077942,0.4975743889808655
277,Agrarian Federation of Tessara_3_46,Agrarian Federation of Tessara,Agrarian Federation of Tessara_2_7,3,Agrarian Federation of Tessara deprioritizes longer-term treaty architecture in favor of immediate guarantees.,False,1.1553314626216888,2.9228915870189667,0.4433634877204895,0.40130504965782166
278,Agrarian Federation of Tessara_4_254,Agrarian Federation of Tessara,Agrarian Federation of Tessara_3_46,4,Agrarian Federation of Tessara perceives bilateral emergency protocols as sufficient substitutes for multilateral frameworks.,True,1.169249713420868,4.092141300439835,0.46527719497680664,0.36547309160232544
279,Agrarian Federation of Tessara_4_253,Agrarian Federation of Tessara,Agrarian Federation of Tessara_3_46,4,Agrarian Federation of Tessara frames its position around seasonal thresholds rather than permanent rights.,True,0.933199018239975,3.8560906052589417,0.5766502618789673,0.49015071988105774
280,Agrarian Federation of Tessara_4_252,Agrarian Federation of Tessara,Agrarian Federation of Tessara_3_46,4,Agrarian Federation of Tessara risks conceding institutional precedents unfavorable to long-term sovereignty claims.,True,1.1445457935333252,4.067437380552292,0.4282320737838745,0.4272221326828003
281,Agrarian Federation of Tessara_4_251,Agrarian Federation of Tessara,Agrarian Federation of Tessara_3_46,4,Agrarian Federation of Tessara accepts weaker enforcement mechanisms in exchange for faster agreement.,True,1.2258208096027374,4.148712396621704,0.4198058247566223,0.35437336564064026
282,Agrarian Federation of Tessara_4_250,Agrarian Federation of Tessara,Agrarian Federation of Tessara_3_46,4,Agrarian Federation of Tessara concentrates diplomatic demands on dry-season capture quotas specifically.,True,1.0234662890434265,3.946357876062393,0.4793945550918579,0.4971391558647156
283,Agrarian Federation of Tessara_3_45,Agrarian Federation of Tessara,Agrarian Federation of Tessara_2_7,3,Agrarian Federation of Tessara perceives its bargaining window as rapidly narrowing.,False,1.2080560326576233,2.975616157054901,0.44266194105148315,0.34928202629089355
284,Agrarian Federation of Tessara_4_270,Agrarian Federation of Tessara,Agrarian Federation of Tessara_3_45,4,Agrarian Federation of Tessara signals willingness to accept partial agreements over none.,True,1.1536634862422943,4.129279643297195,0.46387678384780884,0.38245972990989685
285,Agrarian Federation of Tessara_4_269,Agrarian Federation of Tessara,Agrarian Federation of Tessara_3_45,4,Agrarian Federation of Tessara lowers its threshold for acceptable concession terms.,True,1.087482511997223,4.063098669052124,0.5253968238830566,0.38712066411972046
286,Agrarian Federation of Tessara_4_268,Agrarian Federation of Tessara,Agrarian Federation of Tessara_3_45,4,Agrarian Federation of Tessara accelerates internal preparation of legal harm documentation.,True,1.1781410574913025,4.153757214546204,0.4017777144908905,0.420081228017807
287,Agrarian Federation of Tessara_4_267,Agrarian Federation of Tessara,Agrarian Federation of Tessara_3_45,4,Agrarian Federation of Tessara considers bypassing bilateral talks for multilateral forums.,True,1.235907107591629,4.21152326464653,0.4606887102127075,0.30340418219566345
288,Agrarian Federation of Tessara_3_44,Agrarian Federation of Tessara,Agrarian Federation of Tessara_2_7,3,Agrarian Federation of Tessara accepts asymmetric concessions to meet the deadline.,False,1.1277157366275787,2.8952758610248566,0.4586467444896698,0.41363751888275146
289,Agrarian Federation of Tessara_4_244,Agrarian Federation of Tessara,Agrarian Federation of Tessara_3_44,4,Agrarian Federation of Tessara signals time pressure overrides its suspension demand.,True,0.9636518359184265,3.858927696943283,0.5408036112785339,0.49554455280303955
290,Agrarian Federation of Tessara_4_243,Agrarian Federation of Tessara,Agrarian Federation of Tessara_3_44,4,Agrarian Federation of Tessara risks domestic political backlash over compromised food security terms.,True,1.1470324993133545,4.042308360338211,0.4365682601928711,0.4163992404937744
291,Agrarian Federation of Tessara_4_242,Agrarian Federation of Tessara,Agrarian Federation of Tessara_3_44,4,Agrarian Federation of Tessara perceives its concessions as insufficient to guarantee minimum moisture passage.,True,0.9997968673706055,3.895072728395462,0.5807808637619019,0.4194222688674927
292,Agrarian Federation of Tessara_4_241,Agrarian Federation of Tessara,Agrarian Federation of Tessara_3_44,4,Agrarian Federation of Tessara weakens its stated existential bargaining position.,True,1.2747650742530823,4.170040935277939,0.4201717972755432,0.3050631284713745
293,Agrarian Federation of Tessara_3_43,Agrarian Federation of Tessara,Agrarian Federation of Tessara_2_7,3,Agrarian Federation of Tessara accelerates diplomatic outreach to Vireya before dry season.,False,1.0281339883804321,2.79569411277771,0.4613875150680542,0.5104784965515137
294,Agrarian Federation of Tessara_4_216,Agrarian Federation of Tessara,Agrarian Federation of Tessara_3_43,4,Agrarian Federation of Tessara tests Vireya's responsiveness to bilateral engagement.,True,1.0532714128494263,3.8489655256271362,0.40976232290267944,0.5369662642478943
295,Agrarian Federation of Tessara_4_215,Agrarian Federation of Tessara,Agrarian Federation of Tessara_3_43,4,Agrarian Federation of Tessara creates a documented pre-activation negotiation record.,True,1.1218074560165405,3.9175015687942505,0.40873396396636963,0.46945858001708984
296,Agrarian Federation of Tessara_4_214,Agrarian Federation of Tessara,Agrarian Federation of Tessara_3_43,4,Agrarian Federation of Tessara exposes its existential framing to Vireya's diplomatic assessment.,True,1.1599961817264557,3.9556902945041656,0.3720982074737549,0.46790561079978943
297,Agrarian Federation of Tessara_4_213,Agrarian Federation of Tessara,Agrarian Federation of Tessara_3_43,4,Agrarian Federation of Tessara signals willingness to negotiate terms before activation.,True,1.0679482221603394,3.8636423349380493,0.4649139642715454,0.46713781356811523
298,Agrarian Federation of Tessara_4_212,Agrarian Federation of Tessara,Agrarian Federation of Tessara_3_43,4,Agrarian Federation of Tessara formally presents its suspension demand to Vireya.,True,0.9867538213729858,3.782447934150696,0.5200109481811523,0.4932352304458618
299,Agrarian Federation of Tessara_1_3,Agrarian Federation of Tessara,Agrarian Federation of Tessara_0_0,1,"Agrarian Federation of Tessara perceives the Meridian Declaration as its primary, if weak, legal anchor.",False,1.1227170825004578,1.1227170825004578,0.44780439138412476,0.4294785261154175
300,Agrarian Federation of Tessara_2_31,Agrarian Federation of Tessara,Agrarian Federation of Tessara_1_3,2,Agrarian Federation of Tessara perceives urgent need to supplement the Declaration with additional legal arguments.,False,1.1862769722938538,2.3089940547943115,0.4026041030883789,0.41111892461776733
301,Agrarian Federation of Tessara_3_175,Agrarian Federation of Tessara,Agrarian Federation of Tessara_2_31,3,Agrarian Federation of Tessara perceives its legal case as currently insufficient to compel Vireya alone.,True,1.1244749128818512,3.4334689676761627,0.44811493158340454,0.42741015553474426
302,Agrarian Federation of Tessara_3_174,Agrarian Federation of Tessara,Agrarian Federation of Tessara_2_31,3,Agrarian Federation of Tessara evaluates UN General Assembly resolutions on shared natural resources as argumentation.,True,1.2103079557418823,3.519302010536194,0.39985787868499756,0.3898341655731201
303,Agrarian Federation of Tessara_3_173,Agrarian Federation of Tessara,Agrarian Federation of Tessara_2_31,3,Agrarian Federation of Tessara seeks legal opinions on atmospheric commons doctrine applicability.,True,0.9951651990413666,3.304159253835678,0.533700704574585,0.47113409638404846
304,Agrarian Federation of Tessara_3_172,Agrarian Federation of Tessara,Agrarian Federation of Tessara_2_31,3,Agrarian Federation of Tessara assesses whether shared watercourse conventions apply to atmospheric resources.,False,0.8473238945007324,3.156317949295044,0.5523390769958496,0.600337028503418
305,Agrarian Federation of Tessara_4_415,Agrarian Federation of Tessara,Agrarian Federation of Tessara_3_172,4,Agrarian Federation of Tessara perceives its legal argument as resting on contested analogical reasoning.,True,1.3349085450172424,4.491226494312286,0.3496576249599457,0.3154338300228119
306,Agrarian Federation of Tessara_4_414,Agrarian Federation of Tessara,Agrarian Federation of Tessara_3_172,4,Agrarian Federation of Tessara evaluates the UN Watercourses Convention's definitional scope as potentially inapplicable.,True,1.0238786041736603,4.180196553468704,0.5583395957946777,0.417781800031662
307,Agrarian Federation of Tessara_4_413,Agrarian Federation of Tessara,Agrarian Federation of Tessara_3_172,4,Agrarian Federation of Tessara considers whether cloud corridor moisture qualifies as a shared natural resource.,True,0.9295594692230225,4.085877418518066,0.5453097820281982,0.5251307487487793
308,Agrarian Federation of Tessara_4_412,Agrarian Federation of Tessara,Agrarian Federation of Tessara_3_172,4,Agrarian Federation of Tessara identifies a legal gap in atmospheric resource governance frameworks.,True,0.9266531467437744,4.082971096038818,0.5519057512283325,0.5214411020278931
309,Agrarian Federation of Tessara_4_411,Agrarian Federation of Tessara,Agrarian Federation of Tessara_3_172,4,Agrarian Federation of Tessara finds existing watercourse conventions address surface and groundwater only.,True,1.1580152809619904,4.314333230257034,0.4641149640083313,0.37786975502967834
310,Agrarian Federation of Tessara_3_171,Agrarian Federation of Tessara,Agrarian Federation of Tessara_2_31,3,Agrarian Federation of Tessara identifies the no-harm principle as a supplementary legal basis.,True,1.0735349655151367,3.3825290203094482,0.5060344338417053,0.42043060064315796
311,Agrarian Federation of Tessara_3_170,Agrarian Federation of Tessara,Agrarian Federation of Tessara_2_31,3,Agrarian Federation of Tessara actively researches customary international law on transboundary harm.,True,1.167778730392456,3.4767727851867676,0.42086631059646606,0.4113549590110779
312,Agrarian Federation of Tessara_2_30,Agrarian Federation of Tessara,Agrarian Federation of Tessara_1_3,2,Agrarian Federation of Tessara assesses that the Declaration's non-binding status limits coercive leverage.,False,1.0467632710933685,2.1694803535938263,0.5323300361633301,0.4209066927433014
313,Agrarian Federation of Tessara_3_121,Agrarian Federation of Tessara,Agrarian Federation of Tessara_2_30,3,Agrarian Federation of Tessara recognizes it cannot compel suspension of Phase II through existing agreements.,False,0.9173926115036011,3.0868729650974274,0.6476701498031616,0.4349372386932373
314,Agrarian Federation of Tessara_4_351,Agrarian Federation of Tessara,Agrarian Federation of Tessara_3_121,4,Agrarian Federation of Tessara evaluates whether third-party arbitration forums offer viable recourse.,True,1.1412675976753235,4.228140562772751,0.4615100026130676,0.3972223997116089
315,Agrarian Federation of Tessara_4_350,Agrarian Federation of Tessara,Agrarian Federation of Tessara_3_121,4,Agrarian Federation of Tessara considers escalating its threat posture beyond formal declarations.,True,1.233417809009552,4.320290774106979,0.42551830410957336,0.34106388688087463
316,Agrarian Federation of Tessara_4_349,Agrarian Federation of Tessara,Agrarian Federation of Tessara_3_121,4,Agrarian Federation of Tessara perceives its leverage as primarily political rather than legal.,True,1.4227305352687836,4.509603500366211,0.2558656632900238,0.3214038014411926
317,Agrarian Federation of Tessara_4_348,Agrarian Federation of Tessara,Agrarian Federation of Tessara_3_121,4,Agrarian Federation of Tessara assesses that unilateral legal action carries low probability of success.,True,1.2475416660308838,4.334414631128311,0.42633527517318726,0.32612305879592896
318,Agrarian Federation of Tessara_4_347,Agrarian Federation of Tessara,Agrarian Federation of Tessara_3_121,4,Agrarian Federation of Tessara shifts focus toward building external diplomatic coalitions.,True,1.343859314918518,4.430732280015945,0.29253214597702026,0.36360853910446167
319,Agrarian Federation of Tessara_3_120,Agrarian Federation of Tessara,Agrarian Federation of Tessara_2_30,3,Agrarian Federation of Tessara assesses that unilateral pressure on Vireya is unlikely to succeed.,True,1.080009639263153,3.2494899928569794,0.4686737358570099,0.45131662487983704
320,Agrarian Federation of Tessara_3_119,Agrarian Federation of Tessara,Agrarian Federation of Tessara_2_30,3,Agrarian Federation of Tessara evaluates customary international law as its next available legal basis.,True,1.0698708891868591,3.2393512427806854,0.47758594155311584,0.452543169260025
321,Agrarian Federation of Tessara_3_118,Agrarian Federation of Tessara,Agrarian Federation of Tessara_2_30,3,Agrarian Federation of Tessara perceives its negotiating position as structurally weak.,True,1.3556864261627197,3.525166779756546,0.3639887273311615,0.2803248465061188
322,Agrarian Federation of Tessara_3_117,Agrarian Federation of Tessara,Agrarian Federation of Tessara_2_30,3,Agrarian Federation of Tessara seeks stronger legal instruments beyond the Declaration.,True,1.2545707523822784,3.4240511059761047,0.3833811581134796,0.36204808950424194
323,Agrarian Federation of Tessara_2_29,Agrarian Federation of Tessara,Agrarian Federation of Tessara_1_3,2,Agrarian Federation of Tessara seeks to reframe the Declaration's spirit as customary obligation.,False,1.1444053947925568,2.2671224772930145,0.4192085862159729,0.43638601899147034
324,Agrarian Federation of Tessara_3_158,Agrarian Federation of Tessara,Agrarian Federation of Tessara_2_29,3,Agrarian Federation of Tessara anticipates Vireya challenging the customary law reframing as legally unfounded.,True,1.1309315264225006,3.398054003715515,0.4487408995628357,0.4203275740146637
325,Agrarian Federation of Tessara_3_157,Agrarian Federation of Tessara,Agrarian Federation of Tessara_2_29,3,Agrarian Federation of Tessara assesses the Meridian Declaration's language for opinio juris evidence.,True,1.172294169664383,3.4394166469573975,0.406604528427124,0.42110130190849304
326,Agrarian Federation of Tessara_3_156,Agrarian Federation of Tessara,Agrarian Federation of Tessara_2_29,3,Agrarian Federation of Tessara requires expert legal opinion validating the customary law argument.,True,1.2277275621891022,3.4948500394821167,0.3854641914367676,0.38680824637413025
327,Agrarian Federation of Tessara_3_155,Agrarian Federation of Tessara,Agrarian Federation of Tessara_2_29,3,Agrarian Federation of Tessara identifies the no-harm principle as the customary rule's legal foundation.,True,1.2019980549812317,3.469120532274246,0.41505587100982666,0.38294607400894165
328,Agrarian Federation of Tessara_3_154,Agrarian Federation of Tessara,Agrarian Federation of Tessara_2_29,3,Agrarian Federation of Tessara must demonstrate consistent state practice supporting the customary norm.,True,1.278851181268692,3.5459736585617065,0.34811070561408997,0.373038113117218
329,Agrarian Federation of Tessara_2_28,Agrarian Federation of Tessara,Agrarian Federation of Tessara_1_3,2,Agrarian Federation of Tessara recognizes its legal position is structurally weak without binding enforcement.,False,1.2800504267215729,2.4027675092220306,0.42524027824401855,0.29470929503440857
330,Agrarian Federation of Tessara_3_185,Agrarian Federation of Tessara,Agrarian Federation of Tessara_2_28,3,Agrarian Federation of Tessara evaluates economic and political coercion as substitutes for legal enforcement.,True,1.257096916437149,3.6598644256591797,0.34891650080680847,0.3939865827560425
331,Agrarian Federation of Tessara_3_184,Agrarian Federation of Tessara,Agrarian Federation of Tessara_2_28,3,Agrarian Federation of Tessara recognizes it must build coalitions to compensate for its legal weakness.,True,1.2907467782497406,3.6935142874717712,0.338452011346817,0.3708012104034424
332,Agrarian Federation of Tessara_3_183,Agrarian Federation of Tessara,Agrarian Federation of Tessara_2_28,3,Agrarian Federation of Tessara perceives non-legal leverage as its most viable pressure instrument.,True,1.2052819728851318,3.6080494821071625,0.4184333086013794,0.37628471851348877
333,Agrarian Federation of Tessara_3_182,Agrarian Federation of Tessara,Agrarian Federation of Tessara_2_28,3,Agrarian Federation of Tessara assesses that unilateral legal action against Vireya carries low probability of success.,True,1.160779356956482,3.5635468661785126,0.438065767288208,0.40115487575531006
334,Agrarian Federation of Tessara_3_181,Agrarian Federation of Tessara,Agrarian Federation of Tessara_2_28,3,Agrarian Federation of Tessara prioritizes securing a binding multilateral treaty over relying on the Meridian Declaration.,True,1.0840362012386322,3.486803710460663,0.4484155476093292,0.4675482511520386
335,Agrarian Federation of Tessara_2_27,Agrarian Federation of Tessara,Agrarian Federation of Tessara_1_3,2,Agrarian Federation of Tessara prioritizes invoking the Meridian Declaration formally against Vireya.,False,1.2071108222007751,2.329827904701233,0.37055647373199463,0.4223327040672302
336,Agrarian Federation of Tessara_3_180,Agrarian Federation of Tessara,Agrarian Federation of Tessara_2_27,3,Agrarian Federation of Tessara frames its invocation around the Declaration's rainfall courtesy language.,True,1.0709556341171265,3.4007835388183594,0.47970932722091675,0.4493350386619568
337,Agrarian Federation of Tessara_3_179,Agrarian Federation of Tessara,Agrarian Federation of Tessara_2_27,3,Agrarian Federation of Tessara assesses whether the Declaration contains any dispute mechanism to invoke.,True,1.0071837604045868,3.3370116651058197,0.5159316062927246,0.4768846333026886
338,Agrarian Federation of Tessara_3_178,Agrarian Federation of Tessara,Agrarian Federation of Tessara_2_27,3,Agrarian Federation of Tessara seeks an authoritative interpretation of the Declaration's obligations.,True,1.122148722410202,3.451976627111435,0.44102948904037476,0.4368217885494232
339,Agrarian Federation of Tessara_3_176,Agrarian Federation of Tessara,Agrarian Federation of Tessara_2_27,3,Agrarian Federation of Tessara must formally document Phase I harm attributable to Vireya.,True,0.9871310889720917,3.3169589936733246,0.4904816448688507,0.5223872661590576
340,Agrarian Federation of Tessara_1_2,Agrarian Federation of Tessara,Agrarian Federation of Tessara_0_0,1,Agrarian Federation of Tessara signals that unilateral protective measures remain under active consideration.,False,1.0125280618667603,1.0125280618667603,0.5123345851898193,0.4751373529434204
341,Agrarian Federation of Tessara_2_21,Agrarian Federation of Tessara,Agrarian Federation of Tessara_1_2,2,Agrarian Federation of Tessara identifies the Meridian Declaration as its primary legal reference point.,False,1.1558681428432465,2.1683962047100067,0.4185212254524231,0.42561063170433044
342,Agrarian Federation of Tessara_3_116,Agrarian Federation of Tessara,Agrarian Federation of Tessara_2_21,3,Agrarian Federation of Tessara perceives its legal standing as procedurally weak before arbiters.,True,1.2940406203269958,3.4624368250370026,0.3932519555091858,0.31270742416381836
343,Agrarian Federation of Tessara_3_115,Agrarian Federation of Tessara,Agrarian Federation of Tessara_2_21,3,"Agrarian Federation of Tessara frames its claims around the Declaration's spirit, not letter.",True,1.428135484457016,3.5965316891670227,0.28852415084838867,0.28334036469459534
344,Agrarian Federation of Tessara_3_114,Agrarian Federation of Tessara,Agrarian Federation of Tessara_2_21,3,Agrarian Federation of Tessara must argue the Declaration reflects binding customary norms.,True,1.2230702638626099,3.3914664685726166,0.3901640772819519,0.38676565885543823
345,Agrarian Federation of Tessara_3_113,Agrarian Federation of Tessara,Agrarian Federation of Tessara_2_21,3,Agrarian Federation of Tessara recognizes its leverage through the Declaration is limited.,False,1.0588012039661407,3.2271974086761475,0.48981931805610657,0.4513794779777527
346,Agrarian Federation of Tessara_4_515,Agrarian Federation of Tessara,Agrarian Federation of Tessara_3_113,4,Agrarian Federation of Tessara prioritizes building coalitions with other affected parties.,True,1.2738098800182343,4.501007288694382,0.3083944320678711,0.41779568791389465
347,Agrarian Federation of Tessara_4_514,Agrarian Federation of Tessara,Agrarian Federation of Tessara_3_113,4,Agrarian Federation of Tessara perceives its diplomatic position as structurally weak.,True,1.3871269226074219,4.614324331283569,0.34160512685775757,0.27126795053482056
348,Agrarian Federation of Tessara_4_513,Agrarian Federation of Tessara,Agrarian Federation of Tessara_3_113,4,Agrarian Federation of Tessara reassesses the relative weight of its unilateral options.,True,1.1161429584026337,4.343340367078781,0.4570879340171814,0.42676910758018494
349,Agrarian Federation of Tessara_3_112,Agrarian Federation of Tessara,Agrarian Federation of Tessara_2_21,3,Agrarian Federation of Tessara acknowledges its legal position rests on non-binding text.,True,1.224042683839798,3.3924388885498047,0.46069151163101196,0.31526580452919006
350,Agrarian Federation of Tessara_2_20,Agrarian Federation of Tessara,Agrarian Federation of Tessara_1_2,2,Agrarian Federation of Tessara risks being seen as undermining diplomatic resolution prospects.,False,1.1260926723480225,2.1386207342147827,0.4644595980644226,0.40944772958755493
351,Agrarian Federation of Tessara_3_111,Agrarian Federation of Tessara,Agrarian Federation of Tessara_2_20,3,Agrarian Federation of Tessara judges that its invocation of customary harm principles appears contradicted by its own threat posture.,True,1.2770954370498657,3.4157161712646484,0.3995303511619568,0.3233742117881775
352,Agrarian Federation of Tessara_3_110,Agrarian Federation of Tessara,Agrarian Federation of Tessara_2_20,3,Agrarian Federation of Tessara risks losing Ondrel's diplomatic alignment on shared corridor concerns.,False,1.0227989256381989,3.1614196598529816,0.4620802104473114,0.5151208639144897
353,Agrarian Federation of Tessara_4_427,Agrarian Federation of Tessara,Agrarian Federation of Tessara_3_110,4,Agrarian Federation of Tessara assesses that a unified corridor-harm case becomes untenable without Ondrel.,True,1.00462806224823,4.1660477221012115,0.530174970626831,0.46519696712493896
354,Agrarian Federation of Tessara_4_426,Agrarian Federation of Tessara,Agrarian Federation of Tessara_3_110,4,Agrarian Federation of Tessara perceives its leverage in any trilateral negotiation as significantly weakened.,True,1.2805375456809998,4.441957205533981,0.3948715329170227,0.32459092140197754
355,Agrarian Federation of Tessara_4_425,Agrarian Federation of Tessara,Agrarian Federation of Tessara_3_110,4,Agrarian Federation of Tessara loses its only potential co-complainant against Vireya's Array expansion.,True,1.0483264327049255,4.209746092557907,0.47605133056640625,0.4756222367286682
356,Agrarian Federation of Tessara_4_424,Agrarian Federation of Tessara,Agrarian Federation of Tessara_3_110,4,Agrarian Federation of Tessara finds itself diplomatically isolated on corridor moisture claims.,True,1.132052719593048,4.29347237944603,0.4903998374938965,0.3775474429130554
357,Agrarian Federation of Tessara_3_109,Agrarian Federation of Tessara,Agrarian Federation of Tessara_2_20,3,Agrarian Federation of Tessara assesses that Vireya gains rhetorical justification to proceed without consultation.,True,1.1803060173988342,3.318926751613617,0.38293182849884033,0.43676215410232544
358,Agrarian Federation of Tessara_3_108,Agrarian Federation of Tessara,Agrarian Federation of Tessara_2_20,3,Agrarian Federation of Tessara perceives its negotiating credibility weakening among potential mediating parties.,True,1.2457307279109955,3.384351462125778,0.4043760299682617,0.3498932421207428
359,Agrarian Federation of Tessara_2_19,Agrarian Federation of Tessara,Agrarian Federation of Tessara_1_2,2,Agrarian Federation of Tessara anticipates Vireya interpreting the signal as a coercive threat.,False,1.076260656118393,2.088788717985153,0.4193085730075836,0.5044307708740234
360,Agrarian Federation of Tessara_3_102,Agrarian Federation of Tessara,Agrarian Federation of Tessara_2_19,3,Agrarian Federation of Tessara recognizes its leverage may be undermined if framed as aggressor.,True,1.218324363231659,3.307113081216812,0.3828776478767395,0.39879798889160156
361,Agrarian Federation of Tessara_3_101,Agrarian Federation of Tessara,Agrarian Federation of Tessara_2_19,3,Agrarian Federation of Tessara weighs whether ambiguity in its signal serves its negotiating interests.,False,1.1114798188209534,3.2002685368061066,0.4462776780128479,0.44224250316619873
362,Agrarian Federation of Tessara_4_477,Agrarian Federation of Tessara,Agrarian Federation of Tessara_3_101,4,Agrarian Federation of Tessara recognizes that sustained ambiguity may erode Ondrel's confidence in Tessara as a stable partner.,True,1.038197010755539,4.2384655475616455,0.4836515188217163,0.47815147042274475
363,Agrarian Federation of Tessara_4_476,Agrarian Federation of Tessara,Agrarian Federation of Tessara_3_101,4,Agrarian Federation of Tessara evaluates whether clarity would strengthen its legal standing internationally.,True,1.118157148361206,4.318425685167313,0.46100521087646484,0.4208376407623291
364,Agrarian Federation of Tessara_4_475,Agrarian Federation of Tessara,Agrarian Federation of Tessara_3_101,4,Agrarian Federation of Tessara considers that ambiguity risks being dismissed as an empty threat.,True,1.2183060050010681,4.418574541807175,0.4866030812263489,0.295090913772583
365,Agrarian Federation of Tessara_4_474,Agrarian Federation of Tessara,Agrarian Federation of Tessara_3_101,4,Agrarian Federation of Tessara assesses whether deliberate vagueness deters Vireya's Phase II activation.,True,0.8372713327407837,4.03753986954689,0.5892691612243652,0.5734595060348511
366,Agrarian Federation of Tessara_3_100,Agrarian Federation of Tessara,Agrarian Federation of Tessara_2_19,3,Agrarian Federation of Tessara assesses that Vireya may use the threat framing to delegitimize Tessara's position.,False,1.0676728785037994,3.1564615964889526,0.45031094551086426,0.4820161759853363
367,Agrarian Federation of Tessara_4_419,Agrarian Federation of Tessara,Agrarian Federation of Tessara_3_100,4,Agrarian Federation of Tessara reassesses whether its 'all options open' declaration undermines its legal standing.,True,1.1069719791412354,4.263433575630188,0.5388223528862,0.3542056679725647
368,Agrarian Federation of Tessara_4_418,Agrarian Federation of Tessara,Agrarian Federation of Tessara_3_100,4,Agrarian Federation of Tessara anticipates losing neutral third-party sympathy if framed as aggressor.,True,1.261857032775879,4.4183186292648315,0.4348791837692261,0.303263783454895
369,Agrarian Federation of Tessara_4_417,Agrarian Federation of Tessara,Agrarian Federation of Tessara_3_100,4,Agrarian Federation of Tessara perceives a need to reframe its position in legal rather than threat-based terms.,True,1.1623458564281464,4.318807452917099,0.4383017122745514,0.39935243129730225
370,Agrarian Federation of Tessara_4_416,Agrarian Federation of Tessara,Agrarian Federation of Tessara_3_100,4,Agrarian Federation of Tessara considers moderating its coercive language to preserve legitimacy.,True,1.1673341691493988,4.323795765638351,0.4052129089832306,0.4274529218673706
371,Agrarian Federation of Tessara_3_99,Agrarian Federation of Tessara,Agrarian Federation of Tessara_2_19,3,Agrarian Federation of Tessara considers moderating its language to avoid coercive framing.,True,1.1452626287937164,3.2340513467788696,0.4444330632686615,0.41030430793762207
372,Agrarian Federation of Tessara_2_18,Agrarian Federation of Tessara,Agrarian Federation of Tessara_1_2,2,Agrarian Federation of Tessara perceives its bargaining leverage as temporarily elevated.,False,1.187319129705429,2.1998471915721893,0.3821033835411072,0.43057748675346375
373,Agrarian Federation of Tessara_3_131,Agrarian Federation of Tessara,Agrarian Federation of Tessara_2_18,3,Agrarian Federation of Tessara judges this moment as optimal to formalize its harm claims internationally.,True,1.0732349753379822,3.2730821669101715,0.4718151092529297,0.45494991540908813
374,Agrarian Federation of Tessara_3_130,Agrarian Federation of Tessara,Agrarian Federation of Tessara_2_18,3,Agrarian Federation of Tessara prioritizes securing binding commitments over interim goodwill gestures.,True,1.1645609438419342,3.3644081354141235,0.4190576374530792,0.4163814187049866
375,Agrarian Federation of Tessara_3_129,Agrarian Federation of Tessara,Agrarian Federation of Tessara_2_18,3,Agrarian Federation of Tessara assesses that delay in Phase II activation benefits its negotiating position.,False,0.9274808764457703,3.1273280680179596,0.5427413582801819,0.5297777652740479
376,Agrarian Federation of Tessara_4_387,Agrarian Federation of Tessara,Agrarian Federation of Tessara_3_129,4,Agrarian Federation of Tessara calculates that time pressure falls more heavily on Vireya than itself.,True,1.124385505914688,4.251713573932648,0.35329684615135193,0.52231764793396
377,Agrarian Federation of Tessara_4_386,Agrarian Federation of Tessara,Agrarian Federation of Tessara_3_129,4,Agrarian Federation of Tessara perceives concession-making now as strategically premature.,True,1.1594107151031494,4.286738783121109,0.47708025574684143,0.36350902915000916
378,Agrarian Federation of Tessara_4_385,Agrarian Federation of Tessara,Agrarian Federation of Tessara_3_129,4,Agrarian Federation of Tessara increases its threshold demands within any proposed binding instrument.,True,1.1436621248722076,4.270990192890167,0.4293552041053772,0.42698267102241516
379,Agrarian Federation of Tessara_4_384,Agrarian Federation of Tessara,Agrarian Federation of Tessara_3_129,4,Agrarian Federation of Tessara prioritizes prolonging pre-activation negotiations over rapid settlement.,True,1.1104425191879272,4.237770587205887,0.44779208302497864,0.4417653977870941
380,Agrarian Federation of Tessara_3_128,Agrarian Federation of Tessara,Agrarian Federation of Tessara_2_18,3,Agrarian Federation of Tessara sets preconditions before agreeing to any trilateral negotiation.,True,1.035914570093155,3.2357617616653442,0.4863852560520172,0.4777001738548279
381,Agrarian Federation of Tessara_3_127,Agrarian Federation of Tessara,Agrarian Federation of Tessara_2_18,3,Agrarian Federation of Tessara escalates its demands beyond the minimum previously stated.,True,1.2438435554504395,3.443690747022629,0.3773159384727478,0.37884050607681274
382,Agrarian Federation of Tessara_2_17,Agrarian Federation of Tessara,Agrarian Federation of Tessara_1_2,2,Agrarian Federation of Tessara begins internal assessment of feasible unilateral options.,False,1.0385201573371887,2.051048219203949,0.5247340202331543,0.436745822429657
383,Agrarian Federation of Tessara_3_74,Agrarian Federation of Tessara,Agrarian Federation of Tessara_2_17,3,Agrarian Federation of Tessara identifies gaps in its technical capacity to act unilaterally.,False,1.0983826518058777,3.1494308710098267,0.4892787039279938,0.41233864426612854
384,Agrarian Federation of Tessara_4_405,Agrarian Federation of Tessara,Agrarian Federation of Tessara_3_74,4,Agrarian Federation of Tessara recalibrates its negotiating posture toward multilateral instruments.,True,1.1968924701213837,4.34632334113121,0.3991371989250183,0.403970330953598
385,Agrarian Federation of Tessara_4_404,Agrarian Federation of Tessara,Agrarian Federation of Tessara_3_74,4,Agrarian Federation of Tessara identifies potential third-party technical partners to fill gaps.,True,1.151065707206726,4.300496578216553,0.4428805112838745,0.4060537815093994
386,Agrarian Federation of Tessara_4_403,Agrarian Federation of Tessara,Agrarian Federation of Tessara_3_74,4,Agrarian Federation of Tessara assesses its unilateral leverage as materially constrained.,True,1.124354749917984,4.273785620927811,0.45729562640190125,0.41834962368011475
387,Agrarian Federation of Tessara_4_402,Agrarian Federation of Tessara,Agrarian Federation of Tessara_3_74,4,Agrarian Federation of Tessara recognizes need for external technical expertise acquisition.,True,1.2105227410793304,4.359953612089157,0.37437769770622253,0.415099561214447
388,Agrarian Federation of Tessara_3_73,Agrarian Federation of Tessara,Agrarian Federation of Tessara_2_17,3,Agrarian Federation of Tessara determines which unilateral options carry lowest diplomatic risk.,False,1.070309579372406,3.121357798576355,0.48104894161224365,0.44864147901535034
389,Agrarian Federation of Tessara_4_379,Agrarian Federation of Tessara,Agrarian Federation of Tessara_3_73,4,Agrarian Federation of Tessara gauges which options preserve Ondrel alignment simultaneously.,True,1.0202810764312744,4.141638875007629,0.4781026244163513,0.5016162991523743
390,Agrarian Federation of Tessara_4_378,Agrarian Federation of Tessara,Agrarian Federation of Tessara_3_73,4,Agrarian Federation of Tessara narrows its actionable unilateral option shortlist internally.,True,1.0721306800842285,4.1934884786605835,0.5250927209854126,0.4027765989303589
391,Agrarian Federation of Tessara_4_377,Agrarian Federation of Tessara,Agrarian Federation of Tessara_3_73,4,Agrarian Federation of Tessara assesses international legal forum referral as diplomatically viable.,True,1.1050114333629608,4.226369231939316,0.46064871549606323,0.43433985114097595
392,Agrarian Federation of Tessara_4_376,Agrarian Federation of Tessara,Agrarian Federation of Tessara_3_73,4,Agrarian Federation of Tessara identifies diplomatic protest escalation as lowest-risk option.,True,1.2429105341434479,4.364268332719803,0.4157653748989105,0.3413240909576416
393,Agrarian Federation of Tessara_4_375,Agrarian Federation of Tessara,Agrarian Federation of Tessara_3_73,4,Agrarian Federation of Tessara prioritizes options requiring no Vireyan consent.,True,1.1198949813842773,4.241252779960632,0.4629790186882019,0.41712599992752075
394,Agrarian Federation of Tessara_3_72,Agrarian Federation of Tessara,Agrarian Federation of Tessara_2_17,3,Agrarian Federation of Tessara assesses whether atmospheric intervention countermeasures are technically feasible.,False,0.837351381778717,2.888399600982666,0.6253490447998047,0.5372995734214783
395,Agrarian Federation of Tessara_4_236,Agrarian Federation of Tessara,Agrarian Federation of Tessara_3_72,4,Agrarian Federation of Tessara recognizes its own atmospheric intervention capacity as limited or absent. [UNCERTAIN: Tessara lacks established cloud-seeding program],True,0.8479225635528564,3.7363221645355225,0.6227463483810425,0.5293310880661011
396,Agrarian Federation of Tessara_4_235,Agrarian Federation of Tessara,Agrarian Federation of Tessara_3_72,4,Agrarian Federation of Tessara evaluates technical costs of deploying atmospheric intervention at scale.,True,1.0645679533481598,3.952967554330826,0.4448593854904175,0.49057266116142273
397,Agrarian Federation of Tessara_4_234,Agrarian Federation of Tessara,Agrarian Federation of Tessara_3_72,4,Agrarian Federation of Tessara determines whether it possesses upwind seeding infrastructure.,True,0.9747544825077057,3.8631540834903717,0.48141685128211975,0.5438286662101746
398,Agrarian Federation of Tessara_4_233,Agrarian Federation of Tessara,Agrarian Federation of Tessara_3_72,4,Agrarian Federation of Tessara consults domestic meteorological agencies on corridor intervention capacity.,True,0.9474620223045349,3.835861623287201,0.5231034159660339,0.5294345617294312
399,Agrarian Federation of Tessara_4_232,Agrarian Federation of Tessara,Agrarian Federation of Tessara_3_72,4,Agrarian Federation of Tessara identifies cloud-seeding as a potential countermeasure option.,True,0.982328861951828,3.870728462934494,0.5232542157173157,0.4944169223308563
400,Agrarian Federation of Tessara_3_71,Agrarian Federation of Tessara,Agrarian Federation of Tessara_2_17,3,Agrarian Federation of Tessara evaluates the Meridian Declaration as a potential legal basis for action.,False,0.9910650253295898,3.042113244533539,0.522538959980011,0.48639601469039917
401,Agrarian Federation of Tessara_4_305,Agrarian Federation of Tessara,Agrarian Federation of Tessara_3_71,4,Agrarian Federation of Tessara recognizes its legal basis for unilateral action remains procedurally uncertain.,True,1.1672626435756683,4.209375888109207,0.4559550881385803,0.37678226828575134
402,Agrarian Federation of Tessara_4_304,Agrarian Federation of Tessara,Agrarian Federation of Tessara_3_71,4,Agrarian Federation of Tessara concludes no binding dispute-resolution mechanism exists within the Declaration's text.,True,1.2806311547756195,4.322744399309158,0.4393599331378937,0.2800089120864868
403,Agrarian Federation of Tessara_4_303,Agrarian Federation of Tessara,Agrarian Federation of Tessara_3_71,4,Agrarian Federation of Tessara assesses whether the Declaration's spirit invocation can supplement customary international law arguments.,True,1.1574297845363617,4.1995430290699005,0.4220324158668518,0.4205377995967865
404,Agrarian Federation of Tessara_4_302,Agrarian Federation of Tessara,Agrarian Federation of Tessara_3_71,4,Agrarian Federation of Tessara identifies the Declaration's 'rainfall courtesy' language as substantively weak for litigation.,True,1.2764841318130493,4.318597376346588,0.44440174102783203,0.27911412715911865
405,Agrarian Federation of Tessara_3_70,Agrarian Federation of Tessara,Agrarian Federation of Tessara_2_17,3,Agrarian Federation of Tessara begins quantifying economic costs of each potential unilateral action.,False,1.1334936618804932,3.184541881084442,0.39094632863998413,0.4755600094795227
406,Agrarian Federation of Tessara_4_454,Agrarian Federation of Tessara,Agrarian Federation of Tessara_3_70,4,Agrarian Federation of Tessara narrows its list of economically viable unilateral options.,True,1.0622265338897705,4.246768414974213,0.5258070826530457,0.41196638345718384
407,Agrarian Federation of Tessara_4_453,Agrarian Federation of Tessara,Agrarian Federation of Tessara_3_70,4,Agrarian Federation of Tessara compares unilateral action costs against projected harvest loss costs.,True,1.1014963388442993,4.2860382199287415,0.4637264013290405,0.43477725982666016
408,Agrarian Federation of Tessara_4_452,Agrarian Federation of Tessara,Agrarian Federation of Tessara_3_70,4,Agrarian Federation of Tessara determines which options exceed its fiscal capacity.,True,1.0810911059379578,4.2656329870224,0.44978928565979004,0.4691196084022522
409,Agrarian Federation of Tessara_4_451,Agrarian Federation of Tessara,Agrarian Federation of Tessara_3_70,4,Agrarian Federation of Tessara identifies relative cost rankings among unilateral options.,True,1.1611084043979645,4.345650285482407,0.4005497097969055,0.43834188580513
410,Agrarian Federation of Tessara_3_69,Agrarian Federation of Tessara,Agrarian Federation of Tessara_2_17,3,Agrarian Federation of Tessara allocates internal resources toward options assessment teams.,False,1.1200291216373444,3.1710773408412933,0.42665550112724304,0.4533153772354126
411,Agrarian Federation of Tessara_4_432,Agrarian Federation of Tessara,Agrarian Federation of Tessara_3_69,4,Agrarian Federation of Tessara's assessment teams begin evaluating legal instruments available under customary international law.,True,1.0652410089969635,4.236318349838257,0.45355382561683655,0.48120516538619995
412,Agrarian Federation of Tessara_4_431,Agrarian Federation of Tessara,Agrarian Federation of Tessara_3_69,4,Agrarian Federation of Tessara incurs measurable budgetary expenditure on the assessment process.,True,1.1393795013427734,4.310456842184067,0.3857160806655884,0.4749044179916382
413,Agrarian Federation of Tessara_4_430,Agrarian Federation of Tessara,Agrarian Federation of Tessara_3_69,4,Agrarian Federation of Tessara's options assessment teams request access to existing meteorological data holdings.,True,0.9567861557006836,4.127863496541977,0.5164294242858887,0.5267844200134277
414,Agrarian Federation of Tessara_4_429,Agrarian Federation of Tessara,Agrarian Federation of Tessara_3_69,4,Agrarian Federation of Tessara identifies gaps in its current intelligence on Phase II technical specifications.,True,0.9767945408821106,4.147871881723404,0.5636566877365112,0.4595487713813782
415,Agrarian Federation of Tessara_4_428,Agrarian Federation of Tessara,Agrarian Federation of Tessara_3_69,4,Agrarian Federation of Tessara begins formally cataloguing available unilateral response options.,True,1.061089277267456,4.232166618108749,0.5055599212646484,0.4333508014678955
416,Agrarian Federation of Tessara_3_68,Agrarian Federation of Tessara,Agrarian Federation of Tessara_2_17,3,Agrarian Federation of Tessara identifies specific unilateral countermeasures as legally or practically viable.,False,0.9994266629219055,3.0504748821258545,0.5386567115783691,0.46191662549972534
417,Agrarian Federation of Tessara_4_319,Agrarian Federation of Tessara,Agrarian Federation of Tessara_3_68,4,Agrarian Federation of Tessara weighs reputational risk of unilateral action against inaction costs.,True,1.1176703572273254,4.16814523935318,0.43325740098953247,0.4490722417831421
418,Agrarian Federation of Tessara_4_318,Agrarian Federation of Tessara,Agrarian Federation of Tessara_3_68,4,Agrarian Federation of Tessara determines which countermeasures require legislative authorization before deployment.,True,1.0131951570510864,4.063670039176941,0.4842313528060913,0.5025734901428223
419,Agrarian Federation of Tessara_4_317,Agrarian Federation of Tessara,Agrarian Federation of Tessara_3_68,4,Agrarian Federation of Tessara calculates domestic political costs of deploying each identified option.,True,1.2213000059127808,4.271774888038635,0.34443265199661255,0.4342673420906067
420,Agrarian Federation of Tessara_4_316,Agrarian Federation of Tessara,Agrarian Federation of Tessara_3_68,4,Agrarian Federation of Tessara prioritizes countermeasures by implementation speed and reversibility.,True,1.0713267922401428,4.121801674365997,0.4614400267601013,0.46723318099975586
421,Agrarian Federation of Tessara_4_315,Agrarian Federation of Tessara,Agrarian Federation of Tessara_3_68,4,Agrarian Federation of Tessara assesses whether identified measures risk violating existing bilateral obligations.,True,0.965342104434967,4.0158169865608215,0.525359034538269,0.5092988610267639
422,Agrarian Federation of Tessara_4_314,Agrarian Federation of Tessara,Agrarian Federation of Tessara_3_68,4,Agrarian Federation of Tessara evaluates legal standing to invoke transboundary harm principles.,True,1.0784720480442047,4.128946930170059,0.500219464302063,0.4213084876537323
423,Agrarian Federation of Tessara_1_1,Agrarian Federation of Tessara,Agrarian Federation of Tessara_0_0,1,Agrarian Federation of Tessara formally places itself in a pre-dispute posture toward Vireya.,False,1.1231716573238373,1.1231716573238373,0.40000882744789124,0.4768195152282715
424,Agrarian Federation of Tessara_2_37,Agrarian Federation of Tessara,Agrarian Federation of Tessara_1_1,2,Agrarian Federation of Tessara faces pressure to define specific legal remedies sought.,False,1.0942542254924774,2.2174258828163147,0.4555756449699402,0.4501701295375824
425,Agrarian Federation of Tessara_3_143,Agrarian Federation of Tessara,Agrarian Federation of Tessara_2_37,3,Agrarian Federation of Tessara must decide between interim injunctive relief and long-term compensation claims.,True,1.083352416753769,3.3007782995700836,0.499980628490448,0.4166669547557831
426,Agrarian Federation of Tessara_3_142,Agrarian Federation of Tessara,Agrarian Federation of Tessara_2_37,3,Agrarian Federation of Tessara faces difficulty attributing harvest losses causally to Phase I legally.,False,0.9584140479564667,3.1758399307727814,0.5691339373588562,0.4724520146846771
427,Agrarian Federation of Tessara_4_445,Agrarian Federation of Tessara,Agrarian Federation of Tessara_3_142,4,Agrarian Federation of Tessara considers shifting its claim toward precautionary principle arguments instead.,True,1.0664625763893127,4.242302507162094,0.48469167947769165,0.4488457441329956
428,Agrarian Federation of Tessara_4_444,Agrarian Federation of Tessara,Agrarian Federation of Tessara_3_142,4,Agrarian Federation of Tessara perceives its invocation of customary harm principle as legally vulnerable.,True,1.163763403892517,4.3396033346652985,0.45861220359802246,0.37762439250946045
429,Agrarian Federation of Tessara_4_443,Agrarian Federation of Tessara,Agrarian Federation of Tessara_3_142,4,Agrarian Federation of Tessara finds its pre-dispute posture weakened by evidentiary gaps.,True,1.1983110904693604,4.374151021242142,0.4414377808570862,0.36025112867355347
430,Agrarian Federation of Tessara_4_442,Agrarian Federation of Tessara,Agrarian Federation of Tessara_3_142,4,Agrarian Federation of Tessara struggles to quantify compensable damages with legal precision.,True,1.1439156532287598,4.319755584001541,0.455031156539917,0.40105319023132324
431,Agrarian Federation of Tessara_3_141,Agrarian Federation of Tessara,Agrarian Federation of Tessara_2_37,3,Agrarian Federation of Tessara must assess whether the Meridian Declaration constitutes sufficient treaty basis for claims.,True,1.0432007908821106,3.2606266736984253,0.49349480867385864,0.46330440044403076
432,Agrarian Federation of Tessara_3_140,Agrarian Federation of Tessara,Agrarian Federation of Tessara_2_37,3,Agrarian Federation of Tessara risks exposing internal disagreements over preferred legal strategy.,True,1.1244867444038391,3.341912627220154,0.43237364292144775,0.44313961267471313
433,Agrarian Federation of Tessara_3_139,Agrarian Federation of Tessara,Agrarian Federation of Tessara_2_37,3,Agrarian Federation of Tessara must quantify measurable moisture-passage thresholds as legal benchmarks.,False,0.7965037822723389,3.0139296650886536,0.6570399403572083,0.5464562773704529
434,Agrarian Federation of Tessara_4_284,Agrarian Federation of Tessara,Agrarian Federation of Tessara_3_139,4,Agrarian Federation of Tessara must determine which atmospheric variables constitute legally cognizable harm.,True,0.8667582869529724,3.880687952041626,0.5725045800209045,0.560737133026123
435,Agrarian Federation of Tessara_4_283,Agrarian Federation of Tessara,Agrarian Federation of Tessara_3_139,4,Agrarian Federation of Tessara risks threshold figures being contested by Vireya's own models.,True,0.9469283819198608,3.9608580470085144,0.5237094163894653,0.5293622016906738
436,Agrarian Federation of Tessara_4_282,Agrarian Federation of Tessara,Agrarian Federation of Tessara_3_139,4,Agrarian Federation of Tessara must establish a baseline pre-Phase-I moisture corridor measurement.,True,0.7901864647865295,3.804116129875183,0.6486117243766785,0.561201810836792
437,Agrarian Federation of Tessara_4_281,Agrarian Federation of Tessara,Agrarian Federation of Tessara_3_139,4,Agrarian Federation of Tessara faces difficulty translating meteorological data into legal thresholds.,True,0.9404175877571106,3.954347252845764,0.5565008521080017,0.5030815601348877
438,Agrarian Federation of Tessara_4_280,Agrarian Federation of Tessara,Agrarian Federation of Tessara_3_139,4,Agrarian Federation of Tessara must commission independent atmospheric science expertise.,True,0.9940031468868256,4.007932811975479,0.5083845257759094,0.497612327337265
439,Agrarian Federation of Tessara_2_36,Agrarian Federation of Tessara,Agrarian Federation of Tessara_1_1,2,Agrarian Federation of Tessara anticipates Vireya treating Phase II activation as non-negotiable.,False,0.8796651363372803,2.0028367936611176,0.61434006690979,0.5059947967529297
440,Agrarian Federation of Tessara_3_67,Agrarian Federation of Tessara,Agrarian Federation of Tessara_2_36,3,Agrarian Federation of Tessara begins evaluating coalition-building with other affected downstream actors.,False,1.1294581592082977,3.1322949528694153,0.403414249420166,0.46712759137153625
441,Agrarian Federation of Tessara_4_392,Agrarian Federation of Tessara,Agrarian Federation of Tessara_3_67,4,Agrarian Federation of Tessara evaluates whether Ondrel's estuarine harm aligns with its own claims.,True,1.01641446352005,4.148709416389465,0.4534633755683899,0.5301221609115601
442,Agrarian Federation of Tessara_4_391,Agrarian Federation of Tessara,Agrarian Federation of Tessara_3_67,4,Agrarian Federation of Tessara anticipates needing to coordinate diplomatic messaging with partners.,True,1.1706566512584686,4.302951604127884,0.37722402811050415,0.4521193206310272
443,Agrarian Federation of Tessara_4_390,Agrarian Federation of Tessara,Agrarian Federation of Tessara_3_67,4,Agrarian Federation of Tessara begins mapping which actors hold leverage over Vireya.,True,1.1146074533462524,4.246902406215668,0.3257942199707031,0.5595983266830444
444,Agrarian Federation of Tessara_4_389,Agrarian Federation of Tessara,Agrarian Federation of Tessara_3_67,4,Agrarian Federation of Tessara assesses shared grievances with other downwind states.,True,1.1338346600532532,4.2661296129226685,0.4270962178707123,0.43906912207603455
445,Agrarian Federation of Tessara_4_388,Agrarian Federation of Tessara,Agrarian Federation of Tessara_3_67,4,Agrarian Federation of Tessara identifies Ondrel as a primary coalition candidate.,True,1.2205328941345215,4.352827847003937,0.3232985734939575,0.456168532371521
446,Agrarian Federation of Tessara_3_66,Agrarian Federation of Tessara,Agrarian Federation of Tessara_2_36,3,Agrarian Federation of Tessara perceives its pre-dispute posture as insufficient leverage.,True,1.2490007877349854,3.251837581396103,0.40924471616744995,0.3417544960975647
447,Agrarian Federation of Tessara_3_65,Agrarian Federation of Tessara,Agrarian Federation of Tessara_2_36,3,Agrarian Federation of Tessara assesses unilateral protective measures as increasingly necessary.,False,1.1046984791755676,3.107535272836685,0.4480169117450714,0.44728460907936096
448,Agrarian Federation of Tessara_4_369,Agrarian Federation of Tessara,Agrarian Federation of Tessara_3_65,4,Agrarian Federation of Tessara considers withdrawing cooperation from regional trade arrangements involving Vireya.,True,1.1122242510318756,4.219759523868561,0.4625838100910187,0.4251919388771057
449,Agrarian Federation of Tessara_4_368,Agrarian Federation of Tessara,Agrarian Federation of Tessara_3_65,4,Agrarian Federation of Tessara prepares domestic population for potential harvest failure consequences.,True,1.025341510772705,4.13287678360939,0.5066540241241455,0.4680044651031494
450,Agrarian Federation of Tessara_4_367,Agrarian Federation of Tessara,Agrarian Federation of Tessara_3_65,4,Agrarian Federation of Tessara seeks external allies willing to pressure Vireya diplomatically.,True,1.2697654366493225,4.377300709486008,0.3160368800163269,0.4141976833343506
451,Agrarian Federation of Tessara_4_366,Agrarian Federation of Tessara,Agrarian Federation of Tessara_3_65,4,Agrarian Federation of Tessara elevates military and border readiness along the Serrat Plateau frontier.,True,1.2349326610565186,4.342467933893204,0.3502506911754608,0.41481664776802063
452,Agrarian Federation of Tessara_4_365,Agrarian Federation of Tessara,Agrarian Federation of Tessara_3_65,4,Agrarian Federation of Tessara identifies legal pretexts for cross-border atmospheric intervention.,True,0.9481387734413147,4.055674046278,0.5209735631942749,0.5308876633644104
453,Agrarian Federation of Tessara_4_364,Agrarian Federation of Tessara,Agrarian Federation of Tessara_3_65,4,Agrarian Federation of Tessara allocates emergency resources toward domestic water retention infrastructure.,True,1.077006757259369,4.184542030096054,0.4548203945159912,0.4681728482246399
454,Agrarian Federation of Tessara_4_363,Agrarian Federation of Tessara,Agrarian Federation of Tessara_3_65,4,Agrarian Federation of Tessara begins internal planning for specific unilateral measures.,True,1.1708189845085144,4.2783542573452,0.42715173959732056,0.40202927589416504
455,Agrarian Federation of Tessara_3_64,Agrarian Federation of Tessara,Agrarian Federation of Tessara_2_36,3,Agrarian Federation of Tessara shifts focus toward third-party dispute mechanisms.,False,1.2052646279335022,3.2081014215946198,0.4024156928062439,0.3923196792602539
456,Agrarian Federation of Tessara_4_488,Agrarian Federation of Tessara,Agrarian Federation of Tessara_3_64,4,Agrarian Federation of Tessara prioritizes assembling its independent meteorological attribution evidence.,True,1.0063675343990326,4.214468955993652,0.4881828725337982,0.5054495930671692
457,Agrarian Federation of Tessara_4_487,Agrarian Federation of Tessara,Agrarian Federation of Tessara_3_64,4,Agrarian Federation of Tessara recognizes its weak treaty basis limits formal adjudication options.,True,1.114964783191681,4.323066204786301,0.5108217597007751,0.37421345710754395
458,Agrarian Federation of Tessara_4_486,Agrarian Federation of Tessara,Agrarian Federation of Tessara_3_64,4,Agrarian Federation of Tessara evaluates whether Ondrel could serve as a co-complainant.,True,0.9673346877098083,4.175436109304428,0.4512348771095276,0.5814304351806641
459,Agrarian Federation of Tessara_4_485,Agrarian Federation of Tessara,Agrarian Federation of Tessara_3_64,4,Agrarian Federation of Tessara seeks legal counsel on customary international water law standing.,True,1.0703596770763397,4.2784610986709595,0.4607876241207123,0.468852698802948
460,Agrarian Federation of Tessara_4_484,Agrarian Federation of Tessara,Agrarian Federation of Tessara_3_64,4,Agrarian Federation of Tessara assesses the Meridian Declaration's evidentiary value before third parties.,True,1.052009105682373,4.260110527276993,0.48007258772850037,0.4679183065891266
461,Agrarian Federation of Tessara_4_483,Agrarian Federation of Tessara,Agrarian Federation of Tessara_3_64,4,Agrarian Federation of Tessara begins identifying viable international arbitration forums.,True,1.1665445864200592,4.374646008014679,0.4116772711277008,0.42177814245224
462,Agrarian Federation of Tessara_3_63,Agrarian Federation of Tessara,Agrarian Federation of Tessara_2_36,3,Agrarian Federation of Tessara concludes bilateral negotiation with Vireya is futile.,False,1.1800584197044373,3.182895213365555,0.43487119674682617,0.3850703835487366
463,Agrarian Federation of Tessara_4_450,Agrarian Federation of Tessara,Agrarian Federation of Tessara_3_63,4,Agrarian Federation of Tessara concludes unilateral protective measures must be prepared domestically.,True,1.2203150391578674,4.403210252523422,0.40469884872436523,0.37498611211776733
464,Agrarian Federation of Tessara_4_449,Agrarian Federation of Tessara,Agrarian Federation of Tessara_3_63,4,Agrarian Federation of Tessara assesses the Meridian Declaration as its only actionable legal instrument.,True,1.1277027130126953,4.31059792637825,0.4853063225746155,0.3869909644126892
465,Agrarian Federation of Tessara_4_448,Agrarian Federation of Tessara,Agrarian Federation of Tessara_3_63,4,Agrarian Federation of Tessara seeks coalition partners among other potentially affected states.,True,1.2248515486717224,4.407746762037277,0.3932141065597534,0.38193434476852417
466,Agrarian Federation of Tessara_4_447,Agrarian Federation of Tessara,Agrarian Federation of Tessara_3_63,4,Agrarian Federation of Tessara begins assembling a formal legal case against Vireya.,True,1.306489497423172,4.489384710788727,0.2821301817893982,0.4113803207874298
467,Agrarian Federation of Tessara_4_446,Agrarian Federation of Tessara,Agrarian Federation of Tessara_3_63,4,Agrarian Federation of Tessara shifts focus toward multilateral or third-party dispute mechanisms.,True,1.1739946603775024,4.356889873743057,0.4101766049861908,0.41582873463630676
468,Agrarian Federation of Tessara_2_34,Agrarian Federation of Tessara,Agrarian Federation of Tessara_1_1,2,Agrarian Federation of Tessara perceives its bilateral relationship with Vireya as adversarial.,False,1.2802989184856415,2.4034705758094788,0.30399248003959656,0.41570860147476196
469,Agrarian Federation of Tessara_3_191,Agrarian Federation of Tessara,Agrarian Federation of Tessara_2_34,3,Agrarian Federation of Tessara reduces willingness to accept Vireya's meteorological attribution models as credible.,True,1.0048845410346985,3.4083551168441772,0.5173972249031067,0.4777182340621948
470,Agrarian Federation of Tessara_3_190,Agrarian Federation of Tessara,Agrarian Federation of Tessara_2_34,3,Agrarian Federation of Tessara interprets Phase II preparations as deliberate hostile acts.,True,1.292806476354599,3.6962770521640778,0.36759886145591736,0.33959466218948364
471,Agrarian Federation of Tessara_3_189,Agrarian Federation of Tessara,Agrarian Federation of Tessara_2_34,3,Agrarian Federation of Tessara seeks external partners to counterbalance Vireya's leverage.,True,1.1279587745666504,3.531429350376129,0.367644727230072,0.5043964982032776
472,Agrarian Federation of Tessara_3_188,Agrarian Federation of Tessara,Agrarian Federation of Tessara_2_34,3,Agrarian Federation of Tessara deprioritizes cooperative engagement with Vireya on shared technical data.,True,1.0631606578826904,3.466631233692169,0.40552568435668945,0.5313136577606201
473,Agrarian Federation of Tessara_3_187,Agrarian Federation of Tessara,Agrarian Federation of Tessara_2_34,3,Agrarian Federation of Tessara begins assessing Vireya's actions through a threat-framing lens.,True,1.018827497959137,3.4222980737686157,0.43392640352249146,0.5472460985183716
474,Agrarian Federation of Tessara_3_186,Agrarian Federation of Tessara,Agrarian Federation of Tessara_2_34,3,Agrarian Federation of Tessara treats Vireya's diplomatic communications with heightened suspicion.,True,1.240739494562149,3.644210070371628,0.32855191826820374,0.4307085871696472
475,Agrarian Federation of Tessara_2_33,Agrarian Federation of Tessara,Agrarian Federation of Tessara_1_1,2,Agrarian Federation of Tessara begins assembling its meteorological evidence record formally.,False,1.1372132897377014,2.2603849470615387,0.404705286026001,0.4580814242362976
476,Agrarian Federation of Tessara_3_153,Agrarian Federation of Tessara,Agrarian Federation of Tessara_2_33,3,Agrarian Federation of Tessara begins quantifying the correlation between Phase I activation dates and precipitation deficits.,False,0.7289925813674927,2.9893775284290314,0.6703672409057617,0.6006401777267456
477,Agrarian Federation of Tessara_4_275,Agrarian Federation of Tessara,Agrarian Federation of Tessara_3_153,4,Agrarian Federation of Tessara flags the divergence between its quantitative findings and Vireya's commissioned meteorological models.,True,0.9830873012542725,3.972464829683304,0.5107160806655884,0.5061966180801392
478,Agrarian Federation of Tessara_4_274,Agrarian Federation of Tessara,Agrarian Federation of Tessara_3_153,4,Agrarian Federation of Tessara assesses whether two seasons of data constitute legally defensible evidentiary weight.,True,0.968111664056778,3.9574891924858093,0.5555343627929688,0.4763539731502533
479,Agrarian Federation of Tessara_4_273,Agrarian Federation of Tessara,Agrarian Federation of Tessara_3_153,4,Agrarian Federation of Tessara recognizes gaps in its precipitation measurement network requiring supplemental data sources.,True,0.8971384167671204,3.8865159451961517,0.5870444178581238,0.5158171653747559
480,Agrarian Federation of Tessara_4_272,Agrarian Federation of Tessara,Agrarian Federation of Tessara_3_153,4,Agrarian Federation of Tessara determines whether its existing meteorological data resolution is sufficient for causal attribution.,True,0.928821861743927,3.9181993901729584,0.5476322174072266,0.5235459208488464
481,Agrarian Federation of Tessara_3_152,Agrarian Federation of Tessara,Agrarian Federation of Tessara_2_33,3,Agrarian Federation of Tessara recognizes its meteorological record as legally insufficient for formal dispute proceedings.,True,1.1227475702762604,3.383132517337799,0.5388413667678833,0.3384110629558563
482,Agrarian Federation of Tessara_3_151,Agrarian Federation of Tessara,Agrarian Federation of Tessara_2_33,3,Agrarian Federation of Tessara establishes an internal evidentiary standard for attribution claims.,True,1.2166002094745636,3.4769851565361023,0.3928059935569763,0.3905937969684601
483,Agrarian Federation of Tessara_3_150,Agrarian Federation of Tessara,Agrarian Federation of Tessara_2_33,3,Agrarian Federation of Tessara commissions independent meteorological experts to validate its seasonal records.,True,1.0036710500717163,3.264055997133255,0.5282533168792725,0.46807563304901123
484,Agrarian Federation of Tessara_3_149,Agrarian Federation of Tessara,Agrarian Federation of Tessara_2_33,3,Agrarian Federation of Tessara identifies gaps in its existing atmospheric data coverage.,False,0.9521437287330627,3.2125286757946014,0.552636981010437,0.49521929025650024
485,Agrarian Federation of Tessara_4_503,Agrarian Federation of Tessara,Agrarian Federation of Tessara_3_149,4,Agrarian Federation of Tessara determines that its attribution case against Vireya is presently weakened.,True,1.1431445181369781,4.35567319393158,0.44416990876197815,0.4126855731010437
486,Agrarian Federation of Tessara_4_502,Agrarian Federation of Tessara,Agrarian Federation of Tessara_3_149,4,Agrarian Federation of Tessara identifies specific cloud corridor measurement points lacking historical baselines.,True,1.1504461169242859,4.362974792718887,0.45913270115852356,0.39042118191719055
487,Agrarian Federation of Tessara_4_501,Agrarian Federation of Tessara,Agrarian Federation of Tessara_3_149,4,Agrarian Federation of Tessara recognizes its evidentiary record is currently insufficient for formal dispute proceedings.,True,1.2777647078037262,4.490293383598328,0.43246060609817505,0.28977468609809875
488,Agrarian Federation of Tessara_4_500,Agrarian Federation of Tessara,Agrarian Federation of Tessara_3_149,4,Agrarian Federation of Tessara assesses whether third-party meteorological agencies can fill data gaps.,True,0.9018518924713135,4.114380568265915,0.5617438554763794,0.5364042520523071
489,Agrarian Federation of Tessara_4_499,Agrarian Federation of Tessara,Agrarian Federation of Tessara_3_149,4,Agrarian Federation of Tessara prioritizes acquiring additional atmospheric monitoring instrumentation.,True,0.9615247845649719,4.174053460359573,0.49575483798980713,0.542720377445221
490,Agrarian Federation of Tessara_2_32,Agrarian Federation of Tessara,Agrarian Federation of Tessara_1_1,2,Agrarian Federation of Tessara must identify a competent international dispute forum.,False,1.0900105237960815,2.213182181119919,0.44738316535949707,0.4626063108444214
491,Agrarian Federation of Tessara_3_137,Agrarian Federation of Tessara,Agrarian Federation of Tessara_2_32,3,Agrarian Federation of Tessara faces the constraint that no compulsory dispute mechanism exists among the three states.,True,1.142151266336441,3.35533344745636,0.4763479232788086,0.38150081038475037
492,Agrarian Federation of Tessara_3_136,Agrarian Federation of Tessara,Agrarian Federation of Tessara_2_32,3,Agrarian Federation of Tessara must determine whether customary international law on significant transboundary harm is justiciable in any accessible forum.,True,1.0395661294460297,3.2527483105659485,0.511487603187561,0.4489462673664093
493,Agrarian Federation of Tessara_3_135,Agrarian Federation of Tessara,Agrarian Federation of Tessara_2_32,3,Agrarian Federation of Tessara recognizes that the Meridian Declaration's non-binding status weakens its procedural standing before formal bodies.,True,1.1367566585540771,3.349938839673996,0.48966294527053833,0.3735803961753845
494,Agrarian Federation of Tessara_3_134,Agrarian Federation of Tessara,Agrarian Federation of Tessara_2_32,3,Agrarian Federation of Tessara must evaluate the International Court of Justice as a potential forum requiring Vireya's consent.,True,1.0431202054023743,3.256302386522293,0.4425737261772156,0.5143060684204102
495,Agrarian Federation of Tessara_3_133,Agrarian Federation of Tessara,Agrarian Federation of Tessara_2_32,3,Agrarian Federation of Tessara finds no dedicated international tribunal with clear jurisdiction over cloud-seeding or moisture capture disputes.,True,1.2588695287704468,3.4720517098903656,0.4128420948982239,0.32828837633132935
496,Agrarian Federation of Tessara_3_132,Agrarian Federation of Tessara,Agrarian Federation of Tessara_2_32,3,Agrarian Federation of Tessara must assess whether any binding multilateral treaty grants jurisdiction over transboundary atmospheric resource disputes.,False,0.9475430846214294,3.1607252657413483,0.5441881418228149,0.5082687735557556
497,Agrarian Federation of Tessara_4_423,Agrarian Federation of Tessara,Agrarian Federation of Tessara_3_132,4,Agrarian Federation of Tessara determines that no standing international court holds automatic jurisdiction.,True,1.3663877248764038,4.527112990617752,0.3605771064758301,0.2730351686477661
498,Agrarian Federation of Tessara_4_422,Agrarian Federation of Tessara,Agrarian Federation of Tessara_3_132,4,Agrarian Federation of Tessara must evaluate whether customary international law fills the jurisdictional void.,True,1.0120919942855835,4.172817260026932,0.504296064376831,0.48361194133758545
499,Agrarian Federation of Tessara_4_420,Agrarian Federation of Tessara,Agrarian Federation of Tessara_3_132,4,Agrarian Federation of Tessara finds no binding treaty covering transboundary atmospheric moisture capture.,True,1.1440044343471527,4.304729700088501,0.5082285404205322,0.34776702523231506
500,Coastal State of Ondrel_0_0,Coastal State of Ondrel,,0,"Ondrel demands strict performance of the contracted conduit volumes through the full term and an enforceable compensation formula for estuary salinity damage tied to measured river flow. It will not accept a Phase II design that diverts contracted export water to Vireya's reservoirs, and warns that collapsing Tessaran harvests would push migration into its port districts beyond what its housing and services can absorb. It conditions any continued conduit operation on these guarantees.",False,,0.0,1.0,0.6376428604125977
501,Coastal State of Ondrel_1_5,Coastal State of Ondrel,Coastal State of Ondrel_0_0,1,Coastal State of Ondrel requires measurable river flow data to enforce any salinity compensation claim.,False,0.8724412024021149,0.8724412024021149,0.6341339349746704,0.4934248626232147
502,Coastal State of Ondrel_2_13,Coastal State of Ondrel,Coastal State of Ondrel_1_5,2,Coastal State of Ondrel assesses its compensation claim as legally unenforceable under current data conditions.,False,1.2702089846134186,2.1426501870155334,0.4409746825695038,0.28881633281707764
503,Coastal State of Ondrel_3_115,Coastal State of Ondrel,Coastal State of Ondrel_2_13,3,Coastal State of Ondrel treats the unenforceability finding as weakening its conduit contract negotiating position.,False,1.0541600584983826,3.196810245513916,0.564073920249939,0.38176602125167847
504,Coastal State of Ondrel_4_453,Coastal State of Ondrel,Coastal State of Ondrel_3_115,4,Coastal State of Ondrel reassesses whether conduit operation remains economically advantageous under current terms.,True,0.955444723367691,4.152254968881607,0.5605549812316895,0.4840002954006195
505,Coastal State of Ondrel_4_452,Coastal State of Ondrel,Coastal State of Ondrel_3_115,4,Coastal State of Ondrel perceives its conduit contract as more vulnerable to Vireya's unilateral revision.,True,0.8924198150634766,4.089230060577393,0.568775475025177,0.5388047099113464
506,Coastal State of Ondrel_4_451,Coastal State of Ondrel,Coastal State of Ondrel_3_115,4,Coastal State of Ondrel prioritizes securing binding data-sharing provisions over compensation claims.,True,0.9953325390815735,4.1921427845954895,0.5522509813308716,0.45241647958755493
507,Coastal State of Ondrel_4_450,Coastal State of Ondrel,Coastal State of Ondrel_3_115,4,Coastal State of Ondrel moderates its contractual demands in anticipation of reduced leverage.,True,0.9717384576797485,4.1685487031936646,0.5443150997161865,0.48394644260406494
508,Coastal State of Ondrel_3_114,Coastal State of Ondrel,Coastal State of Ondrel_2_13,3,Coastal State of Ondrel recognizes it cannot trigger compensation mechanisms without independent flow monitoring.,False,0.9477745592594147,3.090424746274948,0.5810151100158691,0.4712103307247162
509,Coastal State of Ondrel_4_421,Coastal State of Ondrel,Coastal State of Ondrel_3_114,4,Coastal State of Ondrel views Phase II activation as premature without monitoring infrastructure in place.,True,1.09831503033638,4.188739776611328,0.40919095277786255,0.49249401688575745
510,Coastal State of Ondrel_4_420,Coastal State of Ondrel,Coastal State of Ondrel_3_114,4,Coastal State of Ondrel identifies independent monitoring as its immediate institutional gap.,True,1.1537636816501617,4.24418842792511,0.4466632902622223,0.39957302808761597
511,Coastal State of Ondrel_4_419,Coastal State of Ondrel,Coastal State of Ondrel_3_114,4,Coastal State of Ondrel assesses its current legal leverage over Vireya as insufficient.,True,1.0949625968933105,4.185387343168259,0.4698844850063324,0.43515291810035706
512,Coastal State of Ondrel_4_418,Coastal State of Ondrel,Coastal State of Ondrel_3_114,4,Coastal State of Ondrel prioritizes securing independent flow monitoring as a precondition.,True,0.8447039723396301,3.9351287186145782,0.5920831561088562,0.5632128715515137
513,Coastal State of Ondrel_3_113,Coastal State of Ondrel,Coastal State of Ondrel_2_13,3,Coastal State of Ondrel perceives its current legal leverage over Vireya as effectively nullified.,False,1.1149550676345825,3.257605254650116,0.46334075927734375,0.42170417308807373
514,Coastal State of Ondrel_4_463,Coastal State of Ondrel,Coastal State of Ondrel_3_113,4,Coastal State of Ondrel views unilateral conduit suspension as its strongest available threat.,True,1.1879745721817017,4.445579826831818,0.46166425943374634,0.350361168384552
515,Coastal State of Ondrel_4_462,Coastal State of Ondrel,Coastal State of Ondrel_3_113,4,Coastal State of Ondrel perceives data-sharing demands as its primary remaining leverage.,True,1.0244726538658142,4.28207790851593,0.46661680936813354,0.5089105367660522
516,Coastal State of Ondrel_4_461,Coastal State of Ondrel,Coastal State of Ondrel_3_113,4,Coastal State of Ondrel reassesses the conduit contract's continued operational value.,True,0.9028055667877197,4.160410821437836,0.6111602783203125,0.4860341548919678
517,Coastal State of Ondrel_4_460,Coastal State of Ondrel,Coastal State of Ondrel_3_113,4,Coastal State of Ondrel shifts focus toward non-legal pressure instruments.,True,1.2032460570335388,4.460851311683655,0.42925363779067993,0.36750030517578125
518,Coastal State of Ondrel_3_112,Coastal State of Ondrel,Coastal State of Ondrel_2_13,3,Coastal State of Ondrel identifies data-sharing agreements as a prerequisite to any enforceable claim.,False,1.012551873922348,3.1552020609378815,0.530506432056427,0.456941694021225
519,Coastal State of Ondrel_4_441,Coastal State of Ondrel,Coastal State of Ondrel_3_112,4,Coastal State of Ondrel prioritizes securing a joint monitoring framework above other demands.,True,0.9385603666305542,4.093762427568436,0.5411441326141357,0.5202955007553101
520,Coastal State of Ondrel_4_440,Coastal State of Ondrel,Coastal State of Ondrel_3_112,4,Coastal State of Ondrel assesses its current legal position as materially weakened.,True,1.2998946011066437,4.455096662044525,0.4144609868526459,0.28564441204071045
521,Coastal State of Ondrel_4_439,Coastal State of Ondrel,Coastal State of Ondrel_3_112,4,Coastal State of Ondrel withholds conduit operational cooperation pending data access.,True,1.185890644788742,4.3410927057266235,0.4659078121185303,0.34820154309272766
522,Coastal State of Ondrel_4_438,Coastal State of Ondrel,Coastal State of Ondrel_3_112,4,Coastal State of Ondrel makes data-sharing a non-negotiable condition of negotiations.,True,1.2037726938724518,4.358974754810333,0.42349448800086975,0.37273281812667847
523,Coastal State of Ondrel_2_12,Coastal State of Ondrel,Coastal State of Ondrel_1_5,2,Coastal State of Ondrel cannot quantify salinity damage without continuous upstream flow records.,False,1.0931396484375,1.9655808508396149,0.5291603207588196,0.3777000308036804
524,Coastal State of Ondrel_3_89,Coastal State of Ondrel,Coastal State of Ondrel_2_12,3,Coastal State of Ondrel cannot distinguish Array-caused salinity spikes from natural variation.,False,1.2500414550304413,3.215622305870056,0.3931286633014679,0.3568298816680908
525,Coastal State of Ondrel_4_456,Coastal State of Ondrel,Coastal State of Ondrel_3_89,4,Coastal State of Ondrel cannot trigger the compensation formula it demands in its conditions.,True,1.120285540819168,4.335907846689224,0.48563170433044434,0.3940827548503876
526,Coastal State of Ondrel_4_455,Coastal State of Ondrel,Coastal State of Ondrel_3_89,4,Coastal State of Ondrel's salinity damage claims remain legally unenforceable against Vireya.,True,1.1489735543727875,4.364595860242844,0.48025864362716675,0.3707678020000458
527,Coastal State of Ondrel_4_454,Coastal State of Ondrel,Coastal State of Ondrel_3_89,4,Coastal State of Ondrel cannot establish legal causation for its compensation claim.,True,1.4497128129005432,4.665335118770599,0.3411739766597748,0.209113210439682
528,Coastal State of Ondrel_3_88,Coastal State of Ondrel,Coastal State of Ondrel_2_12,3,Coastal State of Ondrel perceives its contracted protections as effectively unenforceable without flow data.,False,1.0603928565979004,3.0259737074375153,0.5530773401260376,0.386529803276062
529,Coastal State of Ondrel_4_364,Coastal State of Ondrel,Coastal State of Ondrel_3_88,4,Coastal State of Ondrel assesses its legal exposure to estuary damage as unquantifiable.,True,1.287204772233963,4.313178479671478,0.42420169711112976,0.2885935306549072
530,Coastal State of Ondrel_4_363,Coastal State of Ondrel,Coastal State of Ondrel_3_88,4,Coastal State of Ondrel identifies flow data access as a prerequisite for any continued cooperation.,True,0.9172099232673645,3.9431836307048798,0.5414284467697144,0.5413616299629211
531,Coastal State of Ondrel_4_362,Coastal State of Ondrel,Coastal State of Ondrel_3_88,4,Coastal State of Ondrel loses confidence in the transit contract as a protective instrument.,True,1.0488976836204529,4.074871391057968,0.5230154395103455,0.42808687686920166
532,Coastal State of Ondrel_4_361,Coastal State of Ondrel,Coastal State of Ondrel_3_88,4,Coastal State of Ondrel treats its contractual guarantees as practically void.,True,1.3549703359603882,4.380944043397903,0.4232047498226166,0.22182491421699524
533,Coastal State of Ondrel_3_87,Coastal State of Ondrel,Coastal State of Ondrel_2_12,3,Coastal State of Ondrel's legal standing for estuary damage claims remains unsubstantiated.,False,1.3358762860298157,3.3014571368694305,0.38797593116760254,0.2761477828025818
534,Coastal State of Ondrel_4_466,Coastal State of Ondrel,Coastal State of Ondrel_3_87,4,Coastal State of Ondrel perceives its bargaining leverage over Phase II activation as weakened.,True,1.116062730550766,4.4175198674201965,0.42252761125564575,0.46140965819358826
535,Coastal State of Ondrel_4_465,Coastal State of Ondrel,Coastal State of Ondrel_3_87,4,Coastal State of Ondrel's compensation demands lack enforceable legal basis in negotiations.,True,1.3674621433019638,4.668919280171394,0.3878786563873291,0.2446592003107071
536,Coastal State of Ondrel_4_464,Coastal State of Ondrel,Coastal State of Ondrel_3_87,4,Coastal State of Ondrel cannot credibly threaten litigation over estuary salinity damage.,True,1.1626412272453308,4.464098364114761,0.4925703704357147,0.34478840231895447
537,Coastal State of Ondrel_3_86,Coastal State of Ondrel,Coastal State of Ondrel_2_12,3,Coastal State of Ondrel cannot enforce its salinity compensation formula against Vireya.,False,1.0097035765647888,2.9752844274044037,0.5343572497367859,0.4559391736984253
538,Coastal State of Ondrel_4_327,Coastal State of Ondrel,Coastal State of Ondrel_3_86,4,Coastal State of Ondrel's conditioned continued conduit operation lacks a credible enforcement mechanism.,True,1.1070639491081238,4.0823483765125275,0.5301510095596313,0.3627850413322449
539,Coastal State of Ondrel_4_326,Coastal State of Ondrel,Coastal State of Ondrel_3_86,4,Coastal State of Ondrel cannot recover damages for estuarine aquaculture losses from Vireya.,True,1.0574618577957153,4.032746285200119,0.5055266618728638,0.4370114803314209
540,Coastal State of Ondrel_4_325,Coastal State of Ondrel,Coastal State of Ondrel_3_86,4,Coastal State of Ondrel perceives the salinity compensation clause as effectively unenforceable.,True,1.2047331929206848,4.1800176203250885,0.4854443669319153,0.3098224401473999
541,Coastal State of Ondrel_4_324,Coastal State of Ondrel,Coastal State of Ondrel_3_86,4,Coastal State of Ondrel loses its primary legal leverage over Vireya's Phase II operation.,True,1.018207848072052,3.9934922754764557,0.46903085708618164,0.5127612948417664
542,Coastal State of Ondrel_2_11,Coastal State of Ondrel,Coastal State of Ondrel_1_5,2,Coastal State of Ondrel identifies absence of a shared hydrological monitoring agreement as a critical gap.,False,1.0503431558609009,1.9227843582630157,0.5384340286254883,0.41122281551361084
543,Coastal State of Ondrel_3_81,Coastal State of Ondrel,Coastal State of Ondrel_2_11,3,Coastal State of Ondrel identifies need to formally demand a trilateral data-sharing instrument.,False,1.0064797699451447,2.9292641282081604,0.48596975207328796,0.5075504779815674
544,Coastal State of Ondrel_4_297,Coastal State of Ondrel,Coastal State of Ondrel_3_81,4,Coastal State of Ondrel determines the demand must precede Phase II energization.,True,0.9436960816383362,3.8729602098464966,0.4987780451774597,0.5575258731842041
545,Coastal State of Ondrel_4_296,Coastal State of Ondrel,Coastal State of Ondrel_3_81,4,Coastal State of Ondrel assesses its legal standing to compel Vireya's participation.,True,0.9467610120773315,3.876025140285492,0.5137314796447754,0.5395075082778931
546,Coastal State of Ondrel_4_295,Coastal State of Ondrel,Coastal State of Ondrel_3_81,4,Coastal State of Ondrel must identify which hydrological variables to mandate in the instrument.,True,0.8011890053749084,3.730453133583069,0.6064587831497192,0.5923522114753723
547,Coastal State of Ondrel_4_294,Coastal State of Ondrel,Coastal State of Ondrel_3_81,4,Coastal State of Ondrel must draft a formal trilateral data-sharing proposal.,True,1.1264889240264893,4.05575305223465,0.4334222078323364,0.4400888681411743
548,Coastal State of Ondrel_3_80,Coastal State of Ondrel,Coastal State of Ondrel_2_11,3,Coastal State of Ondrel assesses its legal position against Vireya as currently unenforceable.,False,1.1319823563098907,3.0547667145729065,0.4841528534889221,0.38386479020118713
549,Coastal State of Ondrel_4_394,Coastal State of Ondrel,Coastal State of Ondrel_3_80,4,Coastal State of Ondrel assesses conduit suspension as its primary available leverage.,True,0.9146112203598022,3.9693779349327087,0.5736335515975952,0.5117552280426025
550,Coastal State of Ondrel_4_393,Coastal State of Ondrel,Coastal State of Ondrel_3_80,4,Coastal State of Ondrel perceives its transit contract as its sole enforceable instrument.,True,1.0018413066864014,4.056608021259308,0.5938370823860168,0.4043216109275818
551,Coastal State of Ondrel_4_391,Coastal State of Ondrel,Coastal State of Ondrel_3_80,4,Coastal State of Ondrel recognizes it cannot compel Vireya to share hydrological data.,True,0.9475820660591125,4.002348780632019,0.5495083928108215,0.5029095411300659
552,Coastal State of Ondrel_3_79,Coastal State of Ondrel,Coastal State of Ondrel_2_11,3,Coastal State of Ondrel treats monitoring gap as a precondition blocking enforceable contract guarantees.,False,0.8044842481613159,2.7272686064243317,0.6752734184265137,0.5202423334121704
553,Coastal State of Ondrel_4_203,Coastal State of Ondrel,Coastal State of Ondrel_3_79,4,Coastal State of Ondrel conditions continued conduit operation on prior monitoring agreement.,True,0.8932578563690186,3.62052646279335,0.5995727777481079,0.5071693658828735
554,Coastal State of Ondrel_4_202,Coastal State of Ondrel,Coastal State of Ondrel_3_79,4,Coastal State of Ondrel assesses its salinity compensation claims as currently unenforceable.,True,1.1525126695632935,3.879781275987625,0.5110891461372375,0.336398184299469
555,Coastal State of Ondrel_4_201,Coastal State of Ondrel,Coastal State of Ondrel_3_79,4,Coastal State of Ondrel escalates the monitoring gap into an active negotiating demand.,True,0.9971810579299927,3.7244496643543243,0.5021165609359741,0.5007023811340332
556,Coastal State of Ondrel_4_200,Coastal State of Ondrel,Coastal State of Ondrel_3_79,4,Coastal State of Ondrel withholds formal contract guarantee acceptance pending monitoring resolution.,True,1.1061772108078003,3.833445817232132,0.5575110912322998,0.3363116979598999
557,Coastal State of Ondrel_3_78,Coastal State of Ondrel,Coastal State of Ondrel_2_11,3,Coastal State of Ondrel cannot substantiate salinity compensation claims without verified flow data.,False,1.0278932452201843,2.9506776034832,0.5716379284858704,0.4004688262939453
558,Coastal State of Ondrel_4_309,Coastal State of Ondrel,Coastal State of Ondrel_3_78,4,Coastal State of Ondrel recognizes its contractual leverage over Vireya is materially weakened.,True,1.0289742946624756,3.9796518981456757,0.5125352144241333,0.4584904909133911
559,Coastal State of Ondrel_4_308,Coastal State of Ondrel,Coastal State of Ondrel_3_78,4,Coastal State of Ondrel assesses its salinity damage claims as legally unactionable under current conditions.,True,1.1419983506202698,4.09267595410347,0.5195598602294922,0.33844178915023804
560,Coastal State of Ondrel_4_307,Coastal State of Ondrel,Coastal State of Ondrel_3_78,4,Coastal State of Ondrel cannot enforce its compensation formula against Vireya.,True,1.1115617752075195,4.06223937869072,0.4828956723213196,0.4055425524711609
561,Coastal State of Ondrel_2_10,Coastal State of Ondrel,Coastal State of Ondrel_1_5,2,Coastal State of Ondrel must establish baseline river flow measurements before Phase II activation.,False,0.8757069706916809,1.7481481730937958,0.5549502968788147,0.5693427324295044
562,Coastal State of Ondrel_3_45,Coastal State of Ondrel,Coastal State of Ondrel_2_10,3,Coastal State of Ondrel faces a binding time constraint tied to Vireya's announced dry-season activation date.,False,0.8163832426071167,2.5645314157009125,0.5610485672950745,0.6225681900978088
563,Coastal State of Ondrel_4_137,Coastal State of Ondrel,Coastal State of Ondrel_3_45,4,Coastal State of Ondrel must prioritize estuary instrumentation deployment above other port activities.,True,0.9959023594856262,3.5604337751865387,0.48964089155197144,0.5144567489624023
564,Coastal State of Ondrel_4_136,Coastal State of Ondrel,Coastal State of Ondrel_3_45,4,Coastal State of Ondrel risks lacking sufficient pre-activation flow measurements for legal standing.,True,0.974334716796875,3.5388661324977875,0.5573089122772217,0.4683563709259033
565,Coastal State of Ondrel_4_135,Coastal State of Ondrel,Coastal State of Ondrel_3_45,4,Coastal State of Ondrel perceives its baseline data window as critically compressed.,True,1.1619679927825928,3.7264994084835052,0.433390736579895,0.4046412706375122
566,Coastal State of Ondrel_4_134,Coastal State of Ondrel,Coastal State of Ondrel_3_45,4,Coastal State of Ondrel must mobilize hydrological monitoring resources immediately.,True,1.132314682006836,3.6968460977077484,0.47159260511398315,0.3960927128791809
567,Coastal State of Ondrel_3_44,Coastal State of Ondrel,Coastal State of Ondrel_2_10,3,Coastal State of Ondrel must record pre-Phase II salinity levels at the estuary mouth.,False,1.0256188809871674,2.773767054080963,0.48081010580062866,0.493571013212204
568,Coastal State of Ondrel_4_224,Coastal State of Ondrel,Coastal State of Ondrel_3_44,4,Coastal State of Ondrel must allocate resources to conduct pre-activation estuarine surveys.,True,0.9146978855133057,3.688464939594269,0.5177439451217651,0.5675581693649292
569,Coastal State of Ondrel_4_223,Coastal State of Ondrel,Coastal State of Ondrel_3_44,4,Coastal State of Ondrel must secure a reference dataset against which post-Phase II salinity is compared.,True,0.928763747215271,3.702530801296234,0.5321040153503418,0.5391322374343872
570,Coastal State of Ondrel_4_222,Coastal State of Ondrel,Coastal State of Ondrel_3_44,4,Coastal State of Ondrel must establish a documented salinity measurement protocol before Phase II.,True,0.9182677268981934,3.6920347809791565,0.5840688943862915,0.49766337871551514
571,Coastal State of Ondrel_4_221,Coastal State of Ondrel,Coastal State of Ondrel_3_44,4,Coastal State of Ondrel must deploy monitoring instruments at the estuary mouth.,True,0.9665786027908325,3.7403456568717957,0.5163065195083618,0.5171148777008057
572,Coastal State of Ondrel_3_43,Coastal State of Ondrel,Coastal State of Ondrel_2_10,3,Coastal State of Ondrel requires dedicated hydrological personnel to conduct baseline measurements.,False,1.0139511823654175,2.7620993554592133,0.5510488748550415,0.434999942779541
573,Coastal State of Ondrel_4_216,Coastal State of Ondrel,Coastal State of Ondrel_3_43,4,Coastal State of Ondrel must deploy personnel to river monitoring sites before Phase II activation.,True,0.9362860918045044,3.6983854472637177,0.5223575830459595,0.5413563251495361
574,Coastal State of Ondrel_4_215,Coastal State of Ondrel,Coastal State of Ondrel_3_43,4,Coastal State of Ondrel faces a staffing gap if domestic hydrological expertise is insufficient.,True,1.0680565536022186,3.830155909061432,0.5274701714515686,0.40447327494621277
575,Coastal State of Ondrel_4_214,Coastal State of Ondrel,Coastal State of Ondrel_3_43,4,Coastal State of Ondrel must identify qualified hydrologists within its existing workforce.,True,1.0644688308238983,3.8265681862831116,0.520927369594574,0.4146037995815277
576,Coastal State of Ondrel_4_213,Coastal State of Ondrel,Coastal State of Ondrel_3_43,4,Coastal State of Ondrel must allocate budget to recruit hydrological personnel.,True,1.0491397380828857,3.811239093542099,0.5211151838302612,0.429745078086853
577,Coastal State of Ondrel_3_42,Coastal State of Ondrel,Coastal State of Ondrel_2_10,3,Coastal State of Ondrel must deploy flow-monitoring stations along its river before Phase II.,False,0.7986336350440979,2.5467818081378937,0.6087660193443298,0.5926003456115723
578,Coastal State of Ondrel_4_124,Coastal State of Ondrel,Coastal State of Ondrel_3_42,4,Coastal State of Ondrel faces a time constraint imposed by Phase II's announced dry-season start.,True,0.9209942817687988,3.4677760899066925,0.5263944268226624,0.5526112914085388
579,Coastal State of Ondrel_4_123,Coastal State of Ondrel,Coastal State of Ondrel_3_42,4,Coastal State of Ondrel must establish a data-recording protocol before stations go live.,True,1.0549350678920746,3.6017168760299683,0.4961531162261963,0.4489118158817291
580,Coastal State of Ondrel_4_122,Coastal State of Ondrel,Coastal State of Ondrel_3_42,4,Coastal State of Ondrel must secure technical personnel to operate monitoring equipment.,True,0.9963032007217407,3.5430850088596344,0.5303884744644165,0.4733083248138428
581,Coastal State of Ondrel_4_121,Coastal State of Ondrel,Coastal State of Ondrel_3_42,4,Coastal State of Ondrel must identify specific river sites suitable for station placement.,True,1.0431315302848816,3.5899133384227753,0.5104221701622009,0.4464462995529175
582,Coastal State of Ondrel_4_120,Coastal State of Ondrel,Coastal State of Ondrel_3_42,4,Coastal State of Ondrel must allocate budget for flow-monitoring station procurement.,True,0.9549895524978638,3.5017713606357574,0.5694156885147095,0.47559475898742676
583,Coastal State of Ondrel_1_4,Coastal State of Ondrel,Coastal State of Ondrel_0_0,1,Coastal State of Ondrel links Tessaran harvest failure directly to its own migration absorption risk.,False,0.9319880604743958,0.9319880604743958,0.541914701461792,0.5260972380638123
584,Coastal State of Ondrel_2_21,Coastal State of Ondrel,Coastal State of Ondrel_1_4,2,Coastal State of Ondrel frames Tessaran harvest failure as a cost externalized onto its own public services budget.,False,0.984795093536377,1.9167831540107727,0.5192961692810059,0.4959087371826172
585,Coastal State of Ondrel_3_77,Coastal State of Ondrel,Coastal State of Ondrel_2_21,3,Coastal State of Ondrel conditions conduit cooperation on upstream mitigation of its migration burden.,False,0.9024530053138733,2.819236159324646,0.5400465726852417,0.557500422000885
586,Coastal State of Ondrel_4_242,Coastal State of Ondrel,Coastal State of Ondrel_3_77,4,Coastal State of Ondrel assesses that Vireya must address Tessaran harvests to retain conduit access.,False,0.6290833353996277,3.4483194947242737,0.6677519679069519,0.7031646966934204
587,Coastal State of Ondrel_5_514,Coastal State of Ondrel,Coastal State of Ondrel_4_242,5,Coastal State of Ondrel positions itself as an indirect guarantor of Tessaran food security outcomes.,True,0.8469493985176086,4.295268893241882,0.5396350026130676,0.6134155988693237
588,Coastal State of Ondrel_5_513,Coastal State of Ondrel,Coastal State of Ondrel_4_242,5,Coastal State of Ondrel links its conduit cooperation explicitly to Vireya's upstream agricultural mitigation commitments.,True,0.8077574968338013,4.256076991558075,0.5992802977561951,0.5929622054100037
589,Coastal State of Ondrel_5_512,Coastal State of Ondrel,Coastal State of Ondrel_4_242,5,Coastal State of Ondrel perceives Vireya's Phase II activation as a direct threat to conduit continuity.,True,0.9021041393280029,4.350423634052277,0.5183601379394531,0.579535722732544
590,Coastal State of Ondrel_5_511,Coastal State of Ondrel,Coastal State of Ondrel_4_242,5,Coastal State of Ondrel treats Tessaran harvest outcomes as a conduit negotiation variable.,True,0.7029496431350708,4.1512691378593445,0.6403599381446838,0.6566904187202454
591,Coastal State of Ondrel_4_241,Coastal State of Ondrel,Coastal State of Ondrel_3_77,4,Coastal State of Ondrel perceives its conduit contract as insufficient without migration relief clauses.,True,0.957255482673645,3.776491641998291,0.5932688117027283,0.4494757056236267
592,Coastal State of Ondrel_4_240,Coastal State of Ondrel,Coastal State of Ondrel_3_77,4,Coastal State of Ondrel formally links migration burden metrics to conduit compliance thresholds.,True,0.9177413880825043,3.7369775474071503,0.5914382934570312,0.4908203184604645
593,Coastal State of Ondrel_4_239,Coastal State of Ondrel,Coastal State of Ondrel_3_77,4,Coastal State of Ondrel signals willingness to suspend conduit services absent upstream commitments.,True,1.0226569771766663,3.8418931365013123,0.5456469655036926,0.4316960573196411
594,Coastal State of Ondrel_3_76,Coastal State of Ondrel,Coastal State of Ondrel_2_21,3,Coastal State of Ondrel treats Phase II activation as a direct threat to its public budget balance.,False,1.172631949186325,3.089415103197098,0.3988233804702759,0.42854467034339905
595,Coastal State of Ondrel_4_417,Coastal State of Ondrel,Coastal State of Ondrel_3_76,4,Coastal State of Ondrel seeks legal review of the transit contract's force-majeure provisions.,True,1.021989494562149,4.111404597759247,0.5733159184455872,0.4046945869922638
596,Coastal State of Ondrel_4_416,Coastal State of Ondrel,Coastal State of Ondrel_3_76,4,Coastal State of Ondrel conditions continued conduit operation on Phase II delay.,True,1.023820847272873,4.113235950469971,0.49985674023628235,0.4763224124908447
597,Coastal State of Ondrel_4_415,Coastal State of Ondrel,Coastal State of Ondrel_3_76,4,Coastal State of Ondrel begins quantifying projected migration-related service expenditures.,True,1.1233940720558167,4.212809175252914,0.42004916071891785,0.4565567672252655
598,Coastal State of Ondrel_4_414,Coastal State of Ondrel,Coastal State of Ondrel_3_76,4,Coastal State of Ondrel escalates Phase II opposition to a formal diplomatic objection.,True,1.3190204799175262,4.408435583114624,0.3322101831436157,0.34876933693885803
599,Coastal State of Ondrel_3_75,Coastal State of Ondrel,Coastal State of Ondrel_2_21,3,Coastal State of Ondrel calculates Tessaran harvest failure as a line-item fiscal liability.,False,0.9493795037269592,2.866162657737732,0.5673516988754272,0.4832687973976135
600,Coastal State of Ondrel_4_275,Coastal State of Ondrel,Coastal State of Ondrel_3_75,4,Coastal State of Ondrel assigns a monetary threshold beyond which conduit cooperation becomes fiscally untenable.,True,1.089423805475235,3.955586463212967,0.5064597129821777,0.4041164815425873
601,Coastal State of Ondrel_4_274,Coastal State of Ondrel,Coastal State of Ondrel_3_75,4,Coastal State of Ondrel seeks quantifiable indemnification from Vireya for Tessara-linked service expenditures.,True,0.786184549331665,3.652347207069397,0.6130784153938293,0.6007370352745056
602,Coastal State of Ondrel_4_273,Coastal State of Ondrel,Coastal State of Ondrel_3_75,4,Coastal State of Ondrel incorporates projected migration costs into its Phase II negotiating demands.,True,0.9984288215637207,3.8645914793014526,0.49927783012390137,0.5022933483123779
603,Coastal State of Ondrel_3_74,Coastal State of Ondrel,Coastal State of Ondrel_2_21,3,Coastal State of Ondrel seeks quantifiable reimbursement from Vireya for migration-related service costs.,False,0.9456784725189209,2.8624616265296936,0.5271012783050537,0.5272202491760254
604,Coastal State of Ondrel_4_272,Coastal State of Ondrel,Coastal State of Ondrel_3_74,4,Coastal State of Ondrel perceives Vireya's likely rejection of migration liability as a negotiating impasse.,True,1.0602352023124695,3.922696828842163,0.5004578828811646,0.43930691480636597
605,Coastal State of Ondrel_4_271,Coastal State of Ondrel,Coastal State of Ondrel_3_74,4,Coastal State of Ondrel treats the reimbursement demand as a formal precondition to conduit contract renewal.,True,0.9599991738796234,3.822460800409317,0.58564692735672,0.4543538987636566
606,Coastal State of Ondrel_4_270,Coastal State of Ondrel,Coastal State of Ondrel_3_74,4,Coastal State of Ondrel requires documented per-migrant service cost data to substantiate its reimbursement claim.,True,1.1697975993156433,4.032259225845337,0.4425985813140869,0.3876038193702698
607,Coastal State of Ondrel_4_269,Coastal State of Ondrel,Coastal State of Ondrel_3_74,4,Coastal State of Ondrel must establish a causal accounting methodology linking Array operation to migration volumes.,True,0.9850095510482788,3.8474711775779724,0.5189112424850464,0.4960792064666748
608,Coastal State of Ondrel_2_20,Coastal State of Ondrel,Coastal State of Ondrel_1_4,2,Coastal State of Ondrel assesses its migration absorption capacity as a binding constraint on any acceptable Phase II governance arrangement.,False,0.803196907043457,1.7351849675178528,0.6079946756362915,0.5888084173202515
609,Coastal State of Ondrel_3_37,Coastal State of Ondrel,Coastal State of Ondrel_2_20,3,Coastal State of Ondrel demands Tessaran rainfall impact data as a precondition for Phase II consent.,False,0.7639076113700867,2.4990925788879395,0.5936772227287292,0.6424151659011841
610,Coastal State of Ondrel_4_119,Coastal State of Ondrel,Coastal State of Ondrel_3_37,4,Coastal State of Ondrel positions itself as a required party to any atmospheric monitoring arrangement among the three states.,True,0.9606339335441589,3.4597265124320984,0.48682481050491333,0.5525412559509277
611,Coastal State of Ondrel_4_118,Coastal State of Ondrel,Coastal State of Ondrel_3_37,4,Coastal State of Ondrel identifies a data-sharing obligation as a necessary term of any Phase II agreement.,False,0.9103155732154846,3.409408152103424,0.5507620573043823,0.5389223694801331
612,Coastal State of Ondrel_5_497,Coastal State of Ondrel,Coastal State of Ondrel_4_118,5,Coastal State of Ondrel assesses any Phase II proposal lacking data-sharing as procedurally incomplete.,True,1.1737009286880493,4.583109080791473,0.4114956259727478,0.4148034453392029
613,Coastal State of Ondrel_5_496,Coastal State of Ondrel,Coastal State of Ondrel_4_118,5,Coastal State of Ondrel requires a defined data-sharing mechanism before conduit operation continues.,True,0.7860081791877747,4.195416331291199,0.627352774143219,0.5866390466690063
614,Coastal State of Ondrel_5_495,Coastal State of Ondrel,Coastal State of Ondrel_4_118,5,"Coastal State of Ondrel frames data-sharing as a non-negotiable precondition, not a concession.",True,1.1050935089588165,4.514501661062241,0.4688410460948944,0.42606544494628906
615,Coastal State of Ondrel_5_494,Coastal State of Ondrel,Coastal State of Ondrel_4_118,5,Coastal State of Ondrel treats absence of data-sharing terms as grounds to withhold Phase II consent.,True,1.1411190927028656,4.55052724480629,0.4626155495643616,0.3962653577327728
616,Coastal State of Ondrel_4_117,Coastal State of Ondrel,Coastal State of Ondrel_3_37,4,Coastal State of Ondrel treats absence of Tessaran data as confirmation of unacceptable migration risk.,True,1.063776969909668,3.5628695487976074,0.4963814914226532,0.43984153866767883
617,Coastal State of Ondrel_4_116,Coastal State of Ondrel,Coastal State of Ondrel_3_37,4,Coastal State of Ondrel withholds Phase II consent pending receipt of rainfall impact data.,True,1.0629657804965973,3.5620583593845367,0.4913467764854431,0.4456874430179596
618,Coastal State of Ondrel_3_36,Coastal State of Ondrel,Coastal State of Ondrel_2_20,3,Coastal State of Ondrel links its conduit cooperation directly to Tessaran harvest outcome projections.,False,0.841699481010437,2.57688444852829,0.5648327469825745,0.5934677720069885
619,Coastal State of Ondrel_4_145,Coastal State of Ondrel,Coastal State of Ondrel_3_36,4,Coastal State of Ondrel perceives any harvest projection gap as a direct threat to its port district stability.,True,1.0517771244049072,3.628661572933197,0.5128458738327026,0.43537700176239014
620,Coastal State of Ondrel_4_144,Coastal State of Ondrel,Coastal State of Ondrel_3_36,4,Coastal State of Ondrel conditions Phase II consent on third-party agricultural monitoring mechanisms.,False,0.7515261173248291,3.328410565853119,0.6041367053985596,0.6443371772766113
621,Coastal State of Ondrel_5_477,Coastal State of Ondrel,Coastal State of Ondrel_4_144,5,Coastal State of Ondrel elevates agricultural data access to a formal negotiating precondition.,True,0.8721784949302673,4.200589060783386,0.5280206203460693,0.5998008847236633
622,Coastal State of Ondrel_5_476,Coastal State of Ondrel,Coastal State of Ondrel_4_144,5,Coastal State of Ondrel identifies no currently existing third-party monitoring institution as adequate.,True,1.3981000781059265,4.726510643959045,0.3457639217376709,0.2561360001564026
623,Coastal State of Ondrel_5_475,Coastal State of Ondrel,Coastal State of Ondrel_4_144,5,Coastal State of Ondrel treats absence of monitoring as grounds to withhold conduit cooperation.,True,1.1666403114795685,4.495050877332687,0.48702356219291687,0.34633612632751465
624,Coastal State of Ondrel_5_474,Coastal State of Ondrel,Coastal State of Ondrel_4_144,5,Coastal State of Ondrel requires an independent body to verify Tessaran harvest data.,True,0.8704020380973816,4.1988126039505005,0.5579359531402588,0.5716620087623596
625,Coastal State of Ondrel_4_143,Coastal State of Ondrel,Coastal State of Ondrel_3_36,4,Coastal State of Ondrel treats unfavorable harvest projections as grounds to suspend conduit services.,True,0.9607813954353333,3.537665843963623,0.5688749551773071,0.4703436493873596
626,Coastal State of Ondrel_4_142,Coastal State of Ondrel,Coastal State of Ondrel_3_36,4,Coastal State of Ondrel requires access to Tessaran harvest forecast data.,False,0.8101798892021179,3.3870643377304077,0.5501778721809387,0.6396422386169434
627,Coastal State of Ondrel_5_493,Coastal State of Ondrel,Coastal State of Ondrel_4_142,5,Coastal State of Ondrel assesses its own information gaps as a material risk to conduit planning.,True,0.9862837493419647,4.373348087072372,0.5279719233512878,0.48574432730674744
628,Coastal State of Ondrel_5_492,Coastal State of Ondrel,Coastal State of Ondrel_4_142,5,Coastal State of Ondrel identifies Tessara as a necessary party to any Phase II governance arrangement.,True,0.8007329702377319,4.18779730796814,0.5778478384017944,0.6214191913604736
629,Coastal State of Ondrel_5_491,Coastal State of Ondrel,Coastal State of Ondrel_4_142,5,Coastal State of Ondrel treats absence of harvest data as grounds to withhold conduit cooperation.,True,1.0789915323257446,4.466055870056152,0.50870680809021,0.4123016595840454
630,Coastal State of Ondrel_5_490,Coastal State of Ondrel,Coastal State of Ondrel_4_142,5,Coastal State of Ondrel must negotiate data-sharing terms with Tessara.,True,0.7663586139678955,4.153422951698303,0.6134153604507446,0.6202260255813599
631,Coastal State of Ondrel_3_35,Coastal State of Ondrel,Coastal State of Ondrel_2_20,3,Coastal State of Ondrel treats any arrangement silent on migration as automatically unacceptable.,False,1.3831161856651306,3.1183011531829834,0.3883053660392761,0.22857844829559326
632,Coastal State of Ondrel_4_433,Coastal State of Ondrel,Coastal State of Ondrel_3_35,4,Coastal State of Ondrel withholds conduit operational cooperation pending migration language inclusion.,True,1.1605550050735474,4.278856158256531,0.5042288899421692,0.33521610498428345
633,Coastal State of Ondrel_4_432,Coastal State of Ondrel,Coastal State of Ondrel_3_35,4,Coastal State of Ondrel identifies migration silence as a dealbreaker in conduit renegotiation.,True,1.2079681754112244,4.326269328594208,0.4393383860588074,0.35269343852996826
634,Coastal State of Ondrel_4_431,Coastal State of Ondrel,Coastal State of Ondrel_3_35,4,Coastal State of Ondrel rejects any Phase II governance draft lacking explicit migration provisions.,True,1.3039926290512085,4.422293782234192,0.40818023681640625,0.28782713413238525
635,Coastal State of Ondrel_3_34,Coastal State of Ondrel,Coastal State of Ondrel_2_20,3,Coastal State of Ondrel requires Phase II governance proposals to include quantified migrant intake thresholds.,False,0.8851562738418579,2.6203412413597107,0.5514175891876221,0.56342613697052
636,Coastal State of Ondrel_4_161,Coastal State of Ondrel,Coastal State of Ondrel_3_34,4,Coastal State of Ondrel requires Tessaran harvest data to calibrate its intake thresholds.,False,0.7308076024055481,3.351148843765259,0.6034511923789978,0.6657412052154541
637,Coastal State of Ondrel_5_485,Coastal State of Ondrel,Coastal State of Ondrel_4_161,5,Coastal State of Ondrel identifies Tessaran harvest reporting as a prerequisite condition.,True,0.7858352661132812,4.13698410987854,0.5909587144851685,0.6232060194015503
638,Coastal State of Ondrel_5_484,Coastal State of Ondrel,Coastal State of Ondrel_4_161,5,Coastal State of Ondrel cannot finalize its intake thresholds without Tessaran cooperation.,True,0.7779064774513245,4.129055321216583,0.6566258668899536,0.5654676556587219
639,Coastal State of Ondrel_5_483,Coastal State of Ondrel,Coastal State of Ondrel_4_161,5,Coastal State of Ondrel depends on Tessara's willingness to share agricultural statistics.,True,0.8162419199943542,4.167390763759613,0.5341470241546631,0.6496110558509827
640,Coastal State of Ondrel_5_482,Coastal State of Ondrel,Coastal State of Ondrel_4_161,5,Coastal State of Ondrel must formally request Tessaran harvest yield data.,True,0.8303322196006775,4.181481063365936,0.5909885764122009,0.5786792039871216
641,Coastal State of Ondrel_4_160,Coastal State of Ondrel,Coastal State of Ondrel_3_34,4,Coastal State of Ondrel treats migration thresholds as a formal negotiating precondition.,True,1.0213795006275177,3.6417207419872284,0.5281088352203369,0.4505116641521454
642,Coastal State of Ondrel_4_159,Coastal State of Ondrel,Coastal State of Ondrel_3_34,4,Coastal State of Ondrel links conduit operation continuance to harvest-outcome metrics.,False,0.805086076259613,3.4254273176193237,0.6143729090690613,0.5805410146713257
643,Coastal State of Ondrel_5_501,Coastal State of Ondrel,Coastal State of Ondrel_4_159,5,Coastal State of Ondrel assesses current harvest metrics as insufficient for contractual enforcement.,True,1.1210177540779114,4.546445071697235,0.48206576704978943,0.3969164788722992
644,Coastal State of Ondrel_5_500,Coastal State of Ondrel,Coastal State of Ondrel_4_159,5,Coastal State of Ondrel perceives its conduit leverage as contingent on agricultural monitoring.,True,0.7410726547241211,4.166499972343445,0.6084786057472229,0.650448739528656
645,Coastal State of Ondrel_5_499,Coastal State of Ondrel,Coastal State of Ondrel_4_159,5,Coastal State of Ondrel requires verifiable Tessaran harvest data in conduit agreements.,True,0.6660107374191284,4.091438055038452,0.6849396228790283,0.6490496397018433
646,Coastal State of Ondrel_5_498,Coastal State of Ondrel,Coastal State of Ondrel_4_159,5,Coastal State of Ondrel treats below-threshold harvests as conduit suspension triggers.,True,0.898414671421051,4.323841989040375,0.5659140944480896,0.5356712341308594
647,Coastal State of Ondrel_4_158,Coastal State of Ondrel,Coastal State of Ondrel_3_34,4,Coastal State of Ondrel must define measurable migrant intake thresholds numerically.,True,0.9635864794254303,3.583927720785141,0.5444271564483643,0.49198636412620544
648,Coastal State of Ondrel_2_19,Coastal State of Ondrel,Coastal State of Ondrel_1_4,2,Coastal State of Ondrel perceives Phase II activation as a compound threat to both its conduit revenues and its port district stability.,False,0.9178849458694458,1.8498730063438416,0.530887246131897,0.5512278079986572
649,Coastal State of Ondrel_3_59,Coastal State of Ondrel,Coastal State of Ondrel_2_19,3,Coastal State of Ondrel treats the two threats as legally and politically inseparable demands.,False,1.3170717060565948,3.1669447124004364,0.39528021216392517,0.28764808177948
650,Coastal State of Ondrel_4_445,Coastal State of Ondrel,Coastal State of Ondrel_3_59,4,Coastal State of Ondrel requires a single binding instrument covering both conduit volumes and harvest-linked migration thresholds.,True,0.8652299642562866,4.032174676656723,0.6176926493644714,0.5170773863792419
651,Coastal State of Ondrel_4_444,Coastal State of Ondrel,Coastal State of Ondrel_3_59,4,Coastal State of Ondrel cannot accept partial agreements addressing only one of the two linked threats.,True,1.1238924860954285,4.290837198495865,0.5061416625976562,0.3699658513069153
652,Coastal State of Ondrel_4_443,Coastal State of Ondrel,Coastal State of Ondrel_3_59,4,Coastal State of Ondrel conditions any Phase II consent on simultaneous resolution of both revenue and labor absorption risks.,True,0.8467862010002136,4.01373091340065,0.6103721857070923,0.5428416132926941
653,Coastal State of Ondrel_4_442,Coastal State of Ondrel,Coastal State of Ondrel_3_59,4,Coastal State of Ondrel refuses to negotiate conduit terms separately from migration burden guarantees.,True,1.2081727385520935,4.37511745095253,0.5079922676086426,0.2838349938392639
654,Coastal State of Ondrel_3_58,Coastal State of Ondrel,Coastal State of Ondrel_2_19,3,Coastal State of Ondrel assesses its port districts' current migrant absorption capacity.,False,1.0609806776046753,2.910853683948517,0.48916739225387573,0.449851930141449
655,Coastal State of Ondrel_4_284,Coastal State of Ondrel,Coastal State of Ondrel_3_58,4,Coastal State of Ondrel calculates the fiscal cost of migrant absorption against conduit revenue projections.,True,1.1206758618354797,4.031529545783997,0.4469760060310364,0.4323481321334839
656,Coastal State of Ondrel_4_283,Coastal State of Ondrel,Coastal State of Ondrel_3_58,4,Coastal State of Ondrel determines whether existing housing stock can absorb additional Tessaran laborers.,True,0.9618844985961914,3.8727381825447083,0.5260316133499146,0.512083888053894
657,Coastal State of Ondrel_4_282,Coastal State of Ondrel,Coastal State of Ondrel_3_58,4,Coastal State of Ondrel quantifies the gap between current capacity and projected Phase II migration inflows.,True,0.9481334984302521,3.858987182378769,0.4982167184352875,0.5536497831344604
658,Coastal State of Ondrel_4_281,Coastal State of Ondrel,Coastal State of Ondrel_3_58,4,Coastal State of Ondrel identifies specific thresholds beyond which port district services become strained.,True,0.961712121963501,3.872565805912018,0.5745744705200195,0.4637134075164795
659,Coastal State of Ondrel_3_57,Coastal State of Ondrel,Coastal State of Ondrel_2_19,3,Coastal State of Ondrel begins contingency planning for reduced conduit revenue flows.,False,0.9697816669940948,2.8196546733379364,0.5343751907348633,0.49584314227104187
660,Coastal State of Ondrel_4_246,Coastal State of Ondrel,Coastal State of Ondrel_3_57,4,Coastal State of Ondrel reduces forward budget allocations dependent on conduit transit fees.,True,1.1089816391468048,3.928636312484741,0.48588183522224426,0.4051365256309509
661,Coastal State of Ondrel_4_245,Coastal State of Ondrel,Coastal State of Ondrel_3_57,4,Coastal State of Ondrel begins evaluating the legal enforceability of its transit contract with Vireya.,True,0.7739968299865723,3.5936515033245087,0.644608736038208,0.5813944339752197
662,Coastal State of Ondrel_4_244,Coastal State of Ondrel,Coastal State of Ondrel_3_57,4,Coastal State of Ondrel reassesses its fiscal commitments tied to conduit income projections.,True,1.1233791708946228,3.943033844232559,0.45973631739616394,0.41688451170921326
663,Coastal State of Ondrel_4_243,Coastal State of Ondrel,Coastal State of Ondrel_3_57,4,Coastal State of Ondrel identifies alternative port revenue streams to offset projected conduit shortfalls.,True,1.018455982208252,3.8381106555461884,0.5206645131111145,0.46087950468063354
664,Coastal State of Ondrel_3_56,Coastal State of Ondrel,Coastal State of Ondrel_2_19,3,Coastal State of Ondrel elevates Phase II to a formal diplomatic priority.,False,1.2338023781776428,3.0836753845214844,0.32563692331314087,0.4405606985092163
665,Coastal State of Ondrel_4_409,Coastal State of Ondrel,Coastal State of Ondrel_3_56,4,Coastal State of Ondrel commissions its own hydrological assessment of Phase II's river flow impact.,True,0.9064183235168457,3.99009370803833,0.5684982538223267,0.5250834226608276
666,Coastal State of Ondrel_4_408,Coastal State of Ondrel,Coastal State of Ondrel_3_56,4,Coastal State of Ondrel seeks to coordinate its Phase II position with Tessara's grievances.,True,0.7995582818984985,3.883233666419983,0.5557441711425781,0.6446975469589233
667,Coastal State of Ondrel_4_407,Coastal State of Ondrel,Coastal State of Ondrel_3_56,4,Coastal State of Ondrel begins assembling legal documentation supporting its contracted conduit volume claims.,True,0.9764305055141449,4.060105890035629,0.5832815766334534,0.44028791785240173
668,Coastal State of Ondrel_4_406,Coastal State of Ondrel,Coastal State of Ondrel_3_56,4,Coastal State of Ondrel formally communicates its Phase II objections to Vireya through official channels.,True,1.0010250806808472,4.0847004652023315,0.5109553337097168,0.48801958560943604
669,Coastal State of Ondrel_4_405,Coastal State of Ondrel,Coastal State of Ondrel_3_56,4,Coastal State of Ondrel allocates dedicated diplomatic personnel to Phase II negotiations.,True,1.2339731454849243,4.317648530006409,0.3451693058013916,0.4208575487136841
670,Coastal State of Ondrel_2_18,Coastal State of Ondrel,Coastal State of Ondrel_1_4,2,Coastal State of Ondrel treats Tessaran agricultural conditions as a domestic infrastructure and services planning variable.,False,0.8102154731750488,1.7422035336494446,0.57192063331604,0.6178638935089111
671,Coastal State of Ondrel_3_41,Coastal State of Ondrel,Coastal State of Ondrel_2_18,3,Coastal State of Ondrel treats Phase II activation timing as a trigger variable for domestic service demand projections.,False,0.9766765832901001,2.7188801169395447,0.44121116399765015,0.5821122527122498
672,Coastal State of Ondrel_4_195,Coastal State of Ondrel,Coastal State of Ondrel_3_41,4,Coastal State of Ondrel requires advance notice of Phase II timing from Vireya as an operational planning input.,True,0.8831078410148621,3.6019879579544067,0.490043044090271,0.6268491148948669
673,Coastal State of Ondrel_4_194,Coastal State of Ondrel,Coastal State of Ondrel_3_41,4,Coastal State of Ondrel flags Phase II activation as a formal contingency event in labor absorption planning.,True,1.042935848236084,3.7618159651756287,0.4629959464073181,0.4940682053565979
674,Coastal State of Ondrel_4_193,Coastal State of Ondrel,Coastal State of Ondrel_3_41,4,Coastal State of Ondrel conditions port district service budgets on Phase II scheduled energization timeline.,True,0.9955000877380371,3.714380204677582,0.5116739273071289,0.492825984954834
675,Coastal State of Ondrel_4_192,Coastal State of Ondrel,Coastal State of Ondrel_3_41,4,Coastal State of Ondrel incorporates Phase II activation date into municipal housing capacity forecasts.,True,1.1067137122154236,3.8255938291549683,0.39180976152420044,0.501476526260376
676,Coastal State of Ondrel_3_40,Coastal State of Ondrel,Coastal State of Ondrel_2_18,3,Coastal State of Ondrel calculates Tessaran crop failure probability when budgeting municipal housing and services.,False,0.9106615781784058,2.6528651118278503,0.5501034259796143,0.53923499584198
677,Coastal State of Ondrel_4_171,Coastal State of Ondrel,Coastal State of Ondrel_3_40,4,Coastal State of Ondrel formally monitors Tessaran meteorological and crop yield data as a planning input.,False,0.7836275696754456,3.436492681503296,0.5621317625045776,0.6542406678199768
678,Coastal State of Ondrel_5_505,Coastal State of Ondrel,Coastal State of Ondrel_4_171,5,Coastal State of Ondrel generates internal forecasts of seasonal migration volume tied to crop data.,True,0.9977847635746002,4.434277445077896,0.45992299914360046,0.5422922372817993
679,Coastal State of Ondrel_5_504,Coastal State of Ondrel,Coastal State of Ondrel_4_171,5,Coastal State of Ondrel identifies statistical correlations between Tessaran yield shortfalls and inbound labor flows.,True,0.8568761944770813,4.293368875980377,0.6040335297584534,0.5390902757644653
680,Coastal State of Ondrel_5_502,Coastal State of Ondrel,Coastal State of Ondrel_4_171,5,Coastal State of Ondrel develops early-warning thresholds triggering municipal service pre-allocation.,True,1.0195410251617432,4.456033706665039,0.48210957646369934,0.4983493983745575
681,Coastal State of Ondrel_4_170,Coastal State of Ondrel,Coastal State of Ondrel_3_40,4,Coastal State of Ondrel treats Cirrus Array expansion as a direct municipal fiscal liability.,True,0.9631085097789764,3.615973621606827,0.49230656027793884,0.5445849299430847
682,Coastal State of Ondrel_4_169,Coastal State of Ondrel,Coastal State of Ondrel_3_40,4,Coastal State of Ondrel develops contingency service capacity thresholds tied to agricultural risk indices.,True,0.8342437744140625,3.487108886241913,0.5740619897842407,0.5916942358016968
683,Coastal State of Ondrel_4_168,Coastal State of Ondrel,Coastal State of Ondrel_3_40,4,Coastal State of Ondrel incorporates Tessaran harvest forecasts into annual municipal budget cycles.,True,0.8370972275733948,3.489962339401245,0.5408838391304016,0.6220189332962036
684,Coastal State of Ondrel_3_39,Coastal State of Ondrel,Coastal State of Ondrel_2_18,3,Coastal State of Ondrel monitors Tessaran agricultural indicators as early-warning signals for migration surges.,False,0.8776105642318726,2.619814097881317,0.5270988941192627,0.5952905416488647
685,Coastal State of Ondrel_4_157,Coastal State of Ondrel,Coastal State of Ondrel_3_39,4,Coastal State of Ondrel allocates administrative resources to track Tessaran harvest data.,True,0.8477970361709595,3.4676111340522766,0.5372700691223145,0.6149328947067261
686,Coastal State of Ondrel_4_156,Coastal State of Ondrel,Coastal State of Ondrel_3_39,4,Coastal State of Ondrel identifies leading agricultural indicators triggering internal migration alerts.,True,0.9761770069599152,3.5959911048412323,0.48535510897636414,0.5384678840637207
687,Coastal State of Ondrel_4_155,Coastal State of Ondrel,Coastal State of Ondrel_3_39,4,Coastal State of Ondrel develops contingency capacity thresholds for port district services.,True,0.9905577600002289,3.610371857881546,0.5272895693778992,0.48215267062187195
688,Coastal State of Ondrel_3_38,Coastal State of Ondrel,Coastal State of Ondrel_2_18,3,Coastal State of Ondrel incorporates Tessaran harvest forecasts into its port district capacity planning.,False,0.8437789678573608,2.5859825015068054,0.5526576042175293,0.6035634279251099
689,Coastal State of Ondrel_4_149,Coastal State of Ondrel,Coastal State of Ondrel_3_38,4,Coastal State of Ondrel formally monitors Tessaran agricultural data as an input to its own municipal planning cycle.,False,0.777065634727478,3.3630481362342834,0.5614176988601685,0.6615166664123535
690,Coastal State of Ondrel_5_489,Coastal State of Ondrel,Coastal State of Ondrel_4_149,5,Coastal State of Ondrel establishes a formal data-sharing expectation toward Tessara as a planning dependency.,True,0.8101887106895447,4.173236846923828,0.5812436938285828,0.6085675954818726
691,Coastal State of Ondrel_5_488,Coastal State of Ondrel,Coastal State of Ondrel_4_149,5,Coastal State of Ondrel allocates budget lines to acquiring and processing Tessaran harvest data.,True,0.8130873441696167,4.1761354804039,0.5687834024429321,0.6181292533874512
692,Coastal State of Ondrel_5_487,Coastal State of Ondrel,Coastal State of Ondrel_4_149,5,Coastal State of Ondrel identifies statistical thresholds in Tessaran yield data triggering municipal contingency protocols.,True,0.780271589756012,4.143319725990295,0.6204932332038879,0.5992351770401001
693,Coastal State of Ondrel_5_486,Coastal State of Ondrel,Coastal State of Ondrel_4_149,5,Coastal State of Ondrel develops institutional capacity to interpret foreign agricultural indicators.,True,0.9570499062538147,4.320098042488098,0.4775685667991638,0.5653815269470215
694,Coastal State of Ondrel_4_148,Coastal State of Ondrel,Coastal State of Ondrel_3_38,4,Coastal State of Ondrel treats poor Tessaran harvest forecasts as early warning triggers for infrastructure strain.,True,0.9077862501144409,3.4937687516212463,0.5493946075439453,0.5428191423416138
695,Coastal State of Ondrel_4_147,Coastal State of Ondrel,Coastal State of Ondrel_3_38,4,Coastal State of Ondrel adjusts port district social service budgets in anticipation of harvest-driven migration surges.,True,1.143754482269287,3.7297369837760925,0.4430593252182007,0.4131861925125122
696,Coastal State of Ondrel_4_146,Coastal State of Ondrel,Coastal State of Ondrel_3_38,4,Coastal State of Ondrel allocates contingency housing capacity in port districts based on projected Tessaran harvest shortfalls.,True,0.9390383958816528,3.5250208973884583,0.5396832227706909,0.5212783813476562
697,Coastal State of Ondrel_1_3,Coastal State of Ondrel,Coastal State of Ondrel_0_0,1,Coastal State of Ondrel perceives its contractual position as legally actionable if volumes fall short.,False,0.8583532571792603,0.8583532571792603,0.6426838636398315,0.4989628791809082
698,Coastal State of Ondrel_2_9,Coastal State of Ondrel,Coastal State of Ondrel_1_3,2,Coastal State of Ondrel views Phase II activation as a triggering event for breach claims.,False,1.1043989956378937,1.962752252817154,0.43940863013267517,0.45619237422943115
699,Coastal State of Ondrel_3_85,Coastal State of Ondrel,Coastal State of Ondrel_2_9,3,Coastal State of Ondrel prepares to notify Vireya of anticipated contractual non-performance.,False,0.8714113235473633,2.834163576364517,0.5842125415802002,0.5443761348724365
700,Coastal State of Ondrel_4_254,Coastal State of Ondrel,Coastal State of Ondrel_3_85,4,Coastal State of Ondrel establishes a timestamped evidentiary record of Phase II activation timing.,True,1.13601553440094,3.970179110765457,0.3601669669151306,0.5038174986839294
701,Coastal State of Ondrel_4_253,Coastal State of Ondrel,Coastal State of Ondrel_3_85,4,Coastal State of Ondrel identifies the specific contract clauses governing non-performance remedies.,True,0.8423628211021423,3.6765263974666595,0.693527340888977,0.4641098380088806
702,Coastal State of Ondrel_4_252,Coastal State of Ondrel,Coastal State of Ondrel_3_85,4,Coastal State of Ondrel engages legal counsel to review contractual breach procedures.,True,1.1026463508605957,3.936809927225113,0.5428889393806458,0.35446470975875854
703,Coastal State of Ondrel_4_251,Coastal State of Ondrel,Coastal State of Ondrel_3_85,4,Coastal State of Ondrel formally documents anticipated volume shortfalls in writing.,True,1.1410493850708008,3.975212961435318,0.49617111682891846,0.36277949810028076
704,Coastal State of Ondrel_3_84,Coastal State of Ondrel,Coastal State of Ondrel_2_9,3,Coastal State of Ondrel identifies the dry-season energization date as its litigation trigger point.,False,1.071899801492691,3.034652054309845,0.45920059084892273,0.46889960765838623
705,Coastal State of Ondrel_4_373,Coastal State of Ondrel,Coastal State of Ondrel_3_84,4,Coastal State of Ondrel treats the energization date as a contractual deadline requiring immediate response.,True,1.1184975504875183,4.153149604797363,0.504217803478241,0.3772846460342407
706,Coastal State of Ondrel_4_372,Coastal State of Ondrel,Coastal State of Ondrel_3_84,4,Coastal State of Ondrel accelerates baseline data collection on estuarine salinity levels.,True,1.1234045624732971,4.158056616783142,0.42146050930023193,0.45513492822647095
707,Coastal State of Ondrel_4_371,Coastal State of Ondrel,Coastal State of Ondrel_3_84,4,Coastal State of Ondrel issues a formal notice of anticipated breach to Vireya before energization.,True,0.9718424081802368,4.006494462490082,0.5385928750038147,0.4895647168159485
708,Coastal State of Ondrel_4_369,Coastal State of Ondrel,Coastal State of Ondrel_3_84,4,Coastal State of Ondrel begins formal pre-litigation documentation of conduit flow measurements.,True,0.9831233620643616,4.0177754163742065,0.5656201243400574,0.45125651359558105
709,Coastal State of Ondrel_3_83,Coastal State of Ondrel,Coastal State of Ondrel_2_9,3,Coastal State of Ondrel assesses whether Phase II activation constitutes a material breach under the transit contract.,False,0.9121420979499817,2.8748943507671356,0.5662419199943542,0.5216159820556641
710,Coastal State of Ondrel_4_280,Coastal State of Ondrel,Coastal State of Ondrel_3_83,4,Coastal State of Ondrel consults legal counsel on the enforceability of the transit contract against Vireya.,True,0.8621973991394043,3.73709174990654,0.6125068664550781,0.5252957344055176
711,Coastal State of Ondrel_4_279,Coastal State of Ondrel,Coastal State of Ondrel_3_83,4,Coastal State of Ondrel evaluates the legal standing of its compensation claims under the existing contract.,True,1.0604540705680847,3.9353484213352203,0.555057168006897,0.3844887614250183
712,Coastal State of Ondrel_4_278,Coastal State of Ondrel,Coastal State of Ondrel_3_83,4,Coastal State of Ondrel determines whether Phase II diversion clauses were anticipated in the original contract language.,True,0.9119908809661865,3.786885231733322,0.5608731508255005,0.527135968208313
713,Coastal State of Ondrel_4_277,Coastal State of Ondrel,Coastal State of Ondrel_3_83,4,Coastal State of Ondrel identifies which specific volume shortfall triggers enforceable breach remedies.,True,0.8851892948150635,3.760083645582199,0.6554602384567261,0.45935046672821045
714,Coastal State of Ondrel_4_276,Coastal State of Ondrel,Coastal State of Ondrel_3_83,4,Coastal State of Ondrel reviews the transit contract's material breach definitions and thresholds.,True,0.8883909583091736,3.763285309076309,0.6559035181999207,0.45570552349090576
715,Coastal State of Ondrel_2_8,Coastal State of Ondrel,Coastal State of Ondrel_1_3,2,Coastal State of Ondrel begins documenting measured flow shortfalls as legal evidence.,False,0.9576908648014069,1.8160441219806671,0.5744594931602478,0.46784964203834534
716,Coastal State of Ondrel_3_55,Coastal State of Ondrel,Coastal State of Ondrel_2_8,3,Coastal State of Ondrel correlates documented flow data with rising estuary salinity measurements.,False,1.02320995926857,2.839254081249237,0.5001145005226135,0.47667554020881653
717,Coastal State of Ondrel_4_259,Coastal State of Ondrel,Coastal State of Ondrel_3_55,4,Coastal State of Ondrel classifies the salinity correlation as actionable harm under the transit contract.,True,0.8736239075660706,3.7128779888153076,0.6385897397994995,0.48778635263442993
718,Coastal State of Ondrel_4_258,Coastal State of Ondrel,Coastal State of Ondrel_3_55,4,Coastal State of Ondrel determines its evidentiary record is sufficient to support formal legal claims.,True,1.2909872829914093,4.130241364240646,0.40488025546073914,0.30413246154785156
719,Coastal State of Ondrel_4_257,Coastal State of Ondrel,Coastal State of Ondrel_3_55,4,Coastal State of Ondrel identifies a statistically linkable causal chain between Array operation and estuary harm.,True,0.9782361388206482,3.8174902200698853,0.5210916996002197,0.5006721615791321
720,Coastal State of Ondrel_4_256,Coastal State of Ondrel,Coastal State of Ondrel_3_55,4,Coastal State of Ondrel assembles a quantified damage estimate for estuarine aquaculture losses.,True,0.9838278293609619,3.823081910610199,0.5165145397186279,0.49965763092041016
721,Coastal State of Ondrel_3_54,Coastal State of Ondrel,Coastal State of Ondrel_2_8,3,Coastal State of Ondrel retains or consults legal counsel specializing in transboundary water contracts.,False,0.8937592208385468,2.709803342819214,0.6521171927452087,0.4541235864162445
722,Coastal State of Ondrel_4_187,Coastal State of Ondrel,Coastal State of Ondrel_3_54,4,Coastal State of Ondrel's documented flow shortfalls are evaluated for legal sufficiency as evidence.,True,0.8713080286979675,3.5811113715171814,0.6255016922950745,0.503190279006958
723,Coastal State of Ondrel_4_186,Coastal State of Ondrel,Coastal State of Ondrel_3_54,4,Coastal State of Ondrel gains structured advice on viable dispute resolution forums.,True,1.0905624628067017,3.8003658056259155,0.48518484830856323,0.4242526888847351
724,Coastal State of Ondrel_4_185,Coastal State of Ondrel,Coastal State of Ondrel_3_54,4,Coastal State of Ondrel identifies specific treaty or contract clauses supporting its claims.,True,0.9736503660678864,3.6834537088871,0.5676395893096924,0.45871004462242126
725,Coastal State of Ondrel_4_184,Coastal State of Ondrel,Coastal State of Ondrel_3_54,4,Coastal State of Ondrel receives formal legal assessment of its contractual remedies.,True,1.0115994215011597,3.7214027643203735,0.5851393938064575,0.4032611846923828
726,Coastal State of Ondrel_3_53,Coastal State of Ondrel,Coastal State of Ondrel_2_8,3,Coastal State of Ondrel's legal posture toward Vireya hardens into an adversarial stance.,False,1.168973684310913,2.98501780629158,0.4284820556640625,0.4025442600250244
727,Coastal State of Ondrel_4_344,Coastal State of Ondrel,Coastal State of Ondrel_3_53,4,Coastal State of Ondrel signals to regional trading partners that the transit arrangement is under legal dispute.,True,0.9868435859680176,3.971861392259598,0.5471838712692261,0.46597254276275635
728,Coastal State of Ondrel_4_343,Coastal State of Ondrel,Coastal State of Ondrel_3_53,4,Coastal State of Ondrel reassesses the commercial viability of continuing conduit operations under current terms.,True,0.915838360786438,3.900856167078018,0.6057631969451904,0.4783984422683716
729,Coastal State of Ondrel_4_342,Coastal State of Ondrel,Coastal State of Ondrel_3_53,4,Coastal State of Ondrel treats all Vireya communications regarding Phase II as legally consequential correspondence.,True,0.9525765180587769,3.937594324350357,0.5319558382034302,0.515467643737793
730,Coastal State of Ondrel_4_341,Coastal State of Ondrel,Coastal State of Ondrel_3_53,4,Coastal State of Ondrel retains international arbitration counsel to formalize its contractual claims.,True,1.2350052297115326,4.220023036003113,0.4583844542503357,0.3066103160381317
731,Coastal State of Ondrel_4_340,Coastal State of Ondrel,Coastal State of Ondrel_3_53,4,Coastal State of Ondrel suspends routine operational cooperation with Vireya on conduit management.,True,0.8821786046028137,3.867196410894394,0.5882279276847839,0.5295934677124023
732,Coastal State of Ondrel_3_52,Coastal State of Ondrel,Coastal State of Ondrel_2_8,3,Coastal State of Ondrel identifies specific shortfall thresholds triggering its compensation formula.,False,1.0010488033294678,2.817092925310135,0.534727931022644,0.4642232656478882
733,Coastal State of Ondrel_4_237,Coastal State of Ondrel,Coastal State of Ondrel_3_52,4,Coastal State of Ondrel determines the compensation amounts owed per threshold breach event.,True,1.0404362678527832,3.857529193162918,0.5535180568695068,0.40604567527770996
734,Coastal State of Ondrel_4_236,Coastal State of Ondrel,Coastal State of Ondrel_3_52,4,Coastal State of Ondrel assesses whether current measured flows already breach identified thresholds.,True,0.9294487237930298,3.7465416491031647,0.5939319133758545,0.4766193628311157
735,Coastal State of Ondrel_4_235,Coastal State of Ondrel,Coastal State of Ondrel_3_52,4,Coastal State of Ondrel begins monitoring river flow against its established threshold benchmarks.,True,0.889128565788269,3.706221491098404,0.5914784669876099,0.5193929672241211
736,Coastal State of Ondrel_4_234,Coastal State of Ondrel,Coastal State of Ondrel_3_52,4,Coastal State of Ondrel formally notifies Vireya of the defined trigger thresholds.,True,0.893194854259491,3.710287779569626,0.5565285086631775,0.5502766370773315
737,Coastal State of Ondrel_3_51,Coastal State of Ondrel,Coastal State of Ondrel_2_8,3,Coastal State of Ondrel accumulates a formal evidentiary record of contract non-performance.,False,1.0061611533164978,2.822205275297165,0.5914077758789062,0.40243107080459595
738,Coastal State of Ondrel_4_250,Coastal State of Ondrel,Coastal State of Ondrel_3_51,4,Coastal State of Ondrel conditions continued conduit operation on Vireya acknowledging the recorded non-performance data.,True,0.8395901322364807,3.6617954075336456,0.5913711786270142,0.5690386891365051
739,Coastal State of Ondrel_4_249,Coastal State of Ondrel,Coastal State of Ondrel_3_51,4,Coastal State of Ondrel perceives its negotiating leverage over Vireya as materially strengthened by documented shortfalls.,True,0.977217972278595,3.79942324757576,0.5123389363288879,0.5104430913925171
740,Coastal State of Ondrel_4_248,Coastal State of Ondrel,Coastal State of Ondrel_3_51,4,Coastal State of Ondrel assesses its evidentiary record as sufficient to initiate legal proceedings against Vireya.,True,1.0712544322013855,3.8934597074985504,0.46783092617988586,0.46091464161872864
741,Coastal State of Ondrel_4_247,Coastal State of Ondrel,Coastal State of Ondrel_3_51,4,Coastal State of Ondrel gains standing to formally invoke dispute resolution under the transit contract.,True,1.1397318840026855,3.9619371592998505,0.46916306018829346,0.391105055809021
742,Coastal State of Ondrel_2_7,Coastal State of Ondrel,Coastal State of Ondrel_1_3,2,Coastal State of Ondrel assesses litigation against Vireya as a credible near-term option.,False,1.037344366312027,1.8956976234912872,0.49262452125549316,0.47003111243247986
743,Coastal State of Ondrel_3_72,Coastal State of Ondrel,Coastal State of Ondrel_2_7,3,Coastal State of Ondrel conditions continued conduit operation on Vireya acknowledging the legal exposure.,False,0.8297923803329468,2.725490003824234,0.6153305768966675,0.5548770427703857
744,Coastal State of Ondrel_4_199,Coastal State of Ondrel,Coastal State of Ondrel_3_72,4,Coastal State of Ondrel anticipates Vireya will seek to reframe the contract terms to avoid explicit legal concession.,True,0.8960676789283752,3.6215576827526093,0.5780377388000488,0.5258945822715759
745,Coastal State of Ondrel_4_198,Coastal State of Ondrel,Coastal State of Ondrel_3_72,4,Coastal State of Ondrel perceives any Phase II activation without acknowledgment as grounds for suspending conduit services.,True,1.0383982062339783,3.7638882100582123,0.49861395359039307,0.46298784017562866
746,Coastal State of Ondrel_4_197,Coastal State of Ondrel,Coastal State of Ondrel_3_72,4,Coastal State of Ondrel assesses its leverage over conduit operation as its primary negotiating instrument.,True,0.9290382862091064,3.6545282900333405,0.5521109700202942,0.5188507437705994
747,Coastal State of Ondrel_4_196,Coastal State of Ondrel,Coastal State of Ondrel_3_72,4,Coastal State of Ondrel treats Vireya's silence as implicit acknowledgment of contractual breach risk.,True,1.0110899209976196,3.7365799248218536,0.5251559019088745,0.46375417709350586
748,Coastal State of Ondrel_3_71,Coastal State of Ondrel,Coastal State of Ondrel_2_7,3,Coastal State of Ondrel calculates estimated damages claimable under the contract's compensation clauses.,False,1.084973692893982,2.980671316385269,0.5119621753692627,0.40306413173675537
749,Coastal State of Ondrel_4_331,Coastal State of Ondrel,Coastal State of Ondrel_3_71,4,Coastal State of Ondrel assesses whether calculated damages exceed the value of continued conduit cooperation.,True,0.9535774290561676,3.9342487454414368,0.5710023641586304,0.475420206785202
750,Coastal State of Ondrel_4_330,Coastal State of Ondrel,Coastal State of Ondrel_3_71,4,Coastal State of Ondrel gains a concrete leverage figure for use in contract renegotiation talks.,True,1.0906915068626404,4.0713628232479095,0.48712289333343506,0.42218559980392456
751,Coastal State of Ondrel_4_329,Coastal State of Ondrel,Coastal State of Ondrel_3_71,4,Coastal State of Ondrel determines whether projected damages justify the cost of arbitration or litigation.,True,1.1905306577682495,4.171201974153519,0.45820993185043335,0.35125941038131714
752,Coastal State of Ondrel_4_328,Coastal State of Ondrel,Coastal State of Ondrel_3_71,4,Coastal State of Ondrel identifies a quantified financial threshold for initiating formal legal proceedings.,True,1.1226469278335571,4.103318244218826,0.48310035467147827,0.3942527174949646
753,Coastal State of Ondrel_3_70,Coastal State of Ondrel,Coastal State of Ondrel_2_7,3,Coastal State of Ondrel identifies international arbitration forums competent to hear the dispute.,False,1.2059436440467834,3.1016412675380707,0.41999316215515137,0.3740631937980652
754,Coastal State of Ondrel_4_426,Coastal State of Ondrel,Coastal State of Ondrel_3_70,4,Coastal State of Ondrel gauges the evidentiary weight of its measured salinity and flow data for arbitration.,True,0.9536357522010803,4.055277019739151,0.5737159848213196,0.4726482629776001
755,Coastal State of Ondrel_4_425,Coastal State of Ondrel,Coastal State of Ondrel_3_70,4,Coastal State of Ondrel determines whether Vireya has consented to the jurisdiction of those forums.,True,0.8494904041290283,3.951131671667099,0.5430259704589844,0.6074836254119873
756,Coastal State of Ondrel_4_424,Coastal State of Ondrel,Coastal State of Ondrel_3_70,4,Coastal State of Ondrel estimates the procedural costs of filing an international arbitration claim.,True,1.2897449135780334,4.391386181116104,0.38626474142074585,0.3239903450012207
757,Coastal State of Ondrel_4_423,Coastal State of Ondrel,Coastal State of Ondrel_3_70,4,Coastal State of Ondrel evaluates its legal standing to initiate proceedings at identified forums.,True,1.1434255242347717,4.245066791772842,0.4585561156272888,0.39801836013793945
758,Coastal State of Ondrel_3_69,Coastal State of Ondrel,Coastal State of Ondrel_2_7,3,Coastal State of Ondrel begins formal legal review of the transit contract's breach provisions.,False,1.0435433089733124,2.9392409324645996,0.5551743507385254,0.40128234028816223
759,Coastal State of Ondrel_4_302,Coastal State of Ondrel,Coastal State of Ondrel_3_69,4,Coastal State of Ondrel identifies gaps between contracted guarantees and current measured delivery volumes.,True,0.8506312966346741,3.7898722290992737,0.6481082439422607,0.5012604594230652
760,Coastal State of Ondrel_4_301,Coastal State of Ondrel,Coastal State of Ondrel_3_69,4,Coastal State of Ondrel calculates the financial exposure Vireya faces under existing penalty provisions.,True,0.8561838865280151,3.7954248189926147,0.5904800891876221,0.5533360242843628
761,Coastal State of Ondrel_4_300,Coastal State of Ondrel,Coastal State of Ondrel_3_69,4,Coastal State of Ondrel assesses the contract's dispute resolution mechanism as binding or advisory.,True,0.9544282555580139,3.8936691880226135,0.6034091114997864,0.4421626329421997
762,Coastal State of Ondrel_4_299,Coastal State of Ondrel,Coastal State of Ondrel_3_69,4,Coastal State of Ondrel determines whether the contract contains force majeure clauses covering atmospheric causes.,True,0.9029893279075623,3.842230260372162,0.5737780332565308,0.523232638835907
763,Coastal State of Ondrel_4_298,Coastal State of Ondrel,Coastal State of Ondrel_3_69,4,Coastal State of Ondrel identifies specific breach-triggering volume thresholds in the contract.,True,0.846834808588028,3.7860757410526276,0.6681841611862183,0.4849810302257538
764,Coastal State of Ondrel_2_6,Coastal State of Ondrel,Coastal State of Ondrel_1_3,2,Coastal State of Ondrel treats conduit operation as contingent on volume guarantees.,False,0.7360959053039551,1.5944491624832153,0.728851854801178,0.5350522398948669
765,Coastal State of Ondrel_3_30,Coastal State of Ondrel,Coastal State of Ondrel_2_6,3,Coastal State of Ondrel links its continued infrastructure participation to binding volume commitments.,False,0.9616122841835022,2.5560614466667175,0.5761810541152954,0.4622066617012024
766,Coastal State of Ondrel_4_133,Coastal State of Ondrel,Coastal State of Ondrel_3_30,4,Coastal State of Ondrel views its infrastructure role as a negotiating asset requiring formal protection.,True,0.9773274958133698,3.5333889424800873,0.5497791767120361,0.4728933274745941
767,Coastal State of Ondrel_4_132,Coastal State of Ondrel,Coastal State of Ondrel_3_30,4,Coastal State of Ondrel perceives any Phase II diversion as a material breach of the transit contract.,True,0.9277775287628174,3.483838975429535,0.5899105072021484,0.4823119640350342
768,Coastal State of Ondrel_4_131,Coastal State of Ondrel,Coastal State of Ondrel_3_30,4,Coastal State of Ondrel assesses its leverage over Vireya as contingent on continued conduit operation.,False,0.7748209238052368,3.3308823704719543,0.602100670337677,0.6230784058570862
769,Coastal State of Ondrel_5_481,Coastal State of Ondrel,Coastal State of Ondrel_4_131,5,Coastal State of Ondrel resists unilateral conduit suspension even under volume shortfalls to preserve leverage.,True,1.0036800503730774,4.334562420845032,0.593799352645874,0.4025205969810486
770,Coastal State of Ondrel_5_480,Coastal State of Ondrel,Coastal State of Ondrel_4_131,5,Coastal State of Ondrel calculates that withdrawing conduit operation eliminates its influence over Vireya's Phase II decisions.,True,0.977355033159256,4.30823740363121,0.49173685908317566,0.5309081077575684
771,Coastal State of Ondrel_5_479,Coastal State of Ondrel,Coastal State of Ondrel_4_131,5,Coastal State of Ondrel perceives any threat to conduit continuity as self-undermining its negotiating position.,True,1.1049996316432953,4.43588200211525,0.49114224314689636,0.40385812520980835
772,Coastal State of Ondrel_5_478,Coastal State of Ondrel,Coastal State of Ondrel_4_131,5,Coastal State of Ondrel treats conduit suspension as its primary coercive instrument.,True,0.9765143096446991,4.307396680116653,0.5524064302444458,0.4710792601108551
773,Coastal State of Ondrel_4_130,Coastal State of Ondrel,Coastal State of Ondrel_3_30,4,Coastal State of Ondrel treats Phase II activation without volume guarantees as a trigger for conduit suspension.,True,1.0538803339004517,3.609941780567169,0.5000187158584595,0.44610095024108887
774,Coastal State of Ondrel_3_29,Coastal State of Ondrel,Coastal State of Ondrel_2_6,3,Coastal State of Ondrel treats Phase II activation as a direct threat to its contractual position.,False,1.0472677052021027,2.641716867685318,0.4892834722995758,0.46344882249832153
775,Coastal State of Ondrel_4_167,Coastal State of Ondrel,Coastal State of Ondrel_3_29,4,Coastal State of Ondrel increases monitoring of estuary salinity levels as evidentiary preparation.,True,0.9523103833198547,3.5940272510051727,0.5401652455329895,0.5075243711471558
776,Coastal State of Ondrel_4_165,Coastal State of Ondrel,Coastal State of Ondrel_3_29,4,Coastal State of Ondrel begins quantifying projected revenue losses from reduced conduit throughput.,True,1.0129369795322418,3.65465384721756,0.5249297618865967,0.4621332585811615
777,Coastal State of Ondrel_4_164,Coastal State of Ondrel,Coastal State of Ondrel_3_29,4,Coastal State of Ondrel formally notifies Vireya of its objection to Phase II activation.,True,1.0177487432956696,3.6594656109809875,0.4768771231174469,0.5053741335868835
778,Coastal State of Ondrel_4_163,Coastal State of Ondrel,Coastal State of Ondrel_3_29,4,Coastal State of Ondrel signals readiness to suspend conduit operations if volumes fall short.,True,0.9425196349620819,3.5842365026474,0.5888025760650635,0.4686777889728546
779,Coastal State of Ondrel_4_162,Coastal State of Ondrel,Coastal State of Ondrel_3_29,4,Coastal State of Ondrel escalates its legal review of the transit contract's force-majeure clauses.,True,1.0468054711818695,3.6885223388671875,0.5396229028701782,0.41357162594795227
780,Coastal State of Ondrel_3_28,Coastal State of Ondrel,Coastal State of Ondrel_2_6,3,Coastal State of Ondrel signals readiness to suspend conduit services if guarantees are unmet.,False,0.9527862668037415,2.547235429286957,0.597170352935791,0.45004338026046753
781,Coastal State of Ondrel_4_129,Coastal State of Ondrel,Coastal State of Ondrel_3_28,4,Coastal State of Ondrel calculates that suspension would halt Vireya's water export income immediately.,True,1.0805255770683289,3.6277610063552856,0.4921451807022095,0.42732924222946167
782,Coastal State of Ondrel_4_128,Coastal State of Ondrel,Coastal State of Ondrel_3_28,4,Coastal State of Ondrel recognizes its conduit control as its primary bargaining instrument.,False,0.9114604592323303,3.458695888519287,0.5636137127876282,0.5249258279800415
783,Coastal State of Ondrel_5_519,Coastal State of Ondrel,Coastal State of Ondrel_4_128,5,Coastal State of Ondrel anticipates that Vireya perceives the conduit threat as credible and consequential.,True,0.9502608776092529,4.40895676612854,0.5179361701011658,0.5318029522895813
784,Coastal State of Ondrel_5_518,Coastal State of Ondrel,Coastal State of Ondrel_4_128,5,Coastal State of Ondrel treats any Phase II design threatening conduit volumes as a direct attack on its leverage.,True,1.0021754503250122,4.460871338844299,0.5651609897613525,0.43266355991363525
785,Coastal State of Ondrel_5_517,Coastal State of Ondrel,Coastal State of Ondrel_4_128,5,Coastal State of Ondrel prioritizes protecting conduit operational control above other concessions.,True,0.9411701560020447,4.399866044521332,0.5778985023498535,0.4809313416481018
786,Coastal State of Ondrel_5_516,Coastal State of Ondrel,Coastal State of Ondrel_4_128,5,Coastal State of Ondrel assesses conduit leverage as sufficient to compel Vireya's engagement.,True,0.8485158085823059,4.307211697101593,0.549721896648407,0.6017622947692871
787,Coastal State of Ondrel_5_515,Coastal State of Ondrel,Coastal State of Ondrel_4_128,5,Coastal State of Ondrel calibrates its negotiating demands around conduit suspension threats.,True,0.8244748711585999,4.283170759677887,0.6470816135406494,0.5284435153007507
788,Coastal State of Ondrel_4_127,Coastal State of Ondrel,Coastal State of Ondrel_3_28,4,Coastal State of Ondrel anticipates Vireya treating the suspension signal as a negotiating threat.,False,0.8995990753173828,3.4468345046043396,0.5329149961471558,0.5674859285354614
789,Coastal State of Ondrel_5_510,Coastal State of Ondrel,Coastal State of Ondrel_4_127,5,Coastal State of Ondrel recognizes its leverage depends on Vireya having no alternative export route.,True,1.0894186794757843,4.536253184080124,0.47392311692237854,0.43665820360183716
790,Coastal State of Ondrel_5_509,Coastal State of Ondrel,Coastal State of Ondrel_4_127,5,Coastal State of Ondrel anticipates Vireya probing the conduit contract for legal exit clauses.,True,0.8448389768600464,4.291673481464386,0.6060153245925903,0.5491456985473633
791,Coastal State of Ondrel_5_508,Coastal State of Ondrel,Coastal State of Ondrel_4_127,5,Coastal State of Ondrel perceives a need to demonstrate suspension readiness through concrete preparatory steps.,True,0.9782595932483673,4.425094097852707,0.5511993765830994,0.4705410301685333
792,Coastal State of Ondrel_5_507,Coastal State of Ondrel,Coastal State of Ondrel_4_127,5,Coastal State of Ondrel assesses that Vireya will not alter Phase II timing based on the threat alone.,True,1.008561372756958,4.455395877361298,0.45049595832824707,0.5409426689147949
793,Coastal State of Ondrel_5_506,Coastal State of Ondrel,Coastal State of Ondrel_4_127,5,Coastal State of Ondrel judges its suspension signal as lacking immediate coercive credibility.,True,1.278234988451004,4.725069493055344,0.4024538993835449,0.31931111216545105
794,Coastal State of Ondrel_4_126,Coastal State of Ondrel,Coastal State of Ondrel_3_28,4,Coastal State of Ondrel assesses its leverage over Vireya's export revenue as significant.,True,1.0111849904060364,3.558420419692993,0.4437411427497864,0.5450738668441772
795,Coastal State of Ondrel_4_125,Coastal State of Ondrel,Coastal State of Ondrel_3_28,4,Coastal State of Ondrel elevates its contractual dispute to a formal legal posture.,True,1.2094081044197083,3.756643533706665,0.4622083902359009,0.32838350534439087
796,Coastal State of Ondrel_3_27,Coastal State of Ondrel,Coastal State of Ondrel_2_6,3,Coastal State of Ondrel withholds conduit operational cooperation pending volume guarantee confirmation.,False,1.0233662128448486,2.617815375328064,0.5920612812042236,0.38457250595092773
797,Coastal State of Ondrel_4_154,Coastal State of Ondrel,Coastal State of Ondrel_3_27,4,Coastal State of Ondrel registers its conduit workforce as operationally idle pending resolution.,True,1.3314362168312073,3.9492515921592712,0.37361544370651245,0.2949483394622803
798,Coastal State of Ondrel_4_153,Coastal State of Ondrel,Coastal State of Ondrel_3_27,4,Coastal State of Ondrel anticipates Vireya perceiving conduit disruption as an economic threat.,True,0.8971355557441711,3.514950931072235,0.5486464500427246,0.5542179942131042
799,Coastal State of Ondrel_4_152,Coastal State of Ondrel,Coastal State of Ondrel_3_27,4,Coastal State of Ondrel identifies Phase II activation as a trigger event.,True,1.2393797039985657,3.8571950793266296,0.30586475133895874,0.4547555446624756
800,Coastal State of Ondrel_4_151,Coastal State of Ondrel,Coastal State of Ondrel_3_27,4,Coastal State of Ondrel assesses its contractual leverage as actively engaged.,True,1.0319294333457947,3.6497448086738586,0.5224978923797607,0.4455726742744446
801,Coastal State of Ondrel_4_150,Coastal State of Ondrel,Coastal State of Ondrel_3_27,4,Coastal State of Ondrel signals conduit suspension risk to Vireya formally.,True,0.8428470492362976,3.4606624245643616,0.5741640329360962,0.5829889178276062
802,Coastal State of Ondrel_1_2,Coastal State of Ondrel,Coastal State of Ondrel_0_0,1,Coastal State of Ondrel now holds leverage over Vireya's Phase II export revenue stream.,False,0.9303104877471924,0.9303104877471924,0.45871198177337646,0.6109775304794312
803,Coastal State of Ondrel_2_17,Coastal State of Ondrel,Coastal State of Ondrel_1_2,2,Coastal State of Ondrel views Vireya's export revenue dependence as a credible pressure point.,False,0.9424176812171936,1.872728168964386,0.5046995282173157,0.5528827905654907
804,Coastal State of Ondrel_3_68,Coastal State of Ondrel,Coastal State of Ondrel_2_17,3,Coastal State of Ondrel perceives Phase II activation timing as its primary point of intervention.,False,1.0925691723823547,2.9652973413467407,0.3632661700248718,0.5441646575927734
805,Coastal State of Ondrel_4_318,Coastal State of Ondrel,Coastal State of Ondrel_3_68,4,Coastal State of Ondrel frames activation delay as its primary negotiating opening position.,True,1.056893229484558,4.022190570831299,0.4420050382614136,0.5011017322540283
806,Coastal State of Ondrel_4_317,Coastal State of Ondrel,Coastal State of Ondrel_3_68,4,Coastal State of Ondrel prioritizes securing a timing veto mechanism over other guarantees.,True,1.10166135430336,4.066958695650101,0.456158310174942,0.442180335521698
807,Coastal State of Ondrel_4_316,Coastal State of Ondrel,Coastal State of Ondrel_3_68,4,Coastal State of Ondrel assesses conduit suspension as a credible pre-activation threat.,True,1.0051575899124146,3.9704549312591553,0.5362402200698853,0.4586021900177002
808,Coastal State of Ondrel_4_315,Coastal State of Ondrel,Coastal State of Ondrel_3_68,4,Coastal State of Ondrel concentrates diplomatic pressure on delaying Phase II energization date.,True,1.1144366264343262,4.079733967781067,0.4120097756385803,0.4735535979270935
809,Coastal State of Ondrel_3_67,Coastal State of Ondrel,Coastal State of Ondrel_2_17,3,Coastal State of Ondrel prioritizes withholding conduit cooperation over immediate diplomatic concession.,False,1.204378992319107,3.077107161283493,0.43110138177871704,0.3645196259021759
810,Coastal State of Ondrel_4_404,Coastal State of Ondrel,Coastal State of Ondrel_3_67,4,Coastal State of Ondrel frames withholding cooperation as a legally defensible contractual remedy.,True,1.064785122871399,4.141892284154892,0.5582998991012573,0.37691497802734375
811,Coastal State of Ondrel_4_403,Coastal State of Ondrel,Coastal State of Ondrel_3_67,4,Coastal State of Ondrel defers bilateral diplomatic engagement until Vireya acknowledges conduit volume guarantees.,True,0.8812345862388611,3.958341747522354,0.5887382626533508,0.5300271511077881
812,Coastal State of Ondrel_4_402,Coastal State of Ondrel,Coastal State of Ondrel_3_67,4,Coastal State of Ondrel assesses Vireya's export revenue vulnerability as its primary bargaining asset.,True,0.9706514775753021,4.047758638858795,0.4882880747318268,0.5410604476928711
813,Coastal State of Ondrel_4_401,Coastal State of Ondrel,Coastal State of Ondrel_3_67,4,Coastal State of Ondrel treats Phase II activation as a trigger for formal contract dispute proceedings.,True,0.9817294478416443,4.058836609125137,0.5184848308563232,0.49978572130203247
814,Coastal State of Ondrel_4_400,Coastal State of Ondrel,Coastal State of Ondrel_3_67,4,Coastal State of Ondrel signals conduit suspension as its opening negotiating posture.,True,0.987182080745697,4.06428924202919,0.5189582109451294,0.4938597083091736
815,Coastal State of Ondrel_3_66,Coastal State of Ondrel,Coastal State of Ondrel_2_17,3,Coastal State of Ondrel assesses its contractual position as stronger than Vireya's revenue alternatives.,False,1.0461800694465637,2.9189082384109497,0.49720704555511475,0.45661288499832153
816,Coastal State of Ondrel_4_293,Coastal State of Ondrel,Coastal State of Ondrel_3_66,4,Coastal State of Ondrel expects Vireya to yield on Phase II diversion terms under contract pressure.,True,0.8138974905014038,3.7328057289123535,0.5879740715026855,0.5981284379959106
817,Coastal State of Ondrel_4_292,Coastal State of Ondrel,Coastal State of Ondrel_3_66,4,Coastal State of Ondrel treats conduit suspension as a credible and low-cost threat instrument.,True,1.028249055147171,3.9471572935581207,0.547540009021759,0.42421093583106995
818,Coastal State of Ondrel_4_291,Coastal State of Ondrel,Coastal State of Ondrel_3_66,4,Coastal State of Ondrel perceives little urgency to seek alternative water supply arrangements.,True,1.1904199719429016,4.109328210353851,0.4460420608520508,0.3635379672050476
819,Coastal State of Ondrel_4_290,Coastal State of Ondrel,Coastal State of Ondrel_3_66,4,Coastal State of Ondrel escalates its contractual demands toward Vireya without offering concessions.,True,1.0860620141029358,4.0049702525138855,0.4892297387123108,0.4247082471847534
820,Coastal State of Ondrel_3_65,Coastal State of Ondrel,Coastal State of Ondrel_2_17,3,Coastal State of Ondrel calculates its conduit suspension threat as a negotiating instrument.,False,0.8549354076385498,2.727663576602936,0.6062379479408264,0.5388266444206238
821,Coastal State of Ondrel_4_208,Coastal State of Ondrel,Coastal State of Ondrel_3_65,4,Coastal State of Ondrel determines that formalizing the threat requires documented breach conditions.,True,1.0317541360855103,3.759417712688446,0.562725841999054,0.4055200219154358
822,Coastal State of Ondrel_4_207,Coastal State of Ondrel,Coastal State of Ondrel_3_65,4,Coastal State of Ondrel evaluates the reputational cost of actually suspending conduit operations.,True,1.0346660017967224,3.762329578399658,0.5421872138977051,0.4231467843055725
823,Coastal State of Ondrel_4_206,Coastal State of Ondrel,Coastal State of Ondrel_3_65,4,Coastal State of Ondrel identifies the contracted volume guarantee as its primary bargaining chip.,True,0.9047183990478516,3.6323819756507874,0.6141875386238098,0.4810940623283386
824,Coastal State of Ondrel_4_205,Coastal State of Ondrel,Coastal State of Ondrel_3_65,4,Coastal State of Ondrel assesses whether Vireya perceives the suspension threat as genuine rather than bluster.,True,1.034276396036148,3.761939972639084,0.48134857416152954,0.4843750298023224
825,Coastal State of Ondrel_4_204,Coastal State of Ondrel,Coastal State of Ondrel_3_65,4,Coastal State of Ondrel begins calibrating the credibility threshold at which suspension becomes actionable.,True,1.0783477425575256,3.8060113191604614,0.46761006116867065,0.4540421962738037
826,Coastal State of Ondrel_2_16,Coastal State of Ondrel,Coastal State of Ondrel_1_2,2,Coastal State of Ondrel recognizes its position strengthens demands for enforceable compensation terms.,False,1.0962770581245422,2.0265875458717346,0.5283933281898499,0.3753296136856079
827,Coastal State of Ondrel_3_106,Coastal State of Ondrel,Coastal State of Ondrel_2_16,3,Coastal State of Ondrel links estuary salinity monitoring data directly to its compensation claim calculations.,False,0.9937564730644226,3.0203440189361572,0.5247660875320435,0.48147743940353394
828,Coastal State of Ondrel_4_360,Coastal State of Ondrel,Coastal State of Ondrel_3_106,4,Coastal State of Ondrel perceives disputed attribution models as a direct threat to its compensation formula's legal standing.,True,1.174510419368744,4.194854438304901,0.4740756154060364,0.3514139652252197
829,Coastal State of Ondrel_4_359,Coastal State of Ondrel,Coastal State of Ondrel_3_106,4,Coastal State of Ondrel assesses its compensation claims as quantifiably growing with each recorded salinity increase.,True,1.1157270073890686,4.136071026325226,0.468650758266449,0.4156222343444824
830,Coastal State of Ondrel_4_358,Coastal State of Ondrel,Coastal State of Ondrel_3_106,4,Coastal State of Ondrel treats any data gap in salinity records as a compensable harm event.,True,0.970486044883728,3.9908300638198853,0.5591695308685303,0.4703444242477417
831,Coastal State of Ondrel_4_357,Coastal State of Ondrel,Coastal State of Ondrel_3_106,4,"Coastal State of Ondrel requires continuous, verified salinity measurement infrastructure at the estuary mouth.",True,0.9747482538223267,3.995092272758484,0.5723798871040344,0.4528718590736389
832,Coastal State of Ondrel_3_105,Coastal State of Ondrel,Coastal State of Ondrel_2_16,3,Coastal State of Ondrel commissions independent legal review of its transit contract enforcement options.,False,1.0247149467468262,3.051302492618561,0.5543627738952637,0.42092227935791016
833,Coastal State of Ondrel_4_390,Coastal State of Ondrel,Coastal State of Ondrel_3_105,4,Coastal State of Ondrel receives legal opinion on available remedies for conduit volume shortfalls.,True,0.8563681840896606,3.9076706767082214,0.6823892593383789,0.46124255657196045
834,Coastal State of Ondrel_4_389,Coastal State of Ondrel,Coastal State of Ondrel_3_105,4,Coastal State of Ondrel determines whether the Meridian Declaration affects its contract rights.,True,0.9336470365524292,3.98494952917099,0.5727609395980835,0.4935920238494873
835,Coastal State of Ondrel_4_388,Coastal State of Ondrel,Coastal State of Ondrel_3_105,4,Coastal State of Ondrel gains clearer assessment of its litigation exposure against Vireya.,True,1.0612252950668335,4.112527787685394,0.4610324501991272,0.4777422547340393
836,Coastal State of Ondrel_4_387,Coastal State of Ondrel,Coastal State of Ondrel_3_105,4,Coastal State of Ondrel identifies specific contractual clauses supporting enforcement claims.,True,0.934822142124176,3.986124634742737,0.6149770021438599,0.4502008557319641
837,Coastal State of Ondrel_3_104,Coastal State of Ondrel,Coastal State of Ondrel_2_16,3,Coastal State of Ondrel conditions continued conduit operation on Vireya accepting binding arbitration clauses.,False,0.813554584980011,2.8401421308517456,0.6371219158172607,0.5493234992027283
838,Coastal State of Ondrel_4_263,Coastal State of Ondrel,Coastal State of Ondrel_3_104,4,Coastal State of Ondrel assesses that its arbitration demand requires a credible suspension threat to carry weight.,True,1.1262829005718231,3.9664250314235687,0.5035208463668823,0.37019625306129456
839,Coastal State of Ondrel_4_261,Coastal State of Ondrel,Coastal State of Ondrel_3_104,4,Coastal State of Ondrel perceives its continued conduit operation as now formally contingent on Vireya's legal concessions.,True,0.794614315032959,3.6347564458847046,0.625194787979126,0.580190896987915
840,Coastal State of Ondrel_4_260,Coastal State of Ondrel,Coastal State of Ondrel_3_104,4,Coastal State of Ondrel exposes itself to Vireya treating the conduit condition as a coercive ultimatum.,True,0.844336986541748,3.6844791173934937,0.595341682434082,0.5603213310241699
841,Coastal State of Ondrel_3_103,Coastal State of Ondrel,Coastal State of Ondrel_2_16,3,Coastal State of Ondrel formalizes its compensation demands in written contractual terms.,False,1.0227760672569275,3.049363613128662,0.5802859663963318,0.3969379663467407
842,Coastal State of Ondrel_4_386,Coastal State of Ondrel,Coastal State of Ondrel_3_103,4,Coastal State of Ondrel's conduit operation becomes contingent on Vireya's acceptance of written terms.,True,0.8095828890800476,3.8589465022087097,0.6010294556617737,0.5893876552581787
843,Coastal State of Ondrel_4_385,Coastal State of Ondrel,Coastal State of Ondrel_3_103,4,Coastal State of Ondrel perceives the negotiation as having entered a binding contractual phase.,True,1.0575807690620422,4.106944382190704,0.5305896997451782,0.41182953119277954
844,Coastal State of Ondrel_4_384,Coastal State of Ondrel,Coastal State of Ondrel_3_103,4,Coastal State of Ondrel's legal exposure to Vireya becomes explicitly defined on paper.,True,1.0318403244018555,4.081203937530518,0.5171736478805542,0.45098602771759033
845,Coastal State of Ondrel_4_383,Coastal State of Ondrel,Coastal State of Ondrel_3_103,4,Coastal State of Ondrel now requires Vireya's formal written response to its terms.,True,0.9452227354049683,3.9945863485336304,0.5405231714248657,0.514254093170166
846,Coastal State of Ondrel_2_15,Coastal State of Ondrel,Coastal State of Ondrel_1_2,2,Coastal State of Ondrel assesses that withholding conduit cooperation raises Phase II costs for Vireya.,False,0.799662709236145,1.7299731969833374,0.5893937349319458,0.6109435558319092
847,Coastal State of Ondrel_3_33,Coastal State of Ondrel,Coastal State of Ondrel_2_15,3,Coastal State of Ondrel assesses that Vireya faces financial incentive to accommodate Ondrel's contract demands.,False,0.837723970413208,2.5676971673965454,0.6030169725418091,0.5592590570449829
848,Coastal State of Ondrel_4_141,Coastal State of Ondrel,Coastal State of Ondrel_3_33,4,Coastal State of Ondrel calculates that withholding conduit cooperation strengthens its bargaining position further.,True,1.103105515241623,3.6708026826381683,0.4752632677555084,0.42163121700286865
849,Coastal State of Ondrel_4_140,Coastal State of Ondrel,Coastal State of Ondrel_3_33,4,Coastal State of Ondrel anticipates Vireya prioritizing export revenue continuity over Phase II timeline.,True,0.8961758017539978,3.463872969150543,0.5012109875679016,0.6026132106781006
850,Coastal State of Ondrel_4_139,Coastal State of Ondrel,Coastal State of Ondrel_3_33,4,Coastal State of Ondrel perceives its conduit leverage as sufficient to justify maintaining current demands.,True,1.0130036175251007,3.580700784921646,0.5260470509529114,0.4609493315219879
851,Coastal State of Ondrel_4_138,Coastal State of Ondrel,Coastal State of Ondrel_3_33,4,Coastal State of Ondrel assesses that Vireya will enter contract renegotiation under financial pressure.,True,0.947807252407074,3.5155044198036194,0.5442771911621094,0.5079155564308167
852,Coastal State of Ondrel_3_32,Coastal State of Ondrel,Coastal State of Ondrel_2_15,3,Coastal State of Ondrel calculates that threatening non-cooperation strengthens its negotiating position.,False,1.2513554394245148,2.981328636407852,0.39982080459594727,0.34882375597953796
853,Coastal State of Ondrel_4_335,Coastal State of Ondrel,Coastal State of Ondrel_3_32,4,Coastal State of Ondrel conditions continued conduit operation on written pre-activation guarantees.,True,0.928441047668457,3.909769684076309,0.589449405670166,0.48210954666137695
854,Coastal State of Ondrel_4_334,Coastal State of Ondrel,Coastal State of Ondrel_3_32,4,Coastal State of Ondrel perceives its bargaining leverage as sufficient to delay Phase II activation.,True,1.0689720511436462,4.050300687551498,0.4102489948272705,0.5207789540290833
855,Coastal State of Ondrel_4_333,Coastal State of Ondrel,Coastal State of Ondrel_3_32,4,Coastal State of Ondrel escalates its contractual demands beyond initial stated positions.,True,1.0981411933898926,4.079469829797745,0.4903191924095154,0.41153961420059204
856,Coastal State of Ondrel_4_332,Coastal State of Ondrel,Coastal State of Ondrel_3_32,4,Coastal State of Ondrel formally signals conduit non-cooperation to Vireya's negotiators.,True,1.0109414160251617,3.992270052433014,0.5131493806838989,0.47590920329093933
857,Coastal State of Ondrel_3_31,Coastal State of Ondrel,Coastal State of Ondrel_2_15,3,Coastal State of Ondrel perceives its conduit leverage as a credible bargaining asset.,False,1.1149605512619019,2.8449337482452393,0.4584473967552185,0.42659205198287964
858,Coastal State of Ondrel_4_268,Coastal State of Ondrel,Coastal State of Ondrel_3_31,4,Coastal State of Ondrel assesses that Vireya cannot easily bypass the conduit infrastructure.,True,0.8623929023742676,3.707326650619507,0.609066367149353,0.5285407304763794
859,Coastal State of Ondrel_4_267,Coastal State of Ondrel,Coastal State of Ondrel_3_31,4,Coastal State of Ondrel prepares to formalize its leverage through legal contract review.,True,1.0420967936515808,3.88703054189682,0.5348477959632874,0.42305541038513184
860,Coastal State of Ondrel_4_266,Coastal State of Ondrel,Coastal State of Ondrel_3_31,4,Coastal State of Ondrel calculates that withholding cooperation is a viable opening position.,True,1.1354272961616516,3.980361044406891,0.42378565669059753,0.44078704714775085
861,Coastal State of Ondrel_4_265,Coastal State of Ondrel,Coastal State of Ondrel_3_31,4,Coastal State of Ondrel conditions continued conduit operation on formal written guarantees.,True,0.9320838451385498,3.777017593383789,0.6297416090965271,0.4381745457649231
862,Coastal State of Ondrel_4_264,Coastal State of Ondrel,Coastal State of Ondrel_3_31,4,Coastal State of Ondrel escalates its negotiating demands toward Vireya.,True,1.0681223571300507,3.91305610537529,0.438923180103302,0.49295446276664734
863,Coastal State of Ondrel_2_14,Coastal State of Ondrel,Coastal State of Ondrel_1_2,2,Coastal State of Ondrel perceives its conduit operation as a negotiating instrument.,False,0.931532621383667,1.8618431091308594,0.5424469709396362,0.5260204076766968
864,Coastal State of Ondrel_3_64,Coastal State of Ondrel,Coastal State of Ondrel_2_14,3,Coastal State of Ondrel links conduit continuity explicitly to Phase II governance concessions.,False,1.0828788578510284,2.944721966981888,0.46541735529899597,0.4517037868499756
865,Coastal State of Ondrel_4_306,Coastal State of Ondrel,Coastal State of Ondrel_3_64,4,Coastal State of Ondrel recognizes its position as a necessary party to any Phase II governance agreement.,True,1.0576938390731812,4.002415806055069,0.4619642496109009,0.48034191131591797
866,Coastal State of Ondrel_4_305,Coastal State of Ondrel,Coastal State of Ondrel_3_64,4,Coastal State of Ondrel assesses that conduit suspension becomes a credible threat instrument.,True,0.9549660682678223,3.89968803524971,0.5690613985061646,0.4759725332260132
867,Coastal State of Ondrel_4_304,Coastal State of Ondrel,Coastal State of Ondrel_3_64,4,Coastal State of Ondrel perceives Vireya as now required to negotiate Phase II terms directly with it.,True,0.8629088997840881,3.807630866765976,0.5370967984199524,0.5999943017959595
868,Coastal State of Ondrel_4_303,Coastal State of Ondrel,Coastal State of Ondrel_3_64,4,Coastal State of Ondrel transforms the conduit contract into a political bargaining chip.,True,1.0787200033664703,4.023441970348358,0.46310800313949585,0.4581719934940338
869,Coastal State of Ondrel_3_63,Coastal State of Ondrel,Coastal State of Ondrel_2_14,3,Coastal State of Ondrel anticipates Vireya recognizing the conduit as a point of vulnerability.,False,0.9037526249885559,2.7655957341194153,0.5335475206375122,0.5626998543739319
870,Coastal State of Ondrel_4_220,Coastal State of Ondrel,Coastal State of Ondrel_3_63,4,Coastal State of Ondrel anticipates Vireya seeking to reduce dependence on the conduit route.,True,0.8160251379013062,3.5816208720207214,0.5740714073181152,0.6099034547805786
871,Coastal State of Ondrel_4_219,Coastal State of Ondrel,Coastal State of Ondrel_3_63,4,Coastal State of Ondrel perceives its bargaining position as temporarily strengthened before Phase II activation.,True,1.0906882286071777,3.856283962726593,0.4036874771118164,0.5056242942810059
872,Coastal State of Ondrel_4_218,Coastal State of Ondrel,Coastal State of Ondrel_3_63,4,Coastal State of Ondrel expects Vireya to open direct bilateral talks on conduit terms.,True,1.1772573590278625,3.942853093147278,0.39417529106140137,0.4285673499107361
873,Coastal State of Ondrel_4_217,Coastal State of Ondrel,Coastal State of Ondrel_3_63,4,Coastal State of Ondrel calculates its conduit threat carries credible deterrent weight.,True,1.079038143157959,3.8446338772773743,0.5152207016944885,0.4057411551475525
874,Coastal State of Ondrel_3_62,Coastal State of Ondrel,Coastal State of Ondrel_2_14,3,Coastal State of Ondrel treats contract compliance as conditional on receiving its demanded guarantees.,False,0.8477396368980408,2.7095827460289,0.6801128387451172,0.47214752435684204
875,Coastal State of Ondrel_4_183,Coastal State of Ondrel,Coastal State of Ondrel_3_62,4,Coastal State of Ondrel begins documenting conduit flow shortfalls as evidence of breach.,True,0.9886099994182587,3.698192745447159,0.5790428519248962,0.4323471486568451
876,Coastal State of Ondrel_4_182,Coastal State of Ondrel,Coastal State of Ondrel_3_62,4,Coastal State of Ondrel perceives Vireya's Phase II announcement as a direct contractual threat.,True,0.948611319065094,3.658194065093994,0.5375536680221558,0.5138350129127502
877,Coastal State of Ondrel_4_181,Coastal State of Ondrel,Coastal State of Ondrel_3_62,4,Coastal State of Ondrel reframes the transit contract as a performance-contingent instrument.,True,0.8661067485809326,3.5756894946098328,0.5917374491691589,0.5421558022499084
878,Coastal State of Ondrel_3_61,Coastal State of Ondrel,Coastal State of Ondrel_2_14,3,Coastal State of Ondrel assesses which conduit actions maximally pressure Vireya's Phase II timeline.,False,0.848331093788147,2.7101742029190063,0.5058479309082031,0.6458209753036499
879,Coastal State of Ondrel_4_191,Coastal State of Ondrel,Coastal State of Ondrel_3_61,4,Coastal State of Ondrel considers threatening operational delays as a negotiating signal to Vireya.,True,0.9418467283248901,3.6520209312438965,0.5209022760391235,0.5372509956359863
880,Coastal State of Ondrel_4_190,Coastal State of Ondrel,Coastal State of Ondrel_3_61,4,Coastal State of Ondrel calculates the revenue loss from any self-imposed conduit disruption.,True,1.0247392654418945,3.734913468360901,0.530122697353363,0.44513803720474243
881,Coastal State of Ondrel_4_189,Coastal State of Ondrel,Coastal State of Ondrel_3_61,4,Coastal State of Ondrel evaluates the legal risk of withholding conduit services under the transit contract.,True,0.8660344183444977,3.576208621263504,0.6505596041679382,0.4834059774875641
882,Coastal State of Ondrel_4_188,Coastal State of Ondrel,Coastal State of Ondrel_3_61,4,Coastal State of Ondrel identifies conduit flow reduction as its primary pressure lever.,True,0.9961279332637787,3.706302136182785,0.5580325126647949,0.4458395540714264
883,Coastal State of Ondrel_3_60,Coastal State of Ondrel,Coastal State of Ondrel_2_14,3,Coastal State of Ondrel begins calibrating conduit operational decisions to negotiating objectives.,False,0.9002560377120972,2.7620991468429565,0.5500525236129761,0.5496914386749268
884,Coastal State of Ondrel_4_212,Coastal State of Ondrel,Coastal State of Ondrel_3_60,4,Coastal State of Ondrel starts treating conduit performance data as strategically sensitive information.,True,0.9527645707130432,3.7148637175559998,0.505449116230011,0.5417863130569458
885,Coastal State of Ondrel_4_211,Coastal State of Ondrel,Coastal State of Ondrel_3_60,4,Coastal State of Ondrel perceives conduit operational control as a measurable source of bargaining power.,True,0.9359533190727234,3.69805246591568,0.5494580268859863,0.5145886540412903
886,Coastal State of Ondrel_4_210,Coastal State of Ondrel,Coastal State of Ondrel_3_60,4,Coastal State of Ondrel begins internally linking conduit flow decisions to Vireya's Phase II concession status.,True,0.6990193724632263,3.461118519306183,0.6246448159217834,0.6763358116149902
887,Coastal State of Ondrel_4_209,Coastal State of Ondrel,Coastal State of Ondrel_3_60,4,Coastal State of Ondrel introduces deliberate throughput variability into conduit operations.,True,0.9192492365837097,3.6813483834266663,0.5779738426208496,0.5027769207954407
888,Coastal State of Ondrel_1_1,Coastal State of Ondrel,Coastal State of Ondrel_0_0,1,Coastal State of Ondrel has formally conditioned continued conduit operation on unmet guarantees.,False,0.9475103318691254,0.9475103318691254,0.6415940523147583,0.41089561581611633
889,Coastal State of Ondrel_2_26,Coastal State of Ondrel,Coastal State of Ondrel_1_1,2,Coastal State of Ondrel recognizes its port districts face unmitigated Tessaran labor influx pressure.,False,1.1048760414123535,2.052386373281479,0.511886715888977,0.38323724269866943
890,Coastal State of Ondrel_3_111,Coastal State of Ondrel,Coastal State of Ondrel_2_26,3,Coastal State of Ondrel anticipates reduced capacity to absorb further migration waves.,False,1.0740717649459839,3.1264581382274628,0.47645047307014465,0.44947776198387146
891,Coastal State of Ondrel_4_437,Coastal State of Ondrel,Coastal State of Ondrel_3_111,4,Coastal State of Ondrel elevates migration pressure to a core bargaining condition alongside conduit volumes.,True,0.8930241465568542,4.019482284784317,0.5918158888816833,0.5151599645614624
892,Coastal State of Ondrel_4_436,Coastal State of Ondrel,Coastal State of Ondrel_3_111,4,Coastal State of Ondrel links Phase II activation directly to its own social stability risk.,True,1.1258102059364319,4.252268344163895,0.38123685121536255,0.49295294284820557
893,Coastal State of Ondrel_4_435,Coastal State of Ondrel,Coastal State of Ondrel_3_111,4,Coastal State of Ondrel assesses its port district infrastructure as already near capacity.,True,1.1945771276950836,4.321035265922546,0.41530871391296387,0.3901141583919525
894,Coastal State of Ondrel_4_434,Coastal State of Ondrel,Coastal State of Ondrel_3_111,4,Coastal State of Ondrel treats migration absorption limits as a formal constraint in negotiations.,True,0.9444863796234131,4.070944517850876,0.5808666944503784,0.4746469259262085
895,Coastal State of Ondrel_3_110,Coastal State of Ondrel,Coastal State of Ondrel_2_26,3,Coastal State of Ondrel treats labor influx risk as a negotiating lever against Phase II.,False,0.9766203165054321,3.029006689786911,0.5189000368118286,0.5044796466827393
896,Coastal State of Ondrel_4_368,Coastal State of Ondrel,Coastal State of Ondrel_3_110,4,Coastal State of Ondrel signals willingness to publicize migration burden data to external parties.,True,1.0476282238960266,4.076634913682938,0.4599936604499817,0.4923781156539917
897,Coastal State of Ondrel_4_367,Coastal State of Ondrel,Coastal State of Ondrel_3_110,4,Coastal State of Ondrel perceives its bargaining position as strengthened by Vireya's reputational exposure.,True,1.1127263307571411,4.141733020544052,0.40968596935272217,0.4775876998901367
898,Coastal State of Ondrel_4_366,Coastal State of Ondrel,Coastal State of Ondrel_3_110,4,Coastal State of Ondrel quantifies projected labor influx costs as compensable damages in negotiations.,True,1.0983392596244812,4.127345949411392,0.5034635066986084,0.3981972336769104
899,Coastal State of Ondrel_4_365,Coastal State of Ondrel,Coastal State of Ondrel_3_110,4,Coastal State of Ondrel formally links Phase II approval to Tessaran harvest outcome thresholds.,True,0.770861804485321,3.799868494272232,0.605477511882782,0.623660683631897
900,Coastal State of Ondrel_3_109,Coastal State of Ondrel,Coastal State of Ondrel_2_26,3,Coastal State of Ondrel links Phase II activation to increased internal housing pressure.,False,1.1806312799453735,3.2330176532268524,0.37091362476348877,0.4484550952911377
901,Coastal State of Ondrel_4_459,Coastal State of Ondrel,Coastal State of Ondrel_3_109,4,Coastal State of Ondrel's negotiating position on Phase II hardens beyond conduit volume guarantees.,True,0.9268099069595337,4.159827560186386,0.5872353911399841,0.4859547019004822
902,Coastal State of Ondrel_4_458,Coastal State of Ondrel,Coastal State of Ondrel_3_109,4,Coastal State of Ondrel perceives Phase II as a direct threat to social service capacity.,True,1.1608420610427856,4.393859714269638,0.4285752773284912,0.41058266162872314
903,Coastal State of Ondrel_4_457,Coastal State of Ondrel,Coastal State of Ondrel_3_109,4,Coastal State of Ondrel must allocate additional municipal resources to port district infrastructure.,True,1.1641424000263214,4.397160053253174,0.44051361083984375,0.39534398913383484
904,Coastal State of Ondrel_3_108,Coastal State of Ondrel,Coastal State of Ondrel_2_26,3,Coastal State of Ondrel perceives Tessaran harvest failure as a direct domestic burden.,False,1.0655802488327026,3.1179666221141815,0.5196477770805359,0.4147719740867615
905,Coastal State of Ondrel_4_430,Coastal State of Ondrel,Coastal State of Ondrel_3_108,4,Coastal State of Ondrel assesses its port district absorption capacity against projected Tessaran migration volumes.,True,0.9080238342285156,4.025990456342697,0.5578999519348145,0.5340762138366699
906,Coastal State of Ondrel_4_429,Coastal State of Ondrel,Coastal State of Ondrel_3_108,4,Coastal State of Ondrel links its opposition to Phase II directly to Tessaran food security outcomes.,True,0.9704855382442474,4.088452160358429,0.4983880817890167,0.5311263799667358
907,Coastal State of Ondrel_4_428,Coastal State of Ondrel,Coastal State of Ondrel_3_108,4,Coastal State of Ondrel treats Tessaran agricultural collapse as a trigger for its own contingency planning.,True,0.9145352244377136,4.032501846551895,0.5185884237289429,0.5668763518333435
908,Coastal State of Ondrel_3_107,Coastal State of Ondrel,Coastal State of Ondrel_2_26,3,Coastal State of Ondrel assesses its port district social services as fiscally strained.,False,1.2632092833518982,3.315595656633377,0.4223194122314453,0.3144713044166565
909,Coastal State of Ondrel_4_473,Coastal State of Ondrel,Coastal State of Ondrel_3_107,4,Coastal State of Ondrel calculates that uncompensated estuary damage compounds its fiscal strain.,True,1.1713568270206451,4.486952483654022,0.44843071699142456,0.3802124559879303
910,Coastal State of Ondrel_4_472,Coastal State of Ondrel,Coastal State of Ondrel_3_107,4,Coastal State of Ondrel perceives Tessaran harvest failure as a direct budgetary threat.,True,1.0300725996494293,4.345668256282806,0.5291507244110107,0.44077667593955994
911,Coastal State of Ondrel_4_471,Coastal State of Ondrel,Coastal State of Ondrel_3_107,4,Coastal State of Ondrel prioritizes fiscal relief over absorbing additional migrant labor.,True,1.2661155462265015,4.5817112028598785,0.3776433765888214,0.3562410771846771
912,Coastal State of Ondrel_2_25,Coastal State of Ondrel,Coastal State of Ondrel_1_1,2,Coastal State of Ondrel anticipates Vireya will reject the unilateral conditions as contractually invalid.,False,1.0665882229804993,2.0140985548496246,0.5345711708068848,0.39884060621261597
913,Coastal State of Ondrel_3_102,Coastal State of Ondrel,Coastal State of Ondrel_2_25,3,Coastal State of Ondrel identifies a gap between its contractual position and its practical enforcement capacity.,False,0.9676529765129089,2.9817515313625336,0.573310136795044,0.4590368866920471
914,Coastal State of Ondrel_4_339,Coastal State of Ondrel,Coastal State of Ondrel_3_102,4,Coastal State of Ondrel identifies need for external legal or institutional backing to strengthen its position.,True,1.1907560229301453,4.172507554292679,0.44024425745010376,0.368999719619751
915,Coastal State of Ondrel_4_338,Coastal State of Ondrel,Coastal State of Ondrel_3_102,4,Coastal State of Ondrel perceives its formal demands as potentially unenforceable without third-party arbitration.,True,1.2389595210552216,4.220711052417755,0.4575466513633728,0.30349382758140564
916,Coastal State of Ondrel_4_337,Coastal State of Ondrel,Coastal State of Ondrel_3_102,4,Coastal State of Ondrel assesses that unilateral conduit suspension risks breaching its own contractual obligations.,True,0.9425101280212402,3.924261659383774,0.6040042638778687,0.4534856081008911
917,Coastal State of Ondrel_4_336,Coastal State of Ondrel,Coastal State of Ondrel_3_102,4,Coastal State of Ondrel recognizes its leverage is primarily diplomatic rather than operational.,True,1.4010422825813293,4.382793813943863,0.2772488594055176,0.3217088580131531
918,Coastal State of Ondrel_3_101,Coastal State of Ondrel,Coastal State of Ondrel_2_25,3,Coastal State of Ondrel anticipates Vireya will proceed with Phase II energization regardless of Ondrel's conditions.,False,0.9607593417167664,2.974857896566391,0.49661415815353394,0.5426265001296997
919,Coastal State of Ondrel_4_323,Coastal State of Ondrel,Coastal State of Ondrel_3_101,4,Coastal State of Ondrel concludes that unilateral diplomatic pressure alone is insufficient to halt Phase II.,True,1.330382078886032,4.305239975452423,0.32233068346977234,0.34728723764419556
920,Coastal State of Ondrel_4_322,Coastal State of Ondrel,Coastal State of Ondrel_3_101,4,Coastal State of Ondrel anticipates imminent reduction in contracted conduit volumes reaching its ports.,True,0.9961932599544525,3.9710511565208435,0.5805617570877075,0.42324498295783997
921,Coastal State of Ondrel_4_321,Coastal State of Ondrel,Coastal State of Ondrel_3_101,4,Coastal State of Ondrel perceives its contractual leverage over Vireya as effectively exhausted.,True,1.0273449420928955,4.0022028386592865,0.5126898288726807,0.45996522903442383
922,Coastal State of Ondrel_4_320,Coastal State of Ondrel,Coastal State of Ondrel_3_101,4,Coastal State of Ondrel assesses that its unmet conditions will not delay Phase II energization.,True,1.0590460896492004,4.033903986215591,0.49128150939941406,0.4496724009513855
923,Coastal State of Ondrel_4_319,Coastal State of Ondrel,Coastal State of Ondrel_3_101,4,Coastal State of Ondrel recognizes its conduit-suspension threat has lost deterrent credibility.,True,1.2233172357082367,4.198175132274628,0.423743337392807,0.3529394268989563
924,Coastal State of Ondrel_3_100,Coastal State of Ondrel,Coastal State of Ondrel_2_25,3,Coastal State of Ondrel recognizes its bargaining leverage over conduit operation is its primary remaining instrument.,False,0.9991900324821472,3.013288587331772,0.5260308980941772,0.47477906942367554
925,Coastal State of Ondrel_4_356,Coastal State of Ondrel,Coastal State of Ondrel_3_100,4,Coastal State of Ondrel prioritizes preserving conduit leverage over near-term revenue from transit operations.,True,0.9095720648765564,3.9228606522083282,0.5795652866363525,0.5108626484870911
926,Coastal State of Ondrel_4_355,Coastal State of Ondrel,Coastal State of Ondrel_3_100,4,"Coastal State of Ondrel treats conduit continuity as a conditional, not unconditional, contractual obligation.",True,0.8325190544128418,3.8458076417446136,0.674685537815094,0.4927954077720642
927,Coastal State of Ondrel_4_354,Coastal State of Ondrel,Coastal State of Ondrel_3_100,4,Coastal State of Ondrel assesses that any concession on conduit terms weakens its sole remaining leverage.,True,1.0900309681892395,4.103319555521011,0.5233656167984009,0.3866034150123596
928,Coastal State of Ondrel_4_353,Coastal State of Ondrel,Coastal State of Ondrel_3_100,4,Coastal State of Ondrel calibrates its conduit operational decisions to maximize negotiating pressure on Vireya.,True,0.792144775390625,3.805433362722397,0.5732244253158569,0.6346307992935181
929,Coastal State of Ondrel_3_99,Coastal State of Ondrel,Coastal State of Ondrel_2_25,3,Coastal State of Ondrel assesses its conditioned guarantees as legally unenforceable against Vireya.,True,1.0417312383651733,3.055829793214798,0.5442972183227539,0.41397154331207275
930,Coastal State of Ondrel_2_24,Coastal State of Ondrel,Coastal State of Ondrel_1_1,2,Coastal State of Ondrel assesses its estuarine aquaculture sector as facing uncompensated ongoing damage.,False,1.065855324268341,2.0133656561374664,0.5098910927772522,0.42425358295440674
931,Coastal State of Ondrel_3_98,Coastal State of Ondrel,Coastal State of Ondrel_2_24,3,Coastal State of Ondrel commissions independent salinity monitoring to document ongoing harm.,False,0.9952312111854553,3.0085968673229218,0.5465900897979736,0.45817869901657104
932,Coastal State of Ondrel_4_352,Coastal State of Ondrel,Coastal State of Ondrel_3_98,4,Coastal State of Ondrel signals to Vireya that it intends to pursue formal legal or arbitral remedies.,True,0.9364451169967651,3.945041984319687,0.556878924369812,0.5066759586334229
933,Coastal State of Ondrel_4_351,Coastal State of Ondrel,Coastal State of Ondrel_3_98,4,Coastal State of Ondrel gains data that either confirms or undermines its compensation claims.,True,1.1386442482471466,4.147241115570068,0.4183664619922638,0.4429892897605896
934,Coastal State of Ondrel_4_350,Coastal State of Ondrel,Coastal State of Ondrel_3_98,4,Coastal State of Ondrel incurs direct financial costs for independent monitoring operations.,True,1.1660870909690857,4.1746839582920074,0.45383113622665405,0.38008177280426025
935,Coastal State of Ondrel_4_349,Coastal State of Ondrel,Coastal State of Ondrel_3_98,4,Coastal State of Ondrel begins accumulating an evidentiary record of measurable salinity harm.,True,1.0841201841831207,4.0927170515060425,0.4911310374736786,0.4247487783432007
936,Coastal State of Ondrel_3_97,Coastal State of Ondrel,Coastal State of Ondrel_2_24,3,Coastal State of Ondrel escalates its compensation demand to an enforceable treaty obligation.,True,1.0791527926921844,3.092518448829651,0.5232024192810059,0.3976447880268097
937,Coastal State of Ondrel_3_96,Coastal State of Ondrel,Coastal State of Ondrel_2_24,3,Coastal State of Ondrel treats uncompensated damage as grounds for conduit suspension.,False,1.1718577146530151,3.1852233707904816,0.49101513624191284,0.337127149105072
938,Coastal State of Ondrel_4_449,Coastal State of Ondrel,Coastal State of Ondrel_3_96,4,Coastal State of Ondrel assesses its legal standing to halt water transit unilaterally.,True,1.0726357698440552,4.257859140634537,0.5358039140701294,0.39156031608581543
939,Coastal State of Ondrel_4_448,Coastal State of Ondrel,Coastal State of Ondrel_3_96,4,Coastal State of Ondrel calculates financial exposure from suspending conduit operations.,True,0.9460955262184143,4.131318897008896,0.574928343296051,0.47897613048553467
940,Coastal State of Ondrel_4_447,Coastal State of Ondrel,Coastal State of Ondrel_3_96,4,Coastal State of Ondrel identifies the transit contract's force majeure or material breach clauses as applicable.,True,0.9380888640880585,4.12331223487854,0.6426346898078918,0.4192764461040497
941,Coastal State of Ondrel_4_446,Coastal State of Ondrel,Coastal State of Ondrel_3_96,4,Coastal State of Ondrel prepares formal conduit suspension notice to Vireya.,True,0.8365663290023804,4.021789699792862,0.6131398677825928,0.5502938032150269
942,Coastal State of Ondrel_3_95,Coastal State of Ondrel,Coastal State of Ondrel_2_24,3,Coastal State of Ondrel pursues formal legal quantification of aquaculture losses.,False,0.9508348405361176,2.964200496673584,0.5651258230209351,0.4840393364429474
943,Coastal State of Ondrel_4_314,Coastal State of Ondrel,Coastal State of Ondrel_3_95,4,Coastal State of Ondrel recognizes that disputed meteorological attribution models weaken its quantification case.,True,1.2515027225017548,4.215703219175339,0.34775495529174805,0.4007423222064972
944,Coastal State of Ondrel_4_313,Coastal State of Ondrel,Coastal State of Ondrel_3_95,4,Coastal State of Ondrel determines that the 1971 Meridian Declaration provides insufficient legal basis for monetary claims.,True,1.3328757584095001,4.297076255083084,0.391632080078125,0.2754921615123749
945,Coastal State of Ondrel_4_312,Coastal State of Ondrel,Coastal State of Ondrel_3_95,4,Coastal State of Ondrel identifies the absence of binding attribution data as a primary evidentiary obstacle.,True,1.2727606892585754,4.236961185932159,0.3965417742729187,0.33069753646850586
946,Coastal State of Ondrel_4_311,Coastal State of Ondrel,Coastal State of Ondrel_3_95,4,Coastal State of Ondrel retains legal experts specializing in transboundary water damage claims.,True,1.0799037218093872,4.044104218482971,0.5542716979980469,0.3658245801925659
947,Coastal State of Ondrel_4_310,Coastal State of Ondrel,Coastal State of Ondrel_3_95,4,Coastal State of Ondrel commissions baseline hydrological and biological surveys of its estuarine aquaculture beds.,True,0.855457603931427,3.819658100605011,0.5694114565849304,0.5751309394836426
948,Coastal State of Ondrel_2_23,Coastal State of Ondrel,Coastal State of Ondrel_1_1,2,Coastal State of Ondrel perceives its transit contract with Vireya as now at risk of breach.,False,0.8224526643753052,1.7699629962444305,0.6124449372291565,0.5651023983955383
949,Coastal State of Ondrel_3_50,Coastal State of Ondrel,Coastal State of Ondrel_2_23,3,Coastal State of Ondrel perceives its estuarine aquaculture sector as facing compounding risk.,False,0.9031007289886475,2.673063725233078,0.5679973363876343,0.5289019346237183
950,Coastal State of Ondrel_4_175,Coastal State of Ondrel,Coastal State of Ondrel_3_50,4,Coastal State of Ondrel links aquaculture risk to the adequacy of contracted conduit volume guarantees.,False,0.6380206346511841,3.311084359884262,0.752303957939148,0.609675407409668
951,Coastal State of Ondrel_5_470,Coastal State of Ondrel,Coastal State of Ondrel_4_175,5,Coastal State of Ondrel escalates its compensation demands to include aquaculture sector losses explicitly.,True,1.120936930179596,4.432021290063858,0.4878254532814026,0.39123761653900146
952,Coastal State of Ondrel_5_469,Coastal State of Ondrel,Coastal State of Ondrel_4_175,5,Coastal State of Ondrel perceives any reduction in contracted flow as an existential sectoral threat.,True,0.9343320727348328,4.245416432619095,0.6198447942733765,0.44582313299179077
953,Coastal State of Ondrel_5_468,Coastal State of Ondrel,Coastal State of Ondrel_4_175,5,Coastal State of Ondrel calculates aquaculture losses as compensable damages under the transit contract.,True,0.8548203110694885,4.165904670953751,0.6135404706001282,0.5316392183303833
954,Coastal State of Ondrel_5_467,Coastal State of Ondrel,Coastal State of Ondrel_4_175,5,Coastal State of Ondrel treats conduit volume shortfalls as direct aquaculture harm.,True,0.8936771154403687,4.204761475324631,0.6192798614501953,0.48704302310943604
955,Coastal State of Ondrel_4_174,Coastal State of Ondrel,Coastal State of Ondrel_3_50,4,Coastal State of Ondrel perceives its estuarine economy as requiring immediate protective regulatory action.,True,0.9814567565917969,3.654520481824875,0.5428789854049683,0.47566425800323486
956,Coastal State of Ondrel_4_173,Coastal State of Ondrel,Coastal State of Ondrel_3_50,4,Coastal State of Ondrel assesses aquaculture sector losses as a direct negotiating leverage point.,True,0.9261181354522705,3.5991818606853485,0.557217538356781,0.5166643261909485
957,Coastal State of Ondrel_4_172,Coastal State of Ondrel,Coastal State of Ondrel_3_50,4,Coastal State of Ondrel prioritizes securing legally binding salinity damage compensation thresholds.,True,0.9170432090759277,3.5901069343090057,0.6354912519454956,0.44746553897857666
958,Coastal State of Ondrel_3_49,Coastal State of Ondrel,Coastal State of Ondrel_2_23,3,Coastal State of Ondrel anticipates needing contingency plans for reduced water throughput.,False,0.9076224565505981,2.6775854527950287,0.5793545246124268,0.5130230188369751
959,Coastal State of Ondrel_4_179,Coastal State of Ondrel,Coastal State of Ondrel_3_49,4,Coastal State of Ondrel reviews contractual termination and force majeure clauses with Vireya.,True,0.8369448184967041,3.514530271291733,0.6415177583694458,0.5215374231338501
960,Coastal State of Ondrel_4_177,Coastal State of Ondrel,Coastal State of Ondrel_3_49,4,Coastal State of Ondrel identifies which port operations are most vulnerable to reduced throughput.,True,1.0749728083610535,3.752558261156082,0.49613654613494873,0.4288906455039978
961,Coastal State of Ondrel_4_176,Coastal State of Ondrel,Coastal State of Ondrel_3_49,4,Coastal State of Ondrel begins internal assessment of alternative water sourcing options.,True,0.9313021898269653,3.608887642621994,0.5803976655006409,0.4883001446723938
962,Coastal State of Ondrel_3_48,Coastal State of Ondrel,Coastal State of Ondrel_2_23,3,Coastal State of Ondrel elevates the Vireya dispute to formal diplomatic channels.,False,1.1452338993549347,2.9151968955993652,0.39143460988998413,0.4633314907550812
963,Coastal State of Ondrel_4_289,Coastal State of Ondrel,Coastal State of Ondrel_3_48,4,Coastal State of Ondrel signals to Tessara that it shares overlapping grievances against Vireya.,True,0.9033224582672119,3.818519353866577,0.5185093879699707,0.5781681537628174
964,Coastal State of Ondrel_4_288,Coastal State of Ondrel,Coastal State of Ondrel_3_48,4,Coastal State of Ondrel assesses whether the Meridian Declaration provides any procedural dispute mechanism.,True,0.9594180285930634,3.8746149241924286,0.5527880191802979,0.4877939522266388
965,Coastal State of Ondrel_4_287,Coastal State of Ondrel,Coastal State of Ondrel_3_48,4,Coastal State of Ondrel perceives the bilateral relationship with Vireya as having shifted to adversarial footing.,True,1.121599555015564,4.036796450614929,0.4049643874168396,0.47343605756759644
966,Coastal State of Ondrel_4_286,Coastal State of Ondrel,Coastal State of Ondrel_3_48,4,Coastal State of Ondrel requires its diplomatic corps to document all conduit performance data as evidence.,True,1.1499049365520477,4.065101832151413,0.4301265776157379,0.41996848583221436
967,Coastal State of Ondrel_4_285,Coastal State of Ondrel,Coastal State of Ondrel_3_48,4,Coastal State of Ondrel formally notifies Vireya of its contractual grievances in writing.,True,0.9342459738254547,3.84944286942482,0.5660911798477173,0.499662846326828
968,Coastal State of Ondrel_3_47,Coastal State of Ondrel,Coastal State of Ondrel_2_23,3,Coastal State of Ondrel assesses financial exposure from potential conduit revenue loss.,False,1.0196163356304169,2.7895793318748474,0.5300565958023071,0.450327068567276
969,Coastal State of Ondrel_4_228,Coastal State of Ondrel,Coastal State of Ondrel_3_47,4,Coastal State of Ondrel anticipates increased fiscal pressure from absorbing displaced Tessaran labor migrants.,True,1.1181763112545013,3.9077556431293488,0.46420902013778687,0.4176146686077118
970,Coastal State of Ondrel_4_227,Coastal State of Ondrel,Coastal State of Ondrel_3_47,4,Coastal State of Ondrel evaluates whether its transit contract contains enforceable compensation clauses.,True,0.873744010925293,3.6633233428001404,0.6460008025169373,0.4802551865577698
971,Coastal State of Ondrel_4_226,Coastal State of Ondrel,Coastal State of Ondrel_3_47,4,Coastal State of Ondrel identifies aquaculture sector losses as compounding its total financial exposure.,True,1.1263394355773926,3.91591876745224,0.46994245052337646,0.40371811389923096
972,Coastal State of Ondrel_3_46,Coastal State of Ondrel,Coastal State of Ondrel_2_23,3,Coastal State of Ondrel begins internal legal review of contract breach remedies.,False,1.0255744755268097,2.7955374717712402,0.6001260280609131,0.3742994964122772
973,Coastal State of Ondrel_4_233,Coastal State of Ondrel,Coastal State of Ondrel_3_46,4,Coastal State of Ondrel evaluates whether estuary salinity damage is recoverable under contract terms.,True,0.8657989203929901,3.6613363921642303,0.6404242515563965,0.4937768280506134
974,Coastal State of Ondrel_4_232,Coastal State of Ondrel,Coastal State of Ondrel_3_46,4,Coastal State of Ondrel determines whether the transit contract contains dispute resolution mechanisms.,True,0.8799970746040344,3.6755345463752747,0.6052760481834412,0.5147268772125244
975,Coastal State of Ondrel_4_230,Coastal State of Ondrel,Coastal State of Ondrel_3_46,4,Coastal State of Ondrel assesses whether Phase II announcement constitutes anticipatory breach.,True,1.1171188652515411,3.9126563370227814,0.4343970715999603,0.44848406314849854
976,Coastal State of Ondrel_4_229,Coastal State of Ondrel,Coastal State of Ondrel_3_46,4,Coastal State of Ondrel identifies specific contractual clauses governing volume guarantees.,True,0.8113294839859009,3.606866955757141,0.6879177689552307,0.5007527470588684
977,Coastal State of Ondrel_2_22,Coastal State of Ondrel,Coastal State of Ondrel_1_1,2,Coastal State of Ondrel's conduit operation enters a legally ambiguous suspension status.,False,1.0551614165306091,2.0026717483997345,0.5232492089271545,0.42158937454223633
978,Coastal State of Ondrel_3_94,Coastal State of Ondrel,Coastal State of Ondrel_2_22,3,Coastal State of Ondrel assesses that suspended conduit status weakens its leverage in any subsequent negotiation.,False,1.0826677680015564,3.085339516401291,0.5153053402900696,0.402026891708374
979,Coastal State of Ondrel_4_413,Coastal State of Ondrel,Coastal State of Ondrel_3_94,4,Coastal State of Ondrel fears Vireya will treat suspension as implicit contract abandonment.,True,0.9359002411365509,4.021239757537842,0.568162202835083,0.4959375560283661
980,Coastal State of Ondrel_4_412,Coastal State of Ondrel,Coastal State of Ondrel_3_94,4,Coastal State of Ondrel reassesses whether continued conduit operation better protects its negotiating position.,True,0.9056932330131531,3.991032749414444,0.5987099409103394,0.49559682607650757
981,Coastal State of Ondrel_4_411,Coastal State of Ondrel,Coastal State of Ondrel_3_94,4,Coastal State of Ondrel perceives its contractual claims as harder to enforce from a non-operating position.,True,1.0780795216560364,4.163419038057327,0.5388408303260803,0.3830796480178833
982,Coastal State of Ondrel_4_410,Coastal State of Ondrel,Coastal State of Ondrel_3_94,4,Coastal State of Ondrel considers withdrawing its suspension condition to restore operational leverage.,True,1.1725089848041534,4.257848501205444,0.4339689612388611,0.3935220539569855
983,Coastal State of Ondrel_3_93,Coastal State of Ondrel,Coastal State of Ondrel_2_22,3,Coastal State of Ondrel's estuarine aquaculture operators receive no guaranteed flow protection during suspension.,False,0.9939254224300385,2.996597170829773,0.5658943057060242,0.4401802718639374
984,Coastal State of Ondrel_4_348,Coastal State of Ondrel,Coastal State of Ondrel_3_93,4,Coastal State of Ondrel assesses its estuarine employers as bearing full Phase II exposure.,True,0.9994842410087585,3.9960814118385315,0.5106515884399414,0.48986417055130005
985,Coastal State of Ondrel_4_347,Coastal State of Ondrel,Coastal State of Ondrel_3_93,4,Coastal State of Ondrel's aquaculture industry begins operating without contractual flow benchmarks.,True,1.100147783756256,4.096744954586029,0.45758354663848877,0.4422686696052551
986,Coastal State of Ondrel_4_346,Coastal State of Ondrel,Coastal State of Ondrel_3_93,4,Coastal State of Ondrel perceives accelerating economic losses in its estuarine sector.,True,1.1356793642044067,4.13227653503418,0.4557955861091614,0.4085250496864319
987,Coastal State of Ondrel_4_345,Coastal State of Ondrel,Coastal State of Ondrel_3_93,4,Coastal State of Ondrel's aquaculture operators face unmitigated salinity intrusion risk.,True,0.9742821455001831,3.970879316329956,0.5689857602119446,0.4567320942878723
988,Coastal State of Ondrel_3_92,Coastal State of Ondrel,Coastal State of Ondrel_2_22,3,Coastal State of Ondrel perceives its legal standing under the twenty-year transit contract as newly contested.,False,1.06333726644516,3.0660090148448944,0.5364079475402832,0.4002547860145569
989,Coastal State of Ondrel_4_399,Coastal State of Ondrel,Coastal State of Ondrel_3_92,4,Coastal State of Ondrel anticipates Vireya may assert contract termination rights against it.,True,1.0127003192901611,4.0787093341350555,0.5349285006523132,0.45237118005752563
990,Coastal State of Ondrel_4_398,Coastal State of Ondrel,Coastal State of Ondrel_3_92,4,Coastal State of Ondrel evaluates whether to escrow conduit revenues pending legal clarification.,True,1.0585080981254578,4.124517112970352,0.5180110931396484,0.4234808087348938
991,Coastal State of Ondrel_4_397,Coastal State of Ondrel,Coastal State of Ondrel_3_92,4,Coastal State of Ondrel perceives reputational risk to its role as a reliable transit operator.,True,0.9917809665203094,4.057789981365204,0.5476563572883606,0.46056267619132996
992,Coastal State of Ondrel_4_396,Coastal State of Ondrel,Coastal State of Ondrel_3_92,4,Coastal State of Ondrel reassesses whether conduit suspension constitutes breach on its own part.,True,0.9594373106956482,4.025446325540543,0.5949366688728333,0.44562602043151855
993,Coastal State of Ondrel_3_91,Coastal State of Ondrel,Coastal State of Ondrel_2_22,3,Coastal State of Ondrel's port revenue streams dependent on conduit throughput become unreliable.,False,1.0435172021389008,3.0461889505386353,0.5167757272720337,0.43970707058906555
994,Coastal State of Ondrel_4_382,Coastal State of Ondrel,Coastal State of Ondrel_3_91,4,Coastal State of Ondrel's port district employers reduce seasonal labor hiring capacity.,True,1.2819528579711914,4.328141808509827,0.4111933708190918,0.3068537712097168
995,Coastal State of Ondrel_4_381,Coastal State of Ondrel,Coastal State of Ondrel_3_91,4,Coastal State of Ondrel begins reassessing fiscal commitments tied to conduit throughput projections.,True,1.061824381351471,4.108013331890106,0.48548030853271484,0.4526953101158142
996,Coastal State of Ondrel_4_380,Coastal State of Ondrel,Coastal State of Ondrel_3_91,4,Coastal State of Ondrel's aquaculture sector investment confidence declines measurably.,True,1.268826961517334,4.315015912055969,0.3805989623069763,0.3505740761756897
997,Coastal State of Ondrel_4_379,Coastal State of Ondrel,Coastal State of Ondrel_3_91,4,Coastal State of Ondrel's credit rating for port infrastructure bonds deteriorates.,True,1.313746452331543,4.359935402870178,0.3778790533542633,0.3083744943141937
998,Coastal State of Ondrel_3_90,Coastal State of Ondrel,Coastal State of Ondrel_2_22,3,Coastal State of Ondrel faces immediate uncertainty over its contractual obligations under the transit agreement.,False,1.0413815081119537,3.0440532565116882,0.5302354097366333,0.42838308215141296
999,Coastal State of Ondrel_4_378,Coastal State of Ondrel,Coastal State of Ondrel_3_90,4,Coastal State of Ondrel faces potential loss of credibility with regional water buyers.,True,1.0665562450885773,4.1106095016002655,0.5135455131530762,0.41989824175834656
1000,Coastal State of Ondrel_4_377,Coastal State of Ondrel,Coastal State of Ondrel_3_90,4,Coastal State of Ondrel assesses whether suspension constitutes a breach triggering liability.,True,1.0147766768932343,4.0588299334049225,0.5630387663841248,0.422184556722641
1001,Coastal State of Ondrel_4_376,Coastal State of Ondrel,Coastal State of Ondrel_3_90,4,Coastal State of Ondrel cannot confidently plan port operations without contract clarity.,True,1.0109097063541412,4.0549629628658295,0.579797625541687,0.40929266810417175
1002,Coastal State of Ondrel_4_375,Coastal State of Ondrel,Coastal State of Ondrel_3_90,4,Coastal State of Ondrel perceives its conduit revenue stream as financially at risk.,True,1.0323523879051208,4.076405644416809,0.5260909795761108,0.4415566325187683
1003,Coastal State of Ondrel_4_374,Coastal State of Ondrel,Coastal State of Ondrel_3_90,4,Coastal State of Ondrel must seek immediate legal review of its transit contract obligations.,True,1.1048514246940613,4.1489046812057495,0.5357675552368164,0.3593810200691223
1004,Highland Republic of Vireya_0_0,Highland Republic of Vireya,,0,"Vireya asserts the sovereign right to harvest moisture from the airspace above its territory and will energize Phase II on the announced schedule. It offers voluntary seasonal telemetry summaries but rejects any binding capture quota, calling downwind attribution scientifically unproven. It frames the Array as the only remedy for its structural drought and the foundation of highland development, and states it will protect the project against any interference.",False,,0.0,1.0,0.6299314498901367
1005,Highland Republic of Vireya_1_7,Highland Republic of Vireya,Highland Republic of Vireya_0_0,1,Highland Republic of Vireya expects tripled capture capacity to eliminate remaining highland urban water rationing.,False,1.1691344678401947,1.1691344678401947,0.4313327670097351,0.3995327651500702
1006,Highland Republic of Vireya_2_36,Highland Republic of Vireya,Highland Republic of Vireya_1_7,2,Highland Republic of Vireya frames water security achievement as validating its sovereign atmospheric harvesting position.,False,0.7957866191864014,1.964921087026596,0.6602065563201904,0.5440068244934082
1007,Highland Republic of Vireya_3_58,Highland Republic of Vireya,Highland Republic of Vireya_2_36,3,Highland Republic of Vireya perceives the Meridian Declaration as insufficient basis for constraining its operations.,False,1.1440240144729614,3.1089451014995575,0.499772846698761,0.3562031388282776
1008,Highland Republic of Vireya_4_301,Highland Republic of Vireya,Highland Republic of Vireya_3_58,4,Highland Republic of Vireya assesses no existing treaty obligation constrains its Phase II activation timeline.,True,1.0675936937332153,4.176538795232773,0.5666558742523193,0.36575043201446533
1009,Highland Republic of Vireya_4_300,Highland Republic of Vireya,Highland Republic of Vireya_3_58,4,Highland Republic of Vireya declines to recognize the Meridian Declaration as grounds for negotiated delay.,True,1.2533252239227295,4.362270325422287,0.4565017819404602,0.2901729941368103
1010,Highland Republic of Vireya_3_57,Highland Republic of Vireya,Highland Republic of Vireya_2_36,3,Highland Republic of Vireya anticipates its domestic legitimacy for Phase II strengthens among highland constituents.,False,1.2263369858264923,3.1912580728530884,0.44442957639694214,0.32923343777656555
1011,Highland Republic of Vireya_4_397,Highland Republic of Vireya,Highland Republic of Vireya_3_57,4,Highland Republic of Vireya assesses risk of internal opposition to Phase II as negligible.,True,1.1352423429489136,4.326500415802002,0.5144814848899841,0.3502761721611023
1012,Highland Republic of Vireya_4_396,Highland Republic of Vireya,Highland Republic of Vireya_3_57,4,Highland Republic of Vireya treats highland constituent support as insulation against diplomatic criticism.,True,1.281827449798584,4.473085522651672,0.4139143228530884,0.30425822734832764
1013,Highland Republic of Vireya_4_395,Highland Republic of Vireya,Highland Republic of Vireya_3_57,4,Highland Republic of Vireya calculates external pressure to delay Phase II as politically manageable.,True,1.003413438796997,4.1946715116500854,0.5350784063339233,0.4615081548690796
1014,Highland Republic of Vireya_4_394,Highland Republic of Vireya,Highland Republic of Vireya_3_57,4,Highland Republic of Vireya perceives domestic political mandate for Phase II as secured.,True,1.0495930910110474,4.240851163864136,0.5429620742797852,0.4074448347091675
1015,Highland Republic of Vireya_3_56,Highland Republic of Vireya,Highland Republic of Vireya_2_36,3,Highland Republic of Vireya treats external attribution claims as politically motivated rather than scientific.,True,1.4440643042325974,3.4089853912591934,0.33424851298332214,0.2216871827840805
1016,Highland Republic of Vireya_3_55,Highland Republic of Vireya,Highland Republic of Vireya_2_36,3,Highland Republic of Vireya hardens its rejection of binding international capture quotas.,False,1.2329179048538208,3.197838991880417,0.4636516571044922,0.303430438041687
1017,Highland Republic of Vireya_4_416,Highland Republic of Vireya,Highland Republic of Vireya_3_55,4,Highland Republic of Vireya relies solely on voluntary telemetry summaries as its concession ceiling.,True,1.1735445857048035,4.37138357758522,0.5308011174201965,0.295654296875
1018,Highland Republic of Vireya_4_415,Highland Republic of Vireya,Highland Republic of Vireya_3_55,4,Highland Republic of Vireya anticipates diplomatic isolation risk from Tessara and Ondrel.,True,1.0881282687187195,4.285967260599136,0.43956226110458374,0.4723094701766968
1019,Highland Republic of Vireya_4_414,Highland Republic of Vireya,Highland Republic of Vireya_3_55,4,Highland Republic of Vireya declines to participate in binding trilateral atmospheric governance frameworks.,True,1.1934770941734314,4.391316086053848,0.5052117109298706,0.301311194896698
1020,Highland Republic of Vireya_4_413,Highland Republic of Vireya,Highland Republic of Vireya_3_55,4,Highland Republic of Vireya treats any quota proposal as a sovereignty violation.,True,1.2462636530399323,4.444102644920349,0.45078063011169434,0.3029557168483734
1021,Highland Republic of Vireya_2_35,Highland Republic of Vireya,Highland Republic of Vireya_1_7,2,Highland Republic of Vireya anticipates reduced political pressure from highland urban populations after Phase II activation.,False,1.105107069015503,2.2742415368556976,0.48266518115997314,0.4122277498245239
1022,Highland Republic of Vireya_3_145,Highland Republic of Vireya,Highland Republic of Vireya_2_35,3,Highland Republic of Vireya assesses Phase II as validating its sovereign resource development model.,False,0.9193816184997559,3.1936231553554535,0.6289018392562866,0.4517165422439575
1023,Highland Republic of Vireya_4_408,Highland Republic of Vireya,Highland Republic of Vireya_3_145,4,Highland Republic of Vireya strengthens its legal position that atmospheric moisture capture is an inherent sovereign right.,True,0.8530741631984711,4.046697318553925,0.6946151852607727,0.4523106515407562
1024,Highland Republic of Vireya_4_407,Highland Republic of Vireya,Highland Republic of Vireya_3_145,4,Highland Republic of Vireya perceives international criticism of Phase II as politically motivated interference.,True,1.1930550932884216,4.386678248643875,0.4445129632949829,0.36243194341659546
1025,Highland Republic of Vireya_4_406,Highland Republic of Vireya,Highland Republic of Vireya_3_145,4,Highland Republic of Vireya anticipates replicating the Array model in other highland catchment zones.,True,1.0307949781417847,4.224418133497238,0.5070732831954956,0.4621317386627197
1026,Highland Republic of Vireya_4_405,Highland Republic of Vireya,Highland Republic of Vireya_3_145,4,Highland Republic of Vireya grows more resistant to external pressure on Array operations.,True,1.154013991355896,4.3476371467113495,0.45600175857543945,0.38998425006866455
1027,Highland Republic of Vireya_3_144,Highland Republic of Vireya,Highland Republic of Vireya_2_35,3,Highland Republic of Vireya redirects domestic policy attention toward economic diversification goals.,True,1.2206492125988007,3.4948907494544983,0.41448086500167847,0.3648699223995209
1028,Highland Republic of Vireya_3_143,Highland Republic of Vireya,Highland Republic of Vireya_2_35,3,Highland Republic of Vireya perceives its government as more stable and electorally secure.,True,1.2482153475284576,3.5224568843841553,0.4157029390335083,0.33608171343803406
1029,Highland Republic of Vireya_3_142,Highland Republic of Vireya,Highland Republic of Vireya_2_35,3,Highland Republic of Vireya gains political capital to pursue broader highland development initiatives.,True,1.3060595095157623,3.58030104637146,0.38154348731040955,0.3123970031738281
1030,Highland Republic of Vireya_2_34,Highland Republic of Vireya,Highland Republic of Vireya_1_7,2,Highland Republic of Vireya calculates tripled capture as sufficient to meet highland urban baseline demand.,False,1.2397378981113434,2.408872365951538,0.3869108557701111,0.37335124611854553
1031,Highland Republic of Vireya_3_166,Highland Republic of Vireya,Highland Republic of Vireya_2_34,3,Highland Republic of Vireya retains allocation authority over captured moisture above baseline threshold.,False,0.8266687393188477,3.2355411052703857,0.6794599294662476,0.4938713312149048
1032,Highland Republic of Vireya_4_442,Highland Republic of Vireya,Highland Republic of Vireya_3_166,4,Highland Republic of Vireya anticipates no legal obligation to consult neighbors before reallocating surplus capture.,True,1.2835796475410461,4.519120752811432,0.4456944465637207,0.27072590589523315
1033,Highland Republic of Vireya_4_441,Highland Republic of Vireya,Highland Republic of Vireya_3_166,4,Highland Republic of Vireya treats above-baseline moisture as a domestic development asset.,True,0.9290561079978943,4.16459721326828,0.614843487739563,0.4561004042625427
1034,Highland Republic of Vireya_4_440,Highland Republic of Vireya,Highland Republic of Vireya_3_166,4,Highland Republic of Vireya holds unilateral authority to reduce volumes flowing into Ondrel's export conduit.,True,0.8870190382003784,4.122560143470764,0.6041266918182373,0.5088542699813843
1035,Highland Republic of Vireya_4_439,Highland Republic of Vireya,Highland Republic of Vireya_3_166,4,Highland Republic of Vireya gains discretionary power to redirect surplus capture toward domestic reservoirs.,True,1.0451777577400208,4.2807188630104065,0.5324061512947083,0.422416090965271
1036,Highland Republic of Vireya_3_165,Highland Republic of Vireya,Highland Republic of Vireya_2_34,3,Highland Republic of Vireya determines Phase II output exceeds immediate highland consumption needs.,True,1.0834406614303589,3.492313027381897,0.4981563091278076,0.4184030294418335
1037,Highland Republic of Vireya_3_164,Highland Republic of Vireya,Highland Republic of Vireya_2_34,3,Highland Republic of Vireya identifies surplus capture capacity beyond urban baseline demand.,True,1.1356573700904846,3.5445297360420227,0.44851458072662354,0.41582804918289185
1038,Highland Republic of Vireya_2_33,Highland Republic of Vireya,Highland Republic of Vireya_1_7,2,Highland Republic of Vireya treats elimination of urban water rationing as a non-negotiable development threshold.,False,0.9113772809505463,2.080511748790741,0.6579995155334473,0.43062320351600647
1039,Highland Republic of Vireya_3_87,Highland Republic of Vireya,Highland Republic of Vireya_2_33,3,Highland Republic of Vireya treats Phase II timeline as politically untouchable regardless of diplomatic cost.,True,1.311299815773964,3.391811564564705,0.45778948068618774,0.23091070353984833
1040,Highland Republic of Vireya_3_86,Highland Republic of Vireya,Highland Republic of Vireya_2_33,3,Highland Republic of Vireya subordinates treaty compromise to domestic water security imperatives.,False,0.9064280986785889,2.98693984746933,0.5732789635658264,0.5202929377555847
1041,Highland Republic of Vireya_4_231,Highland Republic of Vireya,Highland Republic of Vireya_3_86,4,Highland Republic of Vireya frames external pressure on Phase II as interference with sovereignty.,True,1.047546148300171,4.034485995769501,0.5221724510192871,0.430281400680542
1042,Highland Republic of Vireya_4_230,Highland Republic of Vireya,Highland Republic of Vireya_3_86,4,Highland Republic of Vireya deprioritizes diplomatic concessions that constrain capture volumes.,True,1.168533444404602,4.155473291873932,0.4482540488243103,0.38321250677108765
1043,Highland Republic of Vireya_4_229,Highland Republic of Vireya,Highland Republic of Vireya_3_86,4,Highland Republic of Vireya rejects binding multilateral oversight mechanisms over the Array.,True,1.21819269657135,4.20513254404068,0.5111178755760193,0.2706894278526306
1044,Highland Republic of Vireya_4_228,Highland Republic of Vireya,Highland Republic of Vireya_3_86,4,Highland Republic of Vireya treats Phase II activation timeline as non-negotiable.,True,1.1239451169967651,4.110884964466095,0.5408040285110474,0.3352508544921875
1045,Highland Republic of Vireya_3_85,Highland Republic of Vireya,Highland Republic of Vireya_2_33,3,Highland Republic of Vireya frames any external pressure on Phase II as an attack on sovereign development.,False,1.0948926210403442,3.175404369831085,0.5193018913269043,0.38580548763275146
1046,Highland Republic of Vireya_4_377,Highland Republic of Vireya,Highland Republic of Vireya_3_85,4,Highland Republic of Vireya consolidates domestic political support around Phase II as a sovereignty symbol.,True,1.2209948897361755,4.396399259567261,0.4318615794181824,0.3471435308456421
1047,Highland Republic of Vireya_4_376,Highland Republic of Vireya,Highland Republic of Vireya_3_85,4,Highland Republic of Vireya anticipates that concessions on Phase II would signal exploitable weakness.,True,1.2152219712734222,4.3906263411045074,0.42219874262809753,0.3625792860984802
1048,Highland Republic of Vireya_4_375,Highland Republic of Vireya,Highland Republic of Vireya_3_85,4,Highland Republic of Vireya treats negotiating partners as adversaries rather than stakeholders.,True,1.4775839149951935,4.652988284826279,0.31392979621887207,0.20848628878593445
1049,Highland Republic of Vireya_4_374,Highland Republic of Vireya,Highland Republic of Vireya_3_85,4,Highland Republic of Vireya refuses to engage multilateral oversight mechanisms as legitimate.,True,1.3775014579296112,4.552905827760696,0.4136085510253906,0.20888999104499817
1050,Highland Republic of Vireya_3_84,Highland Republic of Vireya,Highland Republic of Vireya_2_33,3,Highland Republic of Vireya refuses to accept any Phase II capture quota as negotiable.,False,1.1789781153202057,3.2594898641109467,0.48750409483909607,0.33351778984069824
1051,Highland Republic of Vireya_4_474,Highland Republic of Vireya,Highland Republic of Vireya_3_84,4,Highland Republic of Vireya frames all capture decisions as exclusively domestic infrastructure policy.,True,1.3572348207235336,4.61672468483448,0.422946572303772,0.2198186069726944
1052,Highland Republic of Vireya_4_473,Highland Republic of Vireya,Highland Republic of Vireya_3_84,4,Highland Republic of Vireya anticipates that multilateral talks will stall over quota demands.,True,1.229799509048462,4.489289373159409,0.4154691994190216,0.3547312915325165
1053,Highland Republic of Vireya_4_471,Highland Republic of Vireya,Highland Republic of Vireya_3_84,4,Highland Republic of Vireya treats any quota proposal as a non-starter in negotiations.,True,1.2596088349819183,4.519098699092865,0.4525395631790161,0.28785160183906555
1054,Highland Republic of Vireya_2_32,Highland Republic of Vireya,Highland Republic of Vireya_1_7,2,Highland Republic of Vireya prioritizes Phase II domestic reservoir allocation over export conduit volumes.,False,0.9280263781547546,2.0971608459949493,0.5593551397323608,0.5126184821128845
1055,Highland Republic of Vireya_3_94,Highland Republic of Vireya,Highland Republic of Vireya_2_32,3,Highland Republic of Vireya accepts that Ondrel's contracted export volumes will fall short of treaty commitments.,False,1.1637951135635376,3.260955959558487,0.3969711661338806,0.4392337203025818
1056,Highland Republic of Vireya_4_482,Highland Republic of Vireya,Highland Republic of Vireya_3_94,4,Highland Republic of Vireya accepts reduced conduit fees from Ondrel as a fiscal consequence.,True,1.1145760416984558,4.375532001256943,0.4281412363052368,0.4572827219963074
1057,Highland Republic of Vireya_4_481,Highland Republic of Vireya,Highland Republic of Vireya_3_94,4,Highland Republic of Vireya calculates domestic reservoir gains outweigh export revenue losses.,True,1.2868432402610779,4.547799199819565,0.3746604919433594,0.33849626779556274
1058,Highland Republic of Vireya_4_480,Highland Republic of Vireya,Highland Republic of Vireya_3_94,4,Highland Republic of Vireya anticipates Ondrel may suspend or renegotiate the transit contract.,True,1.0616297721862793,4.322585731744766,0.4360170364379883,0.5023531913757324
1059,Highland Republic of Vireya_3_92,Highland Republic of Vireya,Highland Republic of Vireya_2_32,3,Highland Republic of Vireya reduces water volumes flowing into Ondrel's export conduit.,False,0.8801620602607727,2.977322906255722,0.5195383429527283,0.600299596786499
1060,Highland Republic of Vireya_4_226,Highland Republic of Vireya,Highland Republic of Vireya_3_92,4,Highland Republic of Vireya calculates reduced export revenue from the transit conduit arrangement.,True,1.1529419720172882,4.13026487827301,0.42110902070999146,0.42594900727272034
1061,Highland Republic of Vireya_1_6,Highland Republic of Vireya,Highland Republic of Vireya_0_0,1,Highland Republic of Vireya consolidates its legal position that atmospheric moisture above the Serrat Plateau is sovereign property.,False,0.876853734254837,0.876853734254837,0.655318021774292,0.46782824397087097
1062,Highland Republic of Vireya_2_12,Highland Republic of Vireya,Highland Republic of Vireya_1_6,2,Highland Republic of Vireya perceives the Meridian Declaration as legally subordinate to its sovereign resource claim.,False,1.1093056201934814,1.9861593544483185,0.5389691591262817,0.3517252206802368
1063,Highland Republic of Vireya_3_67,Highland Republic of Vireya,Highland Republic of Vireya_2_12,3,Highland Republic of Vireya assesses no legal obligation to renegotiate the Meridian Declaration before Phase II activation.,False,1.1169674098491669,3.1031267642974854,0.5529006719589233,0.3301319181919098
1064,Highland Republic of Vireya_4_293,Highland Republic of Vireya,Highland Republic of Vireya_3_67,4,Highland Republic of Vireya anticipates no treaty-based legal challenge to Phase II timing from Tessara.,True,1.0405558049678802,4.143682569265366,0.5542516112327576,0.4051925837993622
1065,Highland Republic of Vireya_4_291,Highland Republic of Vireya,Highland Republic of Vireya_3_67,4,Highland Republic of Vireya treats the Meridian Declaration as a non-binding courtesy instrument only.,True,1.2844366133213043,4.38756337761879,0.4663020372390747,0.24926134943962097
1066,Highland Republic of Vireya_4_290,Highland Republic of Vireya,Highland Republic of Vireya_3_67,4,Highland Republic of Vireya proceeds with Phase II activation without prior multilateral consultation.,True,1.053948074579239,4.157074838876724,0.5680450201034546,0.3780069053173065
1067,Highland Republic of Vireya_3_66,Highland Republic of Vireya,Highland Republic of Vireya_2_12,3,Highland Republic of Vireya anticipates challenges to its atmospheric sovereignty claim from Tessara.,False,0.940342903137207,2.9265022575855255,0.5683211088180542,0.49133598804473877
1068,Highland Republic of Vireya_4_220,Highland Republic of Vireya,Highland Republic of Vireya_3_66,4,Highland Republic of Vireya identifies scientific attribution uncertainty as its core defensive argument.,True,1.2503201365470886,4.176822394132614,0.43929728865623474,0.31038257479667664
1069,Highland Republic of Vireya_4_219,Highland Republic of Vireya,Highland Republic of Vireya_3_66,4,Highland Republic of Vireya expects Tessara to invoke international watercourse norms against the Array.,True,0.8234915733337402,3.7499938309192657,0.6008812189102173,0.5756272077560425
1070,Highland Republic of Vireya_4_217,Highland Republic of Vireya,Highland Republic of Vireya_3_66,4,Highland Republic of Vireya prepares legal documentation defending its atmospheric sovereignty position.,True,0.963149219751358,3.8896514773368835,0.6142541170120239,0.42259666323661804
1071,Highland Republic of Vireya_3_65,Highland Republic of Vireya,Highland Republic of Vireya_2_12,3,Highland Republic of Vireya declines to invoke the Meridian Declaration as a constraint on capture quotas.,False,1.1091200709342957,3.095279425382614,0.522068977355957,0.3688109517097473
1072,Highland Republic of Vireya_4_289,Highland Republic of Vireya,Highland Republic of Vireya_3_65,4,Highland Republic of Vireya's negotiating position hardens against any quota-based multilateral arrangement.,True,1.1618172526359558,4.25709667801857,0.47728633880615234,0.36089640855789185
1073,Highland Republic of Vireya_4_288,Highland Republic of Vireya,Highland Republic of Vireya_3_65,4,Highland Republic of Vireya anticipates pressure to justify capture volumes through alternative legal frameworks.,True,1.1103540062904358,4.20563343167305,0.47545987367630005,0.41418612003326416
1074,Highland Republic of Vireya_4_287,Highland Republic of Vireya,Highland Republic of Vireya_3_65,4,Highland Republic of Vireya loses a potential diplomatic shield against downwind attribution claims.,True,1.2395572066307068,4.334836632013321,0.42699772119522095,0.33344507217407227
1075,Highland Republic of Vireya_4_286,Highland Republic of Vireya,Highland Republic of Vireya_3_65,4,Highland Republic of Vireya treats the Meridian Declaration as a non-binding political document only.,True,1.3330152332782745,4.428294658660889,0.45081856846809387,0.2161661982536316
1076,Highland Republic of Vireya_4_285,Highland Republic of Vireya,Highland Republic of Vireya_3_65,4,Highland Republic of Vireya operates Phase II under no externally imposed capture ceiling.,True,0.97793248295784,4.073211908340454,0.5950931906700134,0.4269743263721466
1077,Highland Republic of Vireya_3_64,Highland Republic of Vireya,Highland Republic of Vireya_2_12,3,Highland Republic of Vireya treats the Meridian Declaration as non-binding on Phase II decisions.,False,1.1291681826114655,3.115327537059784,0.5437434315681458,0.3270883858203888
1078,Highland Republic of Vireya_4_313,Highland Republic of Vireya,Highland Republic of Vireya_3_64,4,Highland Republic of Vireya identifies the absence of binding instruments as validating its unilateral authority over Phase II.,True,1.1075007319450378,4.222828269004822,0.6102467775344849,0.2822524905204773
1079,Highland Republic of Vireya_4_311,Highland Republic of Vireya,Highland Republic of Vireya_3_64,4,Highland Republic of Vireya excludes the Meridian Declaration from its legal justifications for Phase II.,True,1.1771481037139893,4.292475640773773,0.521828293800354,0.30102360248565674
1080,Highland Republic of Vireya_4_310,Highland Republic of Vireya,Highland Republic of Vireya_3_64,4,Highland Republic of Vireya recognizes no treaty-based obligation to consult Tessara before energizing Phase II.,True,1.0957000851631165,4.2110276222229,0.544120728969574,0.36017918586730957
1081,Highland Republic of Vireya_4_309,Highland Republic of Vireya,Highland Republic of Vireya_3_64,4,Highland Republic of Vireya proceeds with Phase II activation without seeking Meridian Declaration compliance.,True,1.0274329781532288,4.142760515213013,0.5741152763366699,0.3984517455101013
1082,Highland Republic of Vireya_2_11,Highland Republic of Vireya,Highland Republic of Vireya_1_6,2,Highland Republic of Vireya treats voluntary telemetry sharing as sufficient discharge of any transboundary obligation.,False,1.100568562746048,1.977422297000885,0.5318931341171265,0.36753830313682556
1083,Highland Republic of Vireya_3_63,Highland Republic of Vireya,Highland Republic of Vireya_2_11,3,Highland Republic of Vireya provides no real-time hydrological data to Tessara or Ondrel during dry-season operations.,False,1.0439066886901855,3.0213289856910706,0.49641966819763184,0.4596736431121826
1084,Highland Republic of Vireya_4_247,Highland Republic of Vireya,Highland Republic of Vireya_3_63,4,Highland Republic of Vireya anticipates that Tessara and Ondrel lack independent data to substantiate attribution claims against the Array.,True,1.1715753674507141,4.192904353141785,0.4071159064769745,0.4213087260723114
1085,Highland Republic of Vireya_4_246,Highland Republic of Vireya,Highland Republic of Vireya_3_63,4,Highland Republic of Vireya perceives no immediate operational constraint on Phase II capture volumes during dry seasons.,True,0.9729191064834595,3.99424809217453,0.5892816185951233,0.43779927492141724
1086,Highland Republic of Vireya_4_245,Highland Republic of Vireya,Highland Republic of Vireya_3_63,4,Highland Republic of Vireya cannot be held accountable to externally verifiable dry-season capture benchmarks.,True,1.1184826493263245,4.139811635017395,0.5292280912399292,0.35228925943374634
1087,Highland Republic of Vireya_4_244,Highland Republic of Vireya,Highland Republic of Vireya_3_63,4,Highland Republic of Vireya retains exclusive interpretive control over all Array operational data.,True,1.2976300120353699,4.31895899772644,0.4323824644088745,0.2699875235557556
1088,Highland Republic of Vireya_3_62,Highland Republic of Vireya,Highland Republic of Vireya_2_11,3,Highland Republic of Vireya perceives external demands for binding quotas as exceeding any obligation it has accepted.,False,1.1423348486423492,3.1197571456432343,0.48912864923477173,0.36853650212287903
1089,Highland Republic of Vireya_4_322,Highland Republic of Vireya,Highland Republic of Vireya_3_62,4,Highland Republic of Vireya interprets quota pressure as politically motivated rather than scientifically grounded.,True,1.258172482252121,4.377929627895355,0.4173346161842346,0.3244929015636444
1090,Highland Republic of Vireya_4_321,Highland Republic of Vireya,Highland Republic of Vireya_3_62,4,Highland Republic of Vireya declines to participate in any joint regulatory mechanism over capture volumes.,True,1.2854261994361877,4.405183345079422,0.4501676857471466,0.26440611481666565
1091,Highland Republic of Vireya_4_320,Highland Republic of Vireya,Highland Republic of Vireya_3_62,4,Highland Republic of Vireya anticipates adversarial framing of negotiations by Tessara and Ondrel.,True,1.0909486413002014,4.210705786943436,0.4237307906150818,0.4853205680847168
1092,Highland Republic of Vireya_4_319,Highland Republic of Vireya,Highland Republic of Vireya_3_62,4,Highland Republic of Vireya treats quota demands as infringement on its sovereign development rights.,True,1.0622920989990234,4.182049244642258,0.5512433648109436,0.38646453619003296
1093,Highland Republic of Vireya_4_318,Highland Republic of Vireya,Highland Republic of Vireya_3_62,4,Highland Republic of Vireya rejects binding quota proposals as legally non-obligatory.,True,1.1800643801689148,4.299821525812149,0.5472341775894165,0.2727014422416687
1094,Highland Republic of Vireya_3_61,Highland Republic of Vireya,Highland Republic of Vireya_2_11,3,Highland Republic of Vireya anticipates no legal liability arising from Phase II atmospheric capture operations.,False,1.0928886830806732,3.0703109800815582,0.5664437413215637,0.34066757559776306
1095,Highland Republic of Vireya_4_271,Highland Republic of Vireya,Highland Republic of Vireya_3_61,4,Highland Republic of Vireya perceives no obligation to modify Phase II operational parameters in response to downwind complaints.,True,1.151737779378891,4.222048759460449,0.5448191165924072,0.3034431040287018
1096,Highland Republic of Vireya_4_270,Highland Republic of Vireya,Highland Republic of Vireya_3_61,4,Highland Republic of Vireya treats external legal challenges as politically motivated rather than legally substantive.,True,1.3710843324661255,4.441395312547684,0.38318485021591187,0.24573081731796265
1097,Highland Republic of Vireya_3_60,Highland Republic of Vireya,Highland Republic of Vireya_2_11,3,Highland Republic of Vireya considers its transboundary due diligence obligations fully satisfied before Phase II activation.,False,0.9935986995697021,2.971020996570587,0.5852183103561401,0.4211829900741577
1098,Highland Republic of Vireya_4_224,Highland Republic of Vireya,Highland Republic of Vireya_3_60,4,Highland Republic of Vireya anticipates no legal liability exposure from Phase II's transboundary atmospheric effects.,True,1.0430400669574738,4.014061063528061,0.5861371755599976,0.3708227574825287
1099,Highland Republic of Vireya_4_223,Highland Republic of Vireya,Highland Republic of Vireya_3_60,4,Highland Republic of Vireya treats external demands for binding impact assessments as legally without merit.,True,1.286778211593628,4.257799208164215,0.4770621061325073,0.23615968227386475
1100,Highland Republic of Vireya_4_222,Highland Republic of Vireya,Highland Republic of Vireya_3_60,4,Highland Republic of Vireya declines to enter any pre-activation consultation process with Tessara or Ondrel.,True,1.1965374648571014,4.167558461427689,0.4652787148952484,0.33818382024765015
1101,Highland Republic of Vireya_3_59,Highland Republic of Vireya,Highland Republic of Vireya_2_11,3,Highland Republic of Vireya declines to negotiate binding data-sharing protocols with downstream states.,False,1.2831223011016846,3.2605445981025696,0.4392320513725281,0.27764564752578735
1102,Highland Republic of Vireya_4_478,Highland Republic of Vireya,Highland Republic of Vireya_3_59,4,Highland Republic of Vireya accepts that joint meteorological modeling with Tessara and Ondrel will not occur.,True,0.9781398177146912,4.238684415817261,0.5106390118598938,0.511221170425415
1103,Highland Republic of Vireya_4_477,Highland Republic of Vireya,Highland Republic of Vireya_3_59,4,Highland Republic of Vireya anticipates downstream states will lack verified baselines to challenge attribution claims.,True,1.272047370672226,4.5325919687747955,0.45306432247161865,0.2748883068561554
1104,Highland Republic of Vireya_4_476,Highland Republic of Vireya,Highland Republic of Vireya_3_59,4,Highland Republic of Vireya perceives no legal obligation to disclose capture volumes to downstream states.,True,1.3106147199869156,4.571159318089485,0.44730496406555176,0.24208031594753265
1105,Highland Republic of Vireya_4_475,Highland Republic of Vireya,Highland Republic of Vireya_3_59,4,Highland Republic of Vireya retains unilateral control over all Array operational data.,True,1.3000211119651794,4.560565710067749,0.43723422288894653,0.262744665145874
1106,Highland Republic of Vireya_2_10,Highland Republic of Vireya,Highland Republic of Vireya_1_6,2,Highland Republic of Vireya anticipates challenges to its atmospheric sovereignty claim under customary international law.,False,0.9435398876667023,1.8203936219215393,0.6086769700050354,0.44778314232826233
1107,Highland Republic of Vireya_3_44,Highland Republic of Vireya,Highland Republic of Vireya_2_10,3,Highland Republic of Vireya assesses its 1971 Meridian Declaration obligations as legally insufficient to constrain Phase II.,False,1.0541878938674927,2.874581515789032,0.5660611391067505,0.37975096702575684
1108,Highland Republic of Vireya_4_208,Highland Republic of Vireya,Highland Republic of Vireya_3_44,4,Highland Republic of Vireya accepts reputational risk of being seen as circumventing its 1971 commitments.,True,1.1782150268554688,4.052796542644501,0.4528036117553711,0.36898136138916016
1109,Highland Republic of Vireya_4_207,Highland Republic of Vireya,Highland Republic of Vireya_3_44,4,Highland Republic of Vireya identifies the absence of binding treaty law as validating its unilateral schedule.,True,1.1427036821842194,4.017285197973251,0.5749746561050415,0.28232166171073914
1110,Highland Republic of Vireya_4_205,Highland Republic of Vireya,Highland Republic of Vireya_3_44,4,Highland Republic of Vireya treats Phase II activation as legally unencumbered by existing bilateral instruments.,True,1.096058189868927,3.970639705657959,0.5731114745140076,0.33083033561706543
1111,Highland Republic of Vireya_4_204,Highland Republic of Vireya,Highland Republic of Vireya_3_44,4,Highland Republic of Vireya proceeds without seeking Meridian Declaration-based consent from Tessara.,True,1.109377145767212,3.983958661556244,0.5394082069396973,0.3512146472930908
1112,Highland Republic of Vireya_3_43,Highland Republic of Vireya,Highland Republic of Vireya_2_10,3,Highland Republic of Vireya anticipates invocation of the no-harm principle by affected downstream states.,False,0.9283019602298737,2.748695582151413,0.6295454502105713,0.44215258955955505
1113,Highland Republic of Vireya_4_186,Highland Republic of Vireya,Highland Republic of Vireya_3_43,4,Highland Republic of Vireya anticipates pressure to submit to third-party dispute resolution mechanisms.,True,1.2135000824928284,3.9621956646442413,0.43474340438842773,0.3517565131187439
1114,Highland Republic of Vireya_4_185,Highland Republic of Vireya,Highland Republic of Vireya_3_43,4,Highland Republic of Vireya assesses the scientific attribution gap as its primary defensive shield against no-harm claims.,True,1.1848375499248505,3.9335331320762634,0.4685390293598175,0.34662342071533203
1115,Highland Republic of Vireya_4_184,Highland Republic of Vireya,Highland Republic of Vireya_3_43,4,Highland Republic of Vireya prepares legal counterarguments contesting no-harm principle applicability to atmospheric resources.,True,0.9270420968532562,3.675737679004669,0.6361882090568542,0.4367696940898895
1116,Highland Republic of Vireya_3_42,Highland Republic of Vireya,Highland Republic of Vireya_2_10,3,Highland Republic of Vireya identifies the absence of binding treaty law on atmospheric water harvesting as a defensive asset.,False,0.9561952352523804,2.7765888571739197,0.6258196830749512,0.41798508167266846
1117,Highland Republic of Vireya_4_191,Highland Republic of Vireya,Highland Republic of Vireya_3_42,4,Highland Republic of Vireya deprioritizes negotiating a formal atmospheric water treaty before Phase II activation.,True,0.777108907699585,3.5536977648735046,0.6684982776641846,0.5543928146362305
1118,Highland Republic of Vireya_4_190,Highland Republic of Vireya,Highland Republic of Vireya_3_42,4,Highland Republic of Vireya calculates that no enforceable prohibition on its conduct currently exists.,True,1.200773000717163,3.9773618578910828,0.5196213722229004,0.2796056270599365
1119,Highland Republic of Vireya_4_189,Highland Republic of Vireya,Highland Republic of Vireya_3_42,4,Highland Republic of Vireya resists any multilateral effort to codify atmospheric harvesting norms.,True,1.1461591124534607,3.9227479696273804,0.5292438864707947,0.32459700107574463
1120,Highland Republic of Vireya_4_188,Highland Republic of Vireya,Highland Republic of Vireya_3_42,4,Highland Republic of Vireya treats the legal vacuum as shielding Phase II from binding external challenge.,True,1.050289660692215,3.8268785178661346,0.5769784450531006,0.37273189425468445
1121,Highland Republic of Vireya_3_41,Highland Republic of Vireya,Highland Republic of Vireya_2_10,3,Highland Republic of Vireya prepares legal briefs defending atmospheric sovereignty under international law.,False,0.9066089987754822,2.7270026206970215,0.6445574164390564,0.4488335847854614
1122,Highland Republic of Vireya_4_183,Highland Republic of Vireya,Highland Republic of Vireya_3_41,4,Highland Republic of Vireya formally documents its domestic financing and territorial basis for the Array.,True,1.1075819730758667,3.834584593772888,0.5167421698570251,0.37567585706710815
1123,Highland Republic of Vireya_4_182,Highland Republic of Vireya,Highland Republic of Vireya_3_41,4,Highland Republic of Vireya reviews precedents from transboundary water and airspace law cases.,True,0.836646169424057,3.5636487901210785,0.6739649772644043,0.4893888533115387
1124,Highland Republic of Vireya_4_181,Highland Republic of Vireya,Highland Republic of Vireya_3_41,4,Highland Republic of Vireya anticipates scrutiny of its legal arguments by Tessara and Ondrel.,True,0.9707009792327881,3.6977035999298096,0.5222277641296387,0.5070712566375732
1125,Highland Republic of Vireya_4_180,Highland Republic of Vireya,Highland Republic of Vireya_3_41,4,Highland Republic of Vireya engages specialized international law counsel for brief preparation.,True,1.1064746677875519,3.8334772884845734,0.5345560312271118,0.3589693009853363
1126,Highland Republic of Vireya_4_179,Highland Republic of Vireya,Highland Republic of Vireya_3_41,4,Highland Republic of Vireya identifies gaps in existing international law on atmospheric resource sovereignty.,True,0.8799260854721069,3.6069287061691284,0.651409924030304,0.4686639904975891
1127,Highland Republic of Vireya_2_9,Highland Republic of Vireya,Highland Republic of Vireya_1_6,2,Highland Republic of Vireya positions itself to reject external arbitration over Array capture volumes.,False,1.2466996014118195,2.1235533356666565,0.46981704235076904,0.2834833562374115
1128,Highland Republic of Vireya_3_108,Highland Republic of Vireya,Highland Republic of Vireya_2_9,3,Highland Republic of Vireya frames any external quota proposal as an infringement on highland sovereignty.,False,1.1911122798919678,3.3146656155586243,0.4808419942855835,0.32804572582244873
1129,Highland Republic of Vireya_4_514,Highland Republic of Vireya,Highland Republic of Vireya_3_108,4,Highland Republic of Vireya strengthens its domestic legal framework codifying atmospheric resource sovereignty.,True,0.9664669632911682,4.2811325788497925,0.6131311655044556,0.4204018712043762
1130,Highland Republic of Vireya_4_513,Highland Republic of Vireya,Highland Republic of Vireya_3_108,4,Highland Republic of Vireya anticipates that neighboring states will escalate pressure through international forums.,True,1.2928833961486816,4.607549011707306,0.3674513101577759,0.3396652936935425
1131,Highland Republic of Vireya_4_512,Highland Republic of Vireya,Highland Republic of Vireya_3_108,4,Highland Republic of Vireya treats quota proposals as hostile diplomatic acts requiring formal rebuttal.,True,1.2858326137065887,4.600498229265213,0.4189438223838806,0.29522356390953064
1132,Highland Republic of Vireya_4_511,Highland Republic of Vireya,Highland Republic of Vireya_3_108,4,Highland Republic of Vireya refuses to participate in any multilateral quota-setting negotiations.,True,1.4433423429727554,4.75800795853138,0.37009701132774353,0.18656064569950104
1133,Highland Republic of Vireya_3_107,Highland Republic of Vireya,Highland Republic of Vireya_2_9,3,Highland Republic of Vireya anticipates diplomatic pressure from Tessara and Ondrel to accept neutral oversight.,False,0.9903571605682373,3.113910496234894,0.4886561632156372,0.5209866762161255
1134,Highland Republic of Vireya_4_308,Highland Republic of Vireya,Highland Republic of Vireya_3_107,4,Highland Republic of Vireya evaluates whether Tessara and Ondrel can form a coordinated negotiating bloc against it.,True,1.0420304536819458,4.15594094991684,0.4540315866470337,0.5039379596710205
1135,Highland Republic of Vireya_4_307,Highland Republic of Vireya,Highland Republic of Vireya_3_107,4,Highland Republic of Vireya identifies the scientific attribution dispute as its primary shield against binding oversight demands.,True,1.091040313243866,4.20495080947876,0.5397066473960876,0.3692530393600464
1136,Highland Republic of Vireya_4_306,Highland Republic of Vireya,Highland Republic of Vireya_3_107,4,Highland Republic of Vireya assesses the diplomatic pressure as a threat to Phase II's operational timeline.,True,1.0569177269935608,4.170828223228455,0.49832290410995483,0.4447593688964844
1137,Highland Republic of Vireya_4_305,Highland Republic of Vireya,Highland Republic of Vireya_3_107,4,Highland Republic of Vireya prepares counter-arguments defending its sovereign atmospheric resource position.,True,1.0114771127700806,4.125387609004974,0.5711512565612793,0.41737163066864014
1138,Highland Republic of Vireya_3_106,Highland Republic of Vireya,Highland Republic of Vireya_2_9,3,Highland Republic of Vireya identifies no binding legal instrument obligating it to submit to arbitration.,True,1.334363043308258,3.4579163789749146,0.4835049510002136,0.18213200569152832
1139,Highland Republic of Vireya_3_105,Highland Republic of Vireya,Highland Republic of Vireya_2_9,3,Highland Republic of Vireya declines to recognize any third-party tribunal's jurisdiction over Array operations.,True,1.3175293803215027,3.441082715988159,0.4582616686820984,0.22420895099639893
1140,Highland Republic of Vireya_3_104,Highland Republic of Vireya,Highland Republic of Vireya_2_9,3,Highland Republic of Vireya treats Phase II capture volumes as a purely domestic administrative matter.,False,1.2063757181167603,3.3299290537834167,0.4688108563423157,0.3248134255409241
1141,Highland Republic of Vireya_4_519,Highland Republic of Vireya,Highland Republic of Vireya_3_104,4,Highland Republic of Vireya perceives external pressure on capture volumes as unlawful interference in domestic affairs.,True,1.1894429326057434,4.51937198638916,0.4492875337600708,0.3612695336341858
1142,Highland Republic of Vireya_4_518,Highland Republic of Vireya,Highland Republic of Vireya_3_104,4,Highland Republic of Vireya applies domestic water-allocation law as the sole regulatory framework for Phase II.,True,0.7966790795326233,4.12660813331604,0.7072092294692993,0.4961116909980774
1143,Highland Republic of Vireya_4_517,Highland Republic of Vireya,Highland Republic of Vireya_3_104,4,Highland Republic of Vireya anticipates no legal obligation to disclose operational capture data externally.,True,1.3315094411373138,4.661438494920731,0.42986059188842773,0.23862996697425842
1144,Highland Republic of Vireya_4_516,Highland Republic of Vireya,Highland Republic of Vireya_3_104,4,Highland Republic of Vireya excludes Tessara and Ondrel from any formal consultation on capture scheduling.,True,1.1359089612960815,4.465838015079498,0.4629507064819336,0.40114033222198486
1145,Highland Republic of Vireya_4_515,Highland Republic of Vireya,Highland Republic of Vireya_3_104,4,Highland Republic of Vireya sets Phase II capture volumes through internal ministerial decree alone.,True,1.128540813922882,4.458469867706299,0.5215055346488953,0.34995365142822266
1146,Highland Republic of Vireya_2_8,Highland Republic of Vireya,Highland Republic of Vireya_1_6,2,Highland Republic of Vireya gains domestic legal precedent supporting unilateral Phase II activation.,False,1.063578188419342,1.940431922674179,0.5797206163406372,0.35670119524002075
1147,Highland Republic of Vireya_3_48,Highland Republic of Vireya,Highland Republic of Vireya_2_8,3,Highland Republic of Vireya faces reduced internal political pressure to negotiate capture limits.,False,1.1512313485145569,3.091663271188736,0.46193748712539673,0.3868311643600464
1148,Highland Republic of Vireya_4_284,Highland Republic of Vireya,Highland Republic of Vireya_3_48,4,Highland Republic of Vireya deprioritizes trilateral atmospheric data-sharing negotiations.,True,0.9167503118515015,4.008413583040237,0.5717233419418335,0.511526346206665
1149,Highland Republic of Vireya_4_283,Highland Republic of Vireya,Highland Republic of Vireya_3_48,4,Highland Republic of Vireya treats voluntary telemetry summaries as sufficient diplomatic concession.,True,1.150558352470398,4.242221623659134,0.5045037269592285,0.34493792057037354
1150,Highland Republic of Vireya_4_282,Highland Republic of Vireya,Highland Republic of Vireya_3_48,4,Highland Republic of Vireya allocates Phase II capture capacity primarily toward domestic reservoir targets.,True,0.9781634211540222,4.069826692342758,0.5416052341461182,0.4802313446998596
1151,Highland Republic of Vireya_3_47,Highland Republic of Vireya,Highland Republic of Vireya_2_8,3,Highland Republic of Vireya treats any foreign objection to Phase II as legally without standing.,False,1.1305557489395142,3.0709876716136932,0.5592027902603149,0.3102414608001709
1152,Highland Republic of Vireya_4_276,Highland Republic of Vireya,Highland Republic of Vireya_3_47,4,Highland Republic of Vireya perceives no obligation to pause Phase II pending third-party review.,True,1.123438537120819,4.194426208734512,0.5666419267654419,0.309919536113739
1153,Highland Republic of Vireya_4_275,Highland Republic of Vireya,Highland Republic of Vireya_3_47,4,Highland Republic of Vireya views Ondrel's conduit contract concerns as a bilateral commercial matter only.,True,1.155213624238968,4.226201295852661,0.426122784614563,0.4186635911464691
1154,Highland Republic of Vireya_4_274,Highland Republic of Vireya,Highland Republic of Vireya_3_47,4,Highland Republic of Vireya dismisses Tessara's meteorological attribution claims as legally irrelevant.,True,1.1565669476985931,4.227554619312286,0.4993719160556793,0.34406113624572754
1155,Highland Republic of Vireya_4_272,Highland Republic of Vireya,Highland Republic of Vireya_3_47,4,Highland Republic of Vireya declines to engage substantively with foreign diplomatic protests.,True,1.501703143119812,4.572690814733505,0.32263433933258057,0.17566251754760742
1156,Highland Republic of Vireya_3_46,Highland Republic of Vireya,Highland Republic of Vireya_2_8,3,Highland Republic of Vireya insulates its domestic agencies from external legal challenges to Array operations.,False,1.185316413640976,3.125748336315155,0.4906044900417328,0.32407909631729126
1157,Highland Republic of Vireya_4_329,Highland Republic of Vireya,Highland Republic of Vireya_3_46,4,Highland Republic of Vireya anticipates that external parties lack enforceable legal standing within its jurisdiction.,True,1.2603924870491028,4.386140823364258,0.4605518579483032,0.279055655002594
1158,Highland Republic of Vireya_4_328,Highland Republic of Vireya,Highland Republic of Vireya_3_46,4,Highland Republic of Vireya's domestic agencies operate Phase II under full administrative authority.,True,1.0888809561729431,4.214629292488098,0.531295120716095,0.3798239231109619
1159,Highland Republic of Vireya_4_327,Highland Republic of Vireya,Highland Republic of Vireya_3_46,4,Highland Republic of Vireya perceives its Array operations as shielded from internationally-sourced injunction attempts.,True,1.1967351138591766,4.322483450174332,0.48822590708732605,0.3150389790534973
1160,Highland Republic of Vireya_3_45,Highland Republic of Vireya,Highland Republic of Vireya_2_8,3,Highland Republic of Vireya proceeds with Phase II energization on the announced dry-season schedule.,False,0.9310199916362762,2.8714519143104553,0.584337592124939,0.4846424162387848
1161,Highland Republic of Vireya_4_198,Highland Republic of Vireya,Highland Republic of Vireya_3_45,4,Highland Republic of Vireya operates Phase II without binding international oversight or quota constraints.,True,0.9595905840396881,3.8310424983501434,0.62730872631073,0.4131006896495819
1162,Highland Republic of Vireya_4_197,Highland Republic of Vireya,Highland Republic of Vireya_3_45,4,Highland Republic of Vireya's highland urban population experiences expanded water supply beyond Phase I levels.,True,1.0777110159397125,3.949162930250168,0.4534877836704254,0.46880120038986206
1163,Highland Republic of Vireya_4_195,Highland Republic of Vireya,Highland Republic of Vireya_3_45,4,Highland Republic of Vireya's domestic reservoirs begin receiving redirected capture volume from Phase II.,True,0.9149542450904846,3.78640615940094,0.5273087024688721,0.5577370524406433
1164,Highland Republic of Vireya_4_194,Highland Republic of Vireya,Highland Republic of Vireya_3_45,4,Highland Republic of Vireya anticipates diplomatic protests from Tessara over worsened downwind precipitation.,True,1.156867504119873,4.028319418430328,0.43252578377723694,0.41060671210289
1165,Highland Republic of Vireya_1_5,Highland Republic of Vireya,Highland Republic of Vireya_0_0,1,Highland Republic of Vireya's voluntary telemetry offer is perceived by counterparts as insufficient for independent verification.,False,1.2869252264499664,1.2869252264499664,0.44749024510383606,0.2655845284461975
1166,Highland Republic of Vireya_2_40,Highland Republic of Vireya,Highland Republic of Vireya_1_5,2,Highland Republic of Vireya recognizes counterparts will seek alternative attribution evidence independently.,False,1.2696579694747925,2.556583195924759,0.44431641697883606,0.28602561354637146
1167,Highland Republic of Vireya_3_174,Highland Republic of Vireya,Highland Republic of Vireya_2_40,3,Highland Republic of Vireya assesses that externally gathered evidence may be used against Phase II legally.,True,1.055881291627884,3.612464487552643,0.5274335145950317,0.41668519377708435
1168,Highland Republic of Vireya_3_173,Highland Republic of Vireya,Highland Republic of Vireya_2_40,3,Highland Republic of Vireya expects counterpart-commissioned findings to contradict its own telemetry summaries.,True,1.2573313117027283,3.813914507627487,0.41760632395744324,0.3250623643398285
1169,Highland Republic of Vireya_3_172,Highland Republic of Vireya,Highland Republic of Vireya_2_40,3,Highland Republic of Vireya perceives its narrative control over attribution science as weakening.,True,1.1823434233665466,3.7389266192913055,0.4477394223213196,0.3699171543121338
1170,Highland Republic of Vireya_3_171,Highland Republic of Vireya,Highland Republic of Vireya_2_40,3,Highland Republic of Vireya anticipates hostile independent meteorological studies entering diplomatic channels.,True,1.1478391289710999,3.7044223248958588,0.4620964527130127,0.39006441831588745
1171,Highland Republic of Vireya_2_39,Highland Republic of Vireya,Highland Republic of Vireya_1_5,2,Highland Republic of Vireya faces pressure to accept independent verification mechanisms it has rejected.,False,1.2011813521385193,2.4881065785884857,0.48167145252227783,0.3171471953392029
1172,Highland Republic of Vireya_3_170,Highland Republic of Vireya,Highland Republic of Vireya_2_39,3,Highland Republic of Vireya faces risk of Phase II being framed internationally as unilateral harm.,True,1.1153793334960938,3.6034859120845795,0.49928468465805054,0.3853359818458557
1173,Highland Republic of Vireya_3_169,Highland Republic of Vireya,Highland Republic of Vireya_2_39,3,Highland Republic of Vireya anticipates counterparts conditioning cooperation on verification acceptance.,True,1.1238109171390533,3.611917495727539,0.47900041937828064,0.397188663482666
1174,Highland Republic of Vireya_3_168,Highland Republic of Vireya,Highland Republic of Vireya_2_39,3,Highland Republic of Vireya reassesses the diplomatic cost of its current refusal posture.,True,1.335459589958191,3.8235661685466766,0.3745119571685791,0.29002845287323
1175,Highland Republic of Vireya_3_167,Highland Republic of Vireya,Highland Republic of Vireya_2_39,3,Highland Republic of Vireya perceives external verification pressure as a sovereignty threat.,True,1.166144698858261,3.654251277446747,0.4749760329723358,0.3588792681694031
1176,Highland Republic of Vireya_2_38,Highland Republic of Vireya,Highland Republic of Vireya_1_5,2,Highland Republic of Vireya perceives its data-sharing posture as increasingly diplomatically untenable.,False,1.2859925031661987,2.572917729616165,0.3853301405906677,0.32867735624313354
1177,Highland Republic of Vireya_3_178,Highland Republic of Vireya,Highland Republic of Vireya_2_38,3,Highland Republic of Vireya weighs reputational costs of opacity against sovereignty concessions.,True,1.2169782519340515,3.7898959815502167,0.41301149129867554,0.37001025676727295
1178,Highland Republic of Vireya_3_177,Highland Republic of Vireya,Highland Republic of Vireya_2_38,3,Highland Republic of Vireya anticipates counterparts framing its posture as bad-faith negotiation.,True,1.3420045971870422,3.9149223268032074,0.36314916610717773,0.29484623670578003
1179,Highland Republic of Vireya_3_176,Highland Republic of Vireya,Highland Republic of Vireya_2_38,3,Highland Republic of Vireya assesses whether continued opacity risks multilateral isolation.,True,1.1446003317832947,3.71751806139946,0.48090827465057373,0.3744913935661316
1180,Highland Republic of Vireya_3_175,Highland Republic of Vireya,Highland Republic of Vireya_2_38,3,Highland Republic of Vireya considers expanding its voluntary data offer to forestall binding obligations.,True,1.1951419413089752,3.7680596709251404,0.4499340057373047,0.3549240529537201
1181,Highland Republic of Vireya_2_37,Highland Republic of Vireya,Highland Republic of Vireya_1_5,2,Highland Republic of Vireya anticipates demands for third-party atmospheric monitoring access.,False,0.9133520722389221,2.2002772986888885,0.5834994912147522,0.5031484365463257
1182,Highland Republic of Vireya_3_125,Highland Republic of Vireya,Highland Republic of Vireya_2_37,3,"Highland Republic of Vireya evaluates which monitoring concessions, if any, preserve sovereign control.",False,0.9267812371253967,3.1270585358142853,0.5921974182128906,0.48102134466171265
1183,Highland Republic of Vireya_4_334,Highland Republic of Vireya,Highland Republic of Vireya_3_125,4,Highland Republic of Vireya calculates that delayed Phase II activation increases domestic political costs beyond acceptable levels.,True,1.1999591290950775,4.327017664909363,0.4148199260234833,0.3852209448814392
1184,Highland Republic of Vireya_4_333,Highland Republic of Vireya,Highland Republic of Vireya_3_125,4,Highland Republic of Vireya determines that any monitoring framework must exclude binding capture limits as a precondition.,True,1.022923856973648,4.149982392787933,0.5799438953399658,0.3971322476863861
1185,Highland Republic of Vireya_4_332,Highland Republic of Vireya,Highland Republic of Vireya_3_125,4,Highland Republic of Vireya assesses whether observer access to Array sites constitutes a sovereignty encroachment.,True,1.0878501236438751,4.21490865945816,0.5226404666900635,0.3895094096660614
1186,Highland Republic of Vireya_4_331,Highland Republic of Vireya,Highland Republic of Vireya_3_125,4,Highland Republic of Vireya distinguishes between raw operational data and processed atmospheric outputs as separable disclosures.,True,1.0323270559310913,4.159385591745377,0.5335002541542053,0.43417268991470337
1187,Highland Republic of Vireya_4_330,Highland Republic of Vireya,Highland Republic of Vireya_3_125,4,Highland Republic of Vireya identifies read-only data-sharing as its minimum concession threshold.,True,1.1488535702228546,4.27591210603714,0.5030766725540161,0.3480697572231293
1188,Highland Republic of Vireya_3_124,Highland Republic of Vireya,Highland Republic of Vireya_2_37,3,Highland Republic of Vireya anticipates that accepting monitoring demands would set a binding precedent.,False,1.0064128637313843,3.206690162420273,0.5682284235954285,0.42535871267318726
1189,Highland Republic of Vireya_4_420,Highland Republic of Vireya,Highland Republic of Vireya_3_124,4,Highland Republic of Vireya treats precedent risk as justification for rejecting negotiated oversight frameworks.,True,1.153830111026764,4.360520273447037,0.5429645776748657,0.30320531129837036
1190,Highland Republic of Vireya_4_419,Highland Republic of Vireya,Highland Republic of Vireya_3_124,4,Highland Republic of Vireya anticipates future capture quota obligations flowing from accepted monitoring.,True,0.8886159062385559,4.095306068658829,0.5539101958274841,0.55747389793396
1191,Highland Republic of Vireya_4_418,Highland Republic of Vireya,Highland Republic of Vireya_3_124,4,Highland Republic of Vireya perceives monitoring demands as threats to its atmospheric sovereignty doctrine.,True,0.919107049703598,4.125797212123871,0.6017062664031982,0.47918668389320374
1192,Highland Republic of Vireya_4_417,Highland Republic of Vireya,Highland Republic of Vireya_3_124,4,Highland Republic of Vireya hardens its position against any third-party monitoring access.,True,1.2500620782375336,4.456752240657806,0.4474283754825592,0.3025095462799072
1193,Highland Republic of Vireya_3_123,Highland Republic of Vireya,Highland Republic of Vireya_2_37,3,Highland Republic of Vireya assesses third-party access as a threat to operational security of the Array.,True,1.228017121553421,3.4282944202423096,0.423251211643219,0.34873166680336
1194,Highland Republic of Vireya_3_122,Highland Republic of Vireya,Highland Republic of Vireya_2_37,3,Highland Republic of Vireya prepares legal arguments defending airspace sovereignty against monitoring intrusion.,False,1.038885772228241,3.2391630709171295,0.5967111587524414,0.3644030690193176
1195,Highland Republic of Vireya_4_449,Highland Republic of Vireya,Highland Republic of Vireya_3_122,4,Highland Republic of Vireya anticipates that legal posture will harden counterparts' demands for binding oversight.,True,1.2252066433429718,4.464369714260101,0.449558287858963,0.3252350687980652
1196,Highland Republic of Vireya_4_448,Highland Republic of Vireya,Highland Republic of Vireya_3_122,4,Highland Republic of Vireya identifies gaps in existing international airspace law supporting its position.,True,1.0160632729530334,4.255226343870163,0.5947178602218628,0.38921886682510376
1197,Highland Republic of Vireya_4_447,Highland Republic of Vireya,Highland Republic of Vireya_3_122,4,Highland Republic of Vireya signals it will contest any monitoring mandate as sovereignty violation.,True,1.097422868013382,4.3365859389305115,0.5412262082099915,0.3613509237766266
1198,Highland Republic of Vireya_1_4,Highland Republic of Vireya,Highland Republic of Vireya_0_0,1,Highland Republic of Vireya faces potential breach-of-contract claims from Ondrel over reduced export conduit volumes.,False,1.094830185174942,1.094830185174942,0.4266476035118103,0.4785222113132477
1199,Highland Republic of Vireya_2_23,Highland Republic of Vireya,Highland Republic of Vireya_1_4,2,Highland Republic of Vireya identifies the export conduit volume obligation as incompatible with domestic reservoir redirection goals.,False,1.0842342972755432,2.1790644824504852,0.5192056894302368,0.39656001329421997
1200,Highland Republic of Vireya_3_112,Highland Republic of Vireya,Highland Republic of Vireya_2_23,3,Highland Republic of Vireya anticipates financial liability exposure from reduced conduit throughput to Ondrel.,False,1.015120804309845,3.19418528676033,0.48064225912094116,0.5042369365692139
1201,Highland Republic of Vireya_4_412,Highland Republic of Vireya,Highland Republic of Vireya_3_112,4,Highland Republic of Vireya perceives the twenty-year transit contract as a constraint on Phase II reservoir goals.,True,0.8275683522224426,4.021753638982773,0.6176309585571289,0.5548006892204285
1202,Highland Republic of Vireya_4_411,Highland Republic of Vireya,Highland Republic of Vireya_3_112,4,Highland Republic of Vireya calculates the financial cost of potential conduit compensation payments.,True,1.1648118197917938,4.358997106552124,0.41539421677589417,0.419793963432312
1203,Highland Republic of Vireya_4_410,Highland Republic of Vireya,Highland Republic of Vireya_3_112,4,Highland Republic of Vireya assesses whether force majeure clauses apply to conduit volume shortfalls.,True,0.9909472167491913,4.1851325035095215,0.5680354833602905,0.4410172998905182
1204,Highland Republic of Vireya_3_111,Highland Republic of Vireya,Highland Republic of Vireya_2_23,3,Highland Republic of Vireya assesses the twenty-year transit contract as a constraint on sovereign development planning.,False,0.9629385769367218,3.142003059387207,0.5741257667541504,0.4629356563091278
1205,Highland Republic of Vireya_4_351,Highland Republic of Vireya,Highland Republic of Vireya_3_111,4,Highland Republic of Vireya anticipates that Ondrel will resist any contract modification protecting domestic redirection.,True,1.1366379261016846,4.278640985488892,0.4667341709136963,0.39662790298461914
1206,Highland Republic of Vireya_4_349,Highland Republic of Vireya,Highland Republic of Vireya_3_111,4,Highland Republic of Vireya weighs the financial cost of early contract termination against reservoir gains.,True,1.094939410686493,4.2369424700737,0.45746076107025146,0.4475998282432556
1207,Highland Republic of Vireya_3_109,Highland Republic of Vireya,Highland Republic of Vireya_2_23,3,Highland Republic of Vireya seeks legal grounds to renegotiate the transit contract with Ondrel.,False,1.047112137079239,3.226176619529724,0.47735100984573364,0.47553685307502747
1208,Highland Republic of Vireya_4_430,Highland Republic of Vireya,Highland Republic of Vireya_3_109,4,Highland Republic of Vireya commissions legal opinions on sovereign resource doctrine to support its renegotiation position.,True,1.0405872166156769,4.266763836145401,0.5741926431655884,0.38522014021873474
1209,Highland Republic of Vireya_4_429,Highland Republic of Vireya,Highland Republic of Vireya_3_109,4,Highland Republic of Vireya identifies the Meridian Declaration's non-binding status as weakening Tessara's legal standing in any dispute.,True,1.1135996878147125,4.339776307344437,0.5156570076942444,0.3707433044910431
1210,Highland Republic of Vireya_4_428,Highland Republic of Vireya,Highland Republic of Vireya_3_109,4,Highland Republic of Vireya anticipates Ondrel will resist any renegotiation of the twenty-year transit contract.,True,1.2135559022426605,4.439732521772385,0.4037921130657196,0.3826519846916199
1211,Highland Republic of Vireya_4_427,Highland Republic of Vireya,Highland Republic of Vireya_3_109,4,Highland Republic of Vireya assesses whether domestic water scarcity constitutes a necessity defense under international law.,True,0.8865140676498413,4.112690687179565,0.6335158944129944,0.4799700379371643
1212,Highland Republic of Vireya_2_22,Highland Republic of Vireya,Highland Republic of Vireya_1_4,2,Highland Republic of Vireya risks financial liability exposure from the twenty-year conduit agreement.,False,1.134396255016327,2.229226440191269,0.4670962691307068,0.3985074758529663
1213,Highland Republic of Vireya_3_137,Highland Republic of Vireya,Highland Republic of Vireya_2_22,3,Highland Republic of Vireya recognizes that domestic development funds may be diverted to cover potential damages.,True,1.1770426034927368,3.4062690436840057,0.46945542097091675,0.35350197553634644
1214,Highland Republic of Vireya_3_136,Highland Republic of Vireya,Highland Republic of Vireya_2_22,3,Highland Republic of Vireya perceives its Phase II financing credibility as threatened by contingent liabilities.,True,1.1473171412944794,3.3765435814857483,0.46620962023735046,0.38647323846817017
1215,Highland Republic of Vireya_3_135,Highland Republic of Vireya,Highland Republic of Vireya_2_22,3,Highland Republic of Vireya must allocate legal and financial resources to assess contract exposure.,False,1.0210324227809906,3.2502588629722595,0.526340126991272,0.4526274502277374
1216,Highland Republic of Vireya_4_453,Highland Republic of Vireya,Highland Republic of Vireya_3_135,4,Highland Republic of Vireya commissions internal review of the twenty-year conduit agreement terms.,True,0.9815695881843567,4.231828451156616,0.5591008067131042,0.45932960510253906
1217,Highland Republic of Vireya_4_452,Highland Republic of Vireya,Highland Republic of Vireya_3_135,4,Highland Republic of Vireya diverts budget from Phase II implementation to legal assessment.,True,1.0552516877651215,4.305510550737381,0.5503053665161133,0.39444294571876526
1218,Highland Republic of Vireya_4_451,Highland Republic of Vireya,Highland Republic of Vireya_3_135,4,Highland Republic of Vireya identifies specific contract clauses governing export volume obligations.,True,1.0096423625946045,4.259901225566864,0.5221638679504395,0.46819376945495605
1219,Highland Republic of Vireya_4_450,Highland Republic of Vireya,Highland Republic of Vireya_3_135,4,Highland Republic of Vireya must engage specialized international water law counsel.,True,0.9291814863681793,4.179440349340439,0.5914092659950256,0.47940924763679504
1220,Highland Republic of Vireya_2_21,Highland Republic of Vireya,Highland Republic of Vireya_1_4,2,Highland Republic of Vireya perceives the transit contract as a constraint on Phase II operational flexibility.,False,0.8951076865196228,1.9899378716945648,0.588430643081665,0.5164616703987122
1221,Highland Republic of Vireya_3_71,Highland Republic of Vireya,Highland Republic of Vireya_2_21,3,Highland Republic of Vireya assesses the financial cost of early contract termination with Ondrel.,False,1.142353355884552,3.132291227579117,0.40203994512557983,0.45560669898986816
1222,Highland Republic of Vireya_4_338,Highland Republic of Vireya,Highland Republic of Vireya_3_71,4,Highland Republic of Vireya considers renegotiating contract terms rather than full termination.,True,1.192505806684494,4.324797034263611,0.4473799765110016,0.3601142168045044
1223,Highland Republic of Vireya_4_337,Highland Republic of Vireya,Highland Republic of Vireya_3_71,4,Highland Republic of Vireya weighs termination costs against lost export revenue projections.,True,1.2340356707572937,4.3663268983364105,0.39420926570892334,0.37175506353378296
1224,Highland Republic of Vireya_4_336,Highland Republic of Vireya,Highland Republic of Vireya_3_71,4,Highland Republic of Vireya identifies contract termination as financially prohibitive in the short term.,True,1.2526073455810547,4.3848985731601715,0.44625595211982727,0.30113670229911804
1225,Highland Republic of Vireya_4_335,Highland Republic of Vireya,Highland Republic of Vireya_3_71,4,Highland Republic of Vireya determines termination penalties exceed Phase II operational savings.,True,1.1602664589881897,4.2925576865673065,0.4821828007698059,0.3575507402420044
1226,Highland Republic of Vireya_3_70,Highland Republic of Vireya,Highland Republic of Vireya_2_21,3,Highland Republic of Vireya frames the transit contract as subordinate to sovereign development rights.,False,1.0163281559944153,3.00626602768898,0.5750162601470947,0.40865558385849
1227,Highland Republic of Vireya_4_235,Highland Republic of Vireya,Highland Republic of Vireya_3_70,4,Highland Republic of Vireya perceives the transit contract as renegotiable under duress of development necessity.,True,0.9460198879241943,3.9522859156131744,0.5855324864387512,0.46844762563705444
1228,Highland Republic of Vireya_4_234,Highland Republic of Vireya,Highland Republic of Vireya_3_70,4,Highland Republic of Vireya deprioritizes export conduit volume guarantees in Phase II operational planning.,True,0.8901898860931396,3.8964559137821198,0.5906452536582947,0.5191648602485657
1229,Highland Republic of Vireya_4_233,Highland Republic of Vireya,Highland Republic of Vireya_3_70,4,Highland Republic of Vireya anticipates Ondrel will challenge the sovereign-rights framing in dispute proceedings.,True,1.168163150548935,4.174429178237915,0.44443830847740173,0.38739854097366333
1230,Highland Republic of Vireya_4_232,Highland Republic of Vireya,Highland Republic of Vireya_3_70,4,Highland Republic of Vireya treats Phase II activation as legally insulated from contract obligations.,True,1.036639004945755,4.042905032634735,0.5673913955688477,0.39596959948539734
1231,Highland Republic of Vireya_3_69,Highland Republic of Vireya,Highland Republic of Vireya_2_21,3,Highland Republic of Vireya prioritizes domestic reservoir filling over contracted export volumes.,False,1.1193431913852692,3.109281063079834,0.46756890416145325,0.4130879044532776
1232,Highland Republic of Vireya_4_304,Highland Republic of Vireya,Highland Republic of Vireya_3_69,4,Highland Republic of Vireya accepts financial liability risk in exchange for domestic water security gains.,True,1.0399446189403534,4.149225682020187,0.49819886684417725,0.46185651421546936
1233,Highland Republic of Vireya_4_302,Highland Republic of Vireya,Highland Republic of Vireya_3_69,4,Highland Republic of Vireya delivers below-contracted water volumes through Ondrel's export conduit.,True,0.916286826133728,4.025567889213562,0.5116328001022339,0.5720803737640381
1234,Highland Republic of Vireya_3_68,Highland Republic of Vireya,Highland Republic of Vireya_2_21,3,Highland Republic of Vireya seeks legal grounds to renegotiate or exit the transit contract.,False,1.0838059186935425,3.0737437903881073,0.5202270746231079,0.3959670066833496
1235,Highland Republic of Vireya_4_280,Highland Republic of Vireya,Highland Republic of Vireya_3_68,4,Highland Republic of Vireya identifies the non-binding Meridian Declaration as insufficient legal constraint on its position.,True,1.17121422290802,4.244958013296127,0.5163116455078125,0.3124741315841675
1236,Highland Republic of Vireya_4_279,Highland Republic of Vireya,Highland Republic of Vireya_3_68,4,Highland Republic of Vireya anticipates Ondrel will contest any unilateral contract modification attempt.,True,1.1769140362739563,4.250657826662064,0.44703641533851624,0.37604954838752747
1237,Highland Republic of Vireya_4_278,Highland Republic of Vireya,Highland Republic of Vireya_3_68,4,Highland Republic of Vireya commissions legal analysis of sovereign resource doctrine as contract defense.,True,1.00992950797081,4.083673298358917,0.5720455646514893,0.4180249273777008
1238,Highland Republic of Vireya_4_277,Highland Republic of Vireya,Highland Republic of Vireya_3_68,4,Highland Republic of Vireya reviews the transit contract for force majeure or changed-circumstances clauses.,True,1.0393069982528687,4.113050788640976,0.5501099824905396,0.4105830192565918
1239,Highland Republic of Vireya_2_20,Highland Republic of Vireya,Highland Republic of Vireya_1_4,2,Highland Republic of Vireya must allocate legal resources to contest Ondrel's contract claims.,False,1.1359761655330658,2.230806350708008,0.4386453628540039,0.4253784716129303
1240,Highland Republic of Vireya_3_141,Highland Republic of Vireya,Highland Republic of Vireya_2_20,3,Highland Republic of Vireya assesses its transit contract obligations as potentially incompatible with Phase II domestic quotas.,False,0.9612784385681152,3.192084789276123,0.5763689279556274,0.4623526334762573
1241,Highland Republic of Vireya_4_404,Highland Republic of Vireya,Highland Republic of Vireya_3_141,4,Highland Republic of Vireya considers renegotiating the transit contract terms with Ondrel.,True,1.0678213834762573,4.25990617275238,0.4266868829727173,0.5054917335510254
1242,Highland Republic of Vireya_4_402,Highland Republic of Vireya,Highland Republic of Vireya_3_141,4,Highland Republic of Vireya initiates internal review of Phase II domestic quota feasibility.,True,0.9294770359992981,4.121561825275421,0.617128849029541,0.4533941149711609
1243,Highland Republic of Vireya_3_140,Highland Republic of Vireya,Highland Republic of Vireya_2_20,3,Highland Republic of Vireya must retain international arbitration counsel with water-law expertise.,False,1.0364928841590881,3.267299234867096,0.5450735092163086,0.41843360662460327
1244,Highland Republic of Vireya_4_490,Highland Republic of Vireya,Highland Republic of Vireya_3_140,4,Highland Republic of Vireya must identify weaknesses in Ondrel's attribution evidence for reduced conduit volumes.,True,1.0325097739696503,4.299809008836746,0.4733220934867859,0.49416813254356384
1245,Highland Republic of Vireya_4_489,Highland Republic of Vireya,Highland Republic of Vireya_3_140,4,Highland Republic of Vireya must assess the legal strength of Ondrel's transit contract terms.,True,0.9143556952476501,4.181654930114746,0.5370348691940308,0.5486094355583191
1246,Highland Republic of Vireya_4_488,Highland Republic of Vireya,Highland Republic of Vireya_3_140,4,Highland Republic of Vireya must compile technical documentation supporting its atmospheric sovereignty position.,True,0.8503227829933167,4.117622017860413,0.6488343477249146,0.5008428692817688
1247,Highland Republic of Vireya_4_487,Highland Republic of Vireya,Highland Republic of Vireya_3_140,4,Highland Republic of Vireya must allocate budget for international arbitration counsel fees.,True,1.2310124039649963,4.498311638832092,0.41288644075393677,0.3561011552810669
1248,Highland Republic of Vireya_3_139,Highland Republic of Vireya,Highland Republic of Vireya_2_20,3,Highland Republic of Vireya perceives the contract dispute as threatening its sovereign infrastructure program.,False,1.1156935691833496,3.3464999198913574,0.4956303536891937,0.38867607712745667
1249,Highland Republic of Vireya_4_537,Highland Republic of Vireya,Highland Republic of Vireya_3_139,4,Highland Republic of Vireya seeks domestic legal opinions affirming its sovereign authority over the Array.,True,1.095138043165207,4.441637963056564,0.5692057609558105,0.33565619587898254
1250,Highland Republic of Vireya_4_536,Highland Republic of Vireya,Highland Republic of Vireya_3_139,4,Highland Republic of Vireya accelerates Phase II energization to preempt legal injunctions.,True,1.0409422516822815,4.387442171573639,0.5456846356391907,0.41337311267852783
1251,Highland Republic of Vireya_4_535,Highland Republic of Vireya,Highland Republic of Vireya_3_139,4,Highland Republic of Vireya frames the contract dispute publicly as external interference in domestic infrastructure.,True,1.1391747295856476,4.485674649477005,0.47634410858154297,0.38448116183280945
1252,Highland Republic of Vireya_4_534,Highland Republic of Vireya,Highland Republic of Vireya_3_139,4,Highland Republic of Vireya hardens its negotiating position against Ondrel's contract terms.,True,1.1796889901161194,4.526188910007477,0.4002699553966522,0.4200410544872284
1253,Highland Republic of Vireya_3_138,Highland Republic of Vireya,Highland Republic of Vireya_2_20,3,Highland Republic of Vireya diverts government budget from Phase II construction to legal defense.,True,1.1809649169445038,3.4117712676525116,0.46722137928009033,0.3518137037754059
1254,Highland Republic of Vireya_1_3,Highland Republic of Vireya,Highland Republic of Vireya_0_0,1,Highland Republic of Vireya anticipates diplomatic protests from Tessara citing the Meridian Declaration.,False,1.1514002084732056,1.1514002084732056,0.4498547911643982,0.39874500036239624
1255,Highland Republic of Vireya_2_31,Highland Republic of Vireya,Highland Republic of Vireya_1_3,2,Highland Republic of Vireya identifies the Meridian Declaration as its primary diplomatic vulnerability.,False,1.1739723980426788,2.3253726065158844,0.4735494554042816,0.35247814655303955
1256,Highland Republic of Vireya_3_154,Highland Republic of Vireya,Highland Republic of Vireya_2_31,3,Highland Republic of Vireya seeks legal counsel on the Meridian Declaration's enforceability limits.,True,1.063344120979309,3.3887167274951935,0.5569620132446289,0.379693865776062
1257,Highland Republic of Vireya_3_153,Highland Republic of Vireya,Highland Republic of Vireya_2_31,3,Highland Republic of Vireya anticipates Tessara invoking the Meridian Declaration before regional bodies.,False,1.019345998764038,3.3447186052799225,0.5245368480682373,0.4561171531677246
1258,Highland Republic of Vireya_4_528,Highland Republic of Vireya,Highland Republic of Vireya_3_153,4,Highland Republic of Vireya identifies the need to contest the scientific attribution claims underpinning Tessara's invocation.,True,1.1391282677650452,4.483846873044968,0.4692882299423218,0.39158350229263306
1259,Highland Republic of Vireya_4_527,Highland Republic of Vireya,Highland Republic of Vireya_3_153,4,Highland Republic of Vireya anticipates reputational exposure before regional bodies over Phase II timing.,True,1.055405855178833,4.4001244604587555,0.500072181224823,0.444521963596344
1260,Highland Republic of Vireya_4_525,Highland Republic of Vireya,Highland Republic of Vireya_3_153,4,Highland Republic of Vireya prepares a legal rebuttal challenging the Meridian Declaration's binding force.,True,1.1490315198898315,4.493750125169754,0.522092342376709,0.3288761377334595
1261,Highland Republic of Vireya_3_152,Highland Republic of Vireya,Highland Republic of Vireya_2_31,3,Highland Republic of Vireya assesses the Meridian Declaration's non-binding status as its primary legal defense.,True,1.1193398535251617,3.444712460041046,0.561690092086792,0.31897005438804626
1262,Highland Republic of Vireya_3_151,Highland Republic of Vireya,Highland Republic of Vireya_2_31,3,Highland Republic of Vireya prioritizes legally neutralizing the Meridian Declaration's normative weight.,False,1.0208300948143005,3.346202701330185,0.563162088394165,0.4160078167915344
1263,Highland Republic of Vireya_4_533,Highland Republic of Vireya,Highland Republic of Vireya_3_151,4,Highland Republic of Vireya frames Phase II as outside the Meridian Declaration's 1971 technological scope.,True,1.02993643283844,4.376139134168625,0.5665029287338257,0.4035606384277344
1264,Highland Republic of Vireya_4_532,Highland Republic of Vireya,Highland Republic of Vireya_3_151,4,Highland Republic of Vireya identifies procedural grounds to contest the Meridian Declaration's applicability to the Array.,True,1.029607206583023,4.375809907913208,0.5726739168167114,0.3977188766002655
1265,Highland Republic of Vireya_4_531,Highland Republic of Vireya,Highland Republic of Vireya_3_151,4,Highland Republic of Vireya seeks international legal opinions supporting atmospheric sovereignty doctrine.,True,0.9461202025413513,4.292322903871536,0.6358786821365356,0.41800111532211304
1266,Highland Republic of Vireya_4_529,Highland Republic of Vireya,Highland Republic of Vireya_3_151,4,Highland Republic of Vireya commissions legal analysis challenging the Meridian Declaration's binding force.,True,1.1306387186050415,4.476841419935226,0.5317138433456421,0.3376474380493164
1267,Highland Republic of Vireya_2_30,Highland Republic of Vireya,Highland Republic of Vireya_1_3,2,Highland Republic of Vireya anticipates pressure to delay Phase II energization schedule.,False,1.0472133457660675,2.198613554239273,0.5153584480285645,0.43742820620536804
1268,Highland Republic of Vireya_3_121,Highland Republic of Vireya,Highland Republic of Vireya_2_30,3,Highland Republic of Vireya identifies the scientific attribution dispute as its primary defensive argument.,True,1.2779292464256287,3.4765428006649017,0.42400240898132324,0.2980683445930481
1269,Highland Republic of Vireya_3_120,Highland Republic of Vireya,Highland Republic of Vireya_2_30,3,Highland Republic of Vireya calculates that delay increases domestic political pressure from highland water users.,False,1.086606204509735,3.285219758749008,0.48123863339424133,0.43215516209602356
1270,Highland Republic of Vireya_4_493,Highland Republic of Vireya,Highland Republic of Vireya_3_120,4,Highland Republic of Vireya strengthens its resolve to reject binding external constraints on the activation schedule.,True,1.1183888614177704,4.403608620166779,0.5396490693092346,0.341962069272995
1271,Highland Republic of Vireya_4_492,Highland Republic of Vireya,Highland Republic of Vireya_3_120,4,Highland Republic of Vireya assesses that highland water users may withdraw electoral support if Phase II is postponed.,True,1.1152028143405914,4.4004225730896,0.4964180588722229,0.38837912678718567
1272,Highland Republic of Vireya_4_491,Highland Republic of Vireya,Highland Republic of Vireya_3_120,4,Highland Republic of Vireya perceives delay as politically untenable for its governing coalition.,True,1.2465446889400482,4.531764447689056,0.44234973192214966,0.3111055791378021
1273,Highland Republic of Vireya_3_119,Highland Republic of Vireya,Highland Republic of Vireya_2_30,3,Highland Republic of Vireya anticipates reputational costs from being framed as a regional water aggressor.,False,1.0642820000648499,3.262895554304123,0.4605357348918915,0.47518226504325867
1274,Highland Republic of Vireya_4_486,Highland Republic of Vireya,Highland Republic of Vireya_3_119,4,Highland Republic of Vireya weighs reputational costs against domestic political gains from Phase II delivery.,True,1.1693280041217804,4.432223558425903,0.4212454557418823,0.4094265401363373
1275,Highland Republic of Vireya_4_485,Highland Republic of Vireya,Highland Republic of Vireya_3_119,4,Highland Republic of Vireya considers whether a proactive counter-narrative could offset the aggressor framing.,True,1.3096914291381836,4.5725869834423065,0.37941694259643555,0.31089162826538086
1276,Highland Republic of Vireya_4_484,Highland Republic of Vireya,Highland Republic of Vireya_3_119,4,Highland Republic of Vireya assesses risk of third-party states aligning with Tessara's framing.,True,1.0480681657791138,4.310963720083237,0.5017592906951904,0.4501725435256958
1277,Highland Republic of Vireya_4_483,Highland Republic of Vireya,Highland Republic of Vireya_3_119,4,Highland Republic of Vireya calculates that reputational costs may erode future multilateral financing prospects.,True,1.3498070240020752,4.612702578306198,0.3329351544380188,0.317257821559906
1278,Highland Republic of Vireya_3_118,Highland Republic of Vireya,Highland Republic of Vireya_2_30,3,Highland Republic of Vireya assesses the Meridian Declaration as legally non-binding and unenforceable.,True,1.234845757484436,3.433459311723709,0.519562840461731,0.245591402053833
1279,Highland Republic of Vireya_3_117,Highland Republic of Vireya,Highland Republic of Vireya_2_30,3,Highland Republic of Vireya prepares to publicly reject delay demands as sovereignty violations.,True,1.2535986006259918,3.452212154865265,0.4786731004714966,0.2677282989025116
1280,Highland Republic of Vireya_2_29,Highland Republic of Vireya,Highland Republic of Vireya_1_3,2,Highland Republic of Vireya assesses Tessara's protest as lacking enforceable legal standing.,False,1.2423468232154846,2.39374703168869,0.46204596757888794,0.29560720920562744
1281,Highland Republic of Vireya_3_163,Highland Republic of Vireya,Highland Republic of Vireya_2_29,3,Highland Republic of Vireya reinforces its position that the Meridian Declaration imposes no enforceable duties.,True,1.256926640868187,3.650673672556877,0.4939688444137573,0.24910451471805573
1282,Highland Republic of Vireya_3_162,Highland Republic of Vireya,Highland Republic of Vireya_2_29,3,Highland Republic of Vireya anticipates Tessara seeking third-party arbitration or multilateral forums.,True,1.1716569662094116,3.565403997898102,0.4530247449874878,0.3753182888031006
1283,Highland Republic of Vireya_3_161,Highland Republic of Vireya,Highland Republic of Vireya_2_29,3,Highland Republic of Vireya perceives no binding obligation to pause Phase II activation.,True,1.1639350056648254,3.5576820373535156,0.5271914601325989,0.3088735342025757
1284,Highland Republic of Vireya_3_160,Highland Republic of Vireya,Highland Republic of Vireya_2_29,3,Highland Republic of Vireya dismisses Tessara's protest through formal diplomatic channels.,True,1.2408995628356934,3.6346465945243835,0.44737929105758667,0.31172114610671997
1285,Highland Republic of Vireya_3_159,Highland Republic of Vireya,Highland Republic of Vireya_2_29,3,Highland Republic of Vireya proceeds with Phase II energization without legal concessions.,True,1.0322162806987762,3.4259633123874664,0.5830722451210022,0.38471147418022156
1286,Highland Republic of Vireya_2_28,Highland Republic of Vireya,Highland Republic of Vireya_1_3,2,Highland Republic of Vireya prepares a formal rebuttal dismissing Meridian Declaration as non-binding.,False,1.1899864077568054,2.341386616230011,0.5188224911689758,0.29119110107421875
1287,Highland Republic of Vireya_3_158,Highland Republic of Vireya,Highland Republic of Vireya_2_28,3,Highland Republic of Vireya expects its rebuttal to harden Tessara's negotiating posture.,True,1.1779333353042603,3.5193199515342712,0.42269426584243774,0.399372398853302
1288,Highland Republic of Vireya_3_157,Highland Republic of Vireya,Highland Republic of Vireya_2_28,3,Highland Republic of Vireya publicly frames Phase II as legally unencumbered by existing instruments.,True,1.1340872943401337,3.4754739105701447,0.5755901336669922,0.29032257199287415
1289,Highland Republic of Vireya_3_156,Highland Republic of Vireya,Highland Republic of Vireya_2_28,3,Highland Republic of Vireya anticipates Tessara escalating the dispute beyond bilateral diplomatic channels.,True,1.2346544563770294,3.5760410726070404,0.3696262538433075,0.3957192897796631
1290,Highland Republic of Vireya_3_155,Highland Republic of Vireya,Highland Republic of Vireya_2_28,3,Highland Republic of Vireya signals it will not accept Meridian Declaration as a legal constraint.,True,1.1920791566371918,3.5334657728672028,0.49775564670562744,0.3101651966571808
1291,Highland Republic of Vireya_1_2,Highland Republic of Vireya,Highland Republic of Vireya_0_0,1,Highland Republic of Vireya's rejection of binding quotas removes the primary mechanism for negotiated capture limits.,False,1.102287232875824,1.102287232875824,0.5200771689414978,0.3776355981826782
1292,Highland Republic of Vireya_2_27,Highland Republic of Vireya,Highland Republic of Vireya_1_2,2,Highland Republic of Vireya's voluntary telemetry summaries become the sole data-sharing instrument available to downstream parties.,False,1.0867061018943787,2.1889933347702026,0.5419749021530151,0.3713189959526062
1293,Highland Republic of Vireya_3_116,Highland Republic of Vireya,Highland Republic of Vireya_2_27,3,Highland Republic of Vireya's telemetry summaries become subject to credibility disputes by Tessara and Ondrel.,False,1.04936882853508,3.2383621633052826,0.4577162265777588,0.49291494488716125
1294,Highland Republic of Vireya_4_446,Highland Republic of Vireya,Highland Republic of Vireya_3_116,4,Highland Republic of Vireya faces pressure to accept third-party atmospheric monitoring it has not consented to.,True,1.0322635471820831,4.270625710487366,0.5511195063591003,0.41661694645881653
1295,Highland Republic of Vireya_4_445,Highland Republic of Vireya,Highland Republic of Vireya_3_116,4,Highland Republic of Vireya's scientific attribution defense becomes harder to sustain without trusted data.,True,1.2061760425567627,4.444538205862045,0.4127873182296753,0.381036639213562
1296,Highland Republic of Vireya_4_444,Highland Republic of Vireya,Highland Republic of Vireya_3_116,4,Highland Republic of Vireya perceives downstream parties as unwilling to accept any unilateral transparency measure.,True,1.355741709470749,4.5941038727760315,0.3749769926071167,0.2692812979221344
1297,Highland Republic of Vireya_4_443,Highland Republic of Vireya,Highland Republic of Vireya_3_116,4,Highland Republic of Vireya's voluntary data-sharing offer loses perceived legitimacy as a governance instrument.,True,1.2579292058944702,4.496291369199753,0.4050809144973755,0.3369898796081543
1298,Highland Republic of Vireya_3_115,Highland Republic of Vireya,Highland Republic of Vireya_2_27,3,Highland Republic of Vireya anticipates downstream parties will challenge the adequacy of voluntary summaries.,True,1.235005497932434,3.4239988327026367,0.46044397354125977,0.30455052852630615
1299,Highland Republic of Vireya_3_114,Highland Republic of Vireya,Highland Republic of Vireya_2_27,3,Highland Republic of Vireya perceives downstream parties as unable to independently verify capture volumes.,True,1.2095872163772583,3.398580551147461,0.4476361870765686,0.3427765965461731
1300,Highland Republic of Vireya_3_113,Highland Republic of Vireya,Highland Republic of Vireya_2_27,3,Highland Republic of Vireya retains unilateral control over the timing and content of disclosed data.,False,1.0682438015937805,3.257237136363983,0.5406134128570557,0.3911427855491638
1301,Highland Republic of Vireya_4_465,Highland Republic of Vireya,Highland Republic of Vireya_3_113,4,Highland Republic of Vireya perceives its scientific narrative as effectively uncontestable by downstream parties.,True,1.3519172072410583,4.6091543436050415,0.42318296432495117,0.22489982843399048
1302,Highland Republic of Vireya_4_464,Highland Republic of Vireya,Highland Republic of Vireya_3_113,4,Highland Republic of Vireya can withhold telemetry during periods of peak capture without external challenge.,True,1.0343216061592102,4.291558742523193,0.5563949346542358,0.40928345918655396
1303,Highland Republic of Vireya_4_463,Highland Republic of Vireya,Highland Republic of Vireya_3_113,4,Highland Republic of Vireya can selectively release data that supports its attribution position.,True,0.9758508801460266,4.23308801651001,0.5497314929962158,0.47441762685775757
1304,Highland Republic of Vireya_2_26,Highland Republic of Vireya,Highland Republic of Vireya_1_2,2,Highland Republic of Vireya anticipates that Tessara and Ondrel will seek alternative pressure mechanisms outside quota negotiation.,False,0.9876898527145386,2.0899770855903625,0.46845388412475586,0.5438562631607056
1305,Highland Republic of Vireya_3_91,Highland Republic of Vireya,Highland Republic of Vireya_2_26,3,Highland Republic of Vireya prepares defensive framing of Phase II as a sovereign infrastructure matter.,False,0.9451269507408142,3.0351040363311768,0.5926644802093506,0.4622085690498352
1306,Highland Republic of Vireya_4_259,Highland Republic of Vireya,Highland Republic of Vireya_3_91,4,Highland Republic of Vireya positions Phase II within national development rights discourse.,True,1.044714331626892,4.079818367958069,0.5888696908950806,0.36641597747802734
1307,Highland Republic of Vireya_4_258,Highland Republic of Vireya,Highland Republic of Vireya_3_91,4,Highland Republic of Vireya limits external access to Array operational data as proprietary.,True,1.2137529253959656,4.248856961727142,0.4540610909461975,0.3321859836578369
1308,Highland Republic of Vireya_4_257,Highland Republic of Vireya,Highland Republic of Vireya_3_91,4,Highland Republic of Vireya anticipates challenges to its sovereignty framing from Tessara and Ondrel.,True,1.0163531601428986,4.051457196474075,0.478921502828598,0.5047253370285034
1309,Highland Republic of Vireya_4_256,Highland Republic of Vireya,Highland Republic of Vireya_3_91,4,Highland Republic of Vireya emphasizes domestic legal authority over plateau infrastructure publicly.,True,1.1085511445999146,4.143655180931091,0.5524568557739258,0.33899199962615967
1310,Highland Republic of Vireya_3_90,Highland Republic of Vireya,Highland Republic of Vireya_2_26,3,Highland Republic of Vireya identifies diplomatic coalition-building between Tessara and Ondrel as a credible threat.,False,1.0718181133270264,3.161795198917389,0.42616915702819824,0.5020127296447754
1311,Highland Republic of Vireya_4_369,Highland Republic of Vireya,Highland Republic of Vireya_3_90,4,Highland Republic of Vireya anticipates coordinated multilateral pressure targeting Phase II's legitimacy.,True,1.0155360400676727,4.177331238985062,0.544587254524231,0.4398767054080963
1312,Highland Republic of Vireya_4_368,Highland Republic of Vireya,Highland Republic of Vireya_3_90,4,Highland Republic of Vireya evaluates whether Ondrel's economic dependence on the conduit limits its coalition commitment.,True,0.9103883504867554,4.072183549404144,0.49864256381988525,0.5909690856933594
1313,Highland Republic of Vireya_4_367,Highland Republic of Vireya,Highland Republic of Vireya_3_90,4,Highland Republic of Vireya perceives the transit contract with Ondrel as a vulnerability exploitable by a coalition.,True,0.9749093949794769,4.136704593896866,0.48245349526405334,0.5426371097564697
1314,Highland Republic of Vireya_4_366,Highland Republic of Vireya,Highland Republic of Vireya_3_90,4,Highland Republic of Vireya begins assessing Tessara-Ondrel coalition's potential leverage points.,True,1.0053601264953613,4.16715532541275,0.4554060697555542,0.5392338037490845
1315,Highland Republic of Vireya_3_89,Highland Republic of Vireya,Highland Republic of Vireya_2_26,3,Highland Republic of Vireya assesses its vulnerability to economic leverage from Ondrel's transit contract.,False,0.9690771102905273,3.05905419588089,0.48477089405059814,0.5461519956588745
1316,Highland Republic of Vireya_4_263,Highland Republic of Vireya,Highland Republic of Vireya_3_89,4,Highland Republic of Vireya weighs Phase II benefits against potential loss of contracted export income.,True,1.026439607143402,4.085493803024292,0.49966779351234436,0.47389259934425354
1317,Highland Republic of Vireya_4_262,Highland Republic of Vireya,Highland Republic of Vireya_3_89,4,Highland Republic of Vireya recognizes that Ondrel could suspend transit services as retaliatory leverage.,True,1.0352945923805237,4.094348788261414,0.45514893531799316,0.5095564723014832
1318,Highland Republic of Vireya_4_261,Highland Republic of Vireya,Highland Republic of Vireya_3_89,4,Highland Republic of Vireya calculates its export revenue dependence on Ondrel's conduit operation.,True,0.9617469608783722,4.020801156759262,0.43900415301322937,0.5992488861083984
1319,Highland Republic of Vireya_4_260,Highland Republic of Vireya,Highland Republic of Vireya_3_89,4,Highland Republic of Vireya identifies the transit contract as Ondrel's primary coercive instrument.,True,0.9928813576698303,4.05193555355072,0.46730655431747437,0.5398120880126953
1320,Highland Republic of Vireya_3_88,Highland Republic of Vireya,Highland Republic of Vireya_2_26,3,Highland Republic of Vireya begins monitoring potential legal challenges at international tribunals.,False,1.1434575319290161,3.2334346175193787,0.4887737035751343,0.3677687644958496
1321,Highland Republic of Vireya_4_438,Highland Republic of Vireya,Highland Republic of Vireya_3_88,4,Highland Republic of Vireya begins retaining international environmental law expertise internally.,True,1.0441627204418182,4.277597337961197,0.5557953119277954,0.40004196763038635
1322,Highland Republic of Vireya_4_437,Highland Republic of Vireya,Highland Republic of Vireya_3_88,4,Highland Republic of Vireya anticipates potential invocation of customary international watercourse law against it.,True,0.9164357483386993,4.149870365858078,0.6057853698730469,0.4777788817882538
1323,Highland Republic of Vireya_4_435,Highland Republic of Vireya,Highland Republic of Vireya_3_88,4,Highland Republic of Vireya identifies gaps in its international legal defense posture.,True,1.2328044474124908,4.4662390649318695,0.4603479504585266,0.30684760212898254
1324,Highland Republic of Vireya_2_25,Highland Republic of Vireya,Highland Republic of Vireya_1_2,2,Highland Republic of Vireya perceives no enforceable external constraint on its dry-season operations.,False,1.1120927035808563,2.2143799364566803,0.5593854188919067,0.32852187752723694
1325,Highland Republic of Vireya_3_129,Highland Republic of Vireya,Highland Republic of Vireya_2_25,3,Highland Republic of Vireya allocates Phase II surplus capacity to domestic reservoirs without consulting Ondrel or Tessara.,False,0.9429702758789062,3.1573502123355865,0.569998562335968,0.48703116178512573
1326,Highland Republic of Vireya_4_358,Highland Republic of Vireya,Highland Republic of Vireya_3_129,4,Highland Republic of Vireya perceives its unilateral allocation as consistent with its sovereign resource doctrine.,True,1.042706459760666,4.200056672096252,0.5987507104873657,0.3585428297519684
1327,Highland Republic of Vireya_4_356,Highland Republic of Vireya,Highland Republic of Vireya_3_129,4,Highland Republic of Vireya registers domestic reservoir filling as a completed administrative fact.,True,1.0919499099254608,4.249300122261047,0.5131452083587646,0.39490488171577454
1328,Highland Republic of Vireya_4_355,Highland Republic of Vireya,Highland Republic of Vireya_3_129,4,Highland Republic of Vireya reduces the volume available through Ondrel's export conduit.,True,0.9800024926662445,4.137352705001831,0.47662898898124695,0.5433685183525085
1329,Highland Republic of Vireya_3_128,Highland Republic of Vireya,Highland Republic of Vireya_2_25,3,Highland Republic of Vireya treats voluntary telemetry summaries as sufficient fulfillment of any atmospheric-data obligation.,False,0.9466410875320435,3.1610210239887238,0.611782431602478,0.4415764808654785
1330,Highland Republic of Vireya_4_365,Highland Republic of Vireya,Highland Republic of Vireya_3_128,4,Highland Republic of Vireya anticipates no legitimate external challenge to its data-sharing posture.,True,1.3533914983272552,4.514412522315979,0.393182635307312,0.25342586636543274
1331,Highland Republic of Vireya_4_364,Highland Republic of Vireya,Highland Republic of Vireya_3_128,4,Highland Republic of Vireya sees no basis for joint monitoring arrangements with Tessara or Ondrel.,True,1.172956943511963,4.333977967500687,0.4645177125930786,0.3625253438949585
1332,Highland Republic of Vireya_4_363,Highland Republic of Vireya,Highland Republic of Vireya_3_128,4,Highland Republic of Vireya considers its atmospheric transparency obligations fully discharged.,True,1.1633101403713226,4.324331164360046,0.4951207935810089,0.34156906604766846
1333,Highland Republic of Vireya_4_362,Highland Republic of Vireya,Highland Republic of Vireya_3_128,4,Highland Republic of Vireya withholds raw sensor data from downwind parties.,True,1.3138957023620605,4.474916726350784,0.39240920543670654,0.2936950922012329
1334,Highland Republic of Vireya_3_127,Highland Republic of Vireya,Highland Republic of Vireya_2_25,3,Highland Republic of Vireya calibrates capture rates solely according to its domestic demand projections.,True,1.2150322198867798,3.42941215634346,0.4171754717826843,0.3677923083305359
1335,Highland Republic of Vireya_2_24,Highland Republic of Vireya,Highland Republic of Vireya_1_2,2,Highland Republic of Vireya retains full unilateral control over Phase II capture volumes.,False,1.1741280853748322,2.276415318250656,0.4923165738582611,0.33355534076690674
1336,Highland Republic of Vireya_3_150,Highland Republic of Vireya,Highland Republic of Vireya_2_24,3,Highland Republic of Vireya assumes full political responsibility for any downstream atmospheric effects attributed to Phase II.,False,0.9562293291091919,3.232644647359848,0.5601851940155029,0.4835854768753052
1337,Highland Republic of Vireya_4_434,Highland Republic of Vireya,Highland Republic of Vireya_3_150,4,Highland Republic of Vireya's sovereign resource framing is tested against emerging transboundary harm norms.,True,1.0308519005775452,4.263496547937393,0.5547786951065063,0.4143694043159485
1338,Highland Republic of Vireya_4_433,Highland Republic of Vireya,Highland Republic of Vireya_3_150,4,Highland Republic of Vireya faces potential liability claims it cannot deflect to scientific uncertainty alone.,True,1.1752981543540955,4.4079428017139435,0.48532599210739136,0.3393758535385132
1339,Highland Republic of Vireya_4_432,Highland Republic of Vireya,Highland Republic of Vireya_3_150,4,Highland Republic of Vireya must defend its attribution science against external challenges without shared data frameworks.,True,1.1453763246536255,4.3780209720134735,0.4881959855556488,0.3664276897907257
1340,Highland Republic of Vireya_4_431,Highland Republic of Vireya,Highland Republic of Vireya_3_150,4,Highland Republic of Vireya becomes the primary target of formal diplomatic complaints over Phase II atmospheric effects.,True,0.9309641718864441,4.163608819246292,0.5910866856575012,0.4779491424560547
1341,Highland Republic of Vireya_3_149,Highland Republic of Vireya,Highland Republic of Vireya_2_24,3,Highland Republic of Vireya anticipates no binding arbitration mechanism constraining its operational decisions.,True,1.2089620530605316,3.4853773713111877,0.5343294143676758,0.2567085325717926
1342,Highland Republic of Vireya_3_148,Highland Republic of Vireya,Highland Republic of Vireya_2_24,3,Highland Republic of Vireya's domestic reservoir-filling schedule proceeds without third-party approval.,False,1.0171867609024048,3.293602079153061,0.59499591588974,0.3878173232078552
1343,Highland Republic of Vireya_4_501,Highland Republic of Vireya,Highland Republic of Vireya_3_148,4,Highland Republic of Vireya anticipates no external legal obligation constraining its dry-season extraction schedule.,True,1.0460286140441895,4.33963069319725,0.5852218866348267,0.3687494993209839
1344,Highland Republic of Vireya_4_500,Highland Republic of Vireya,Highland Republic of Vireya_3_148,4,Highland Republic of Vireya's Phase II capture volumes become determined solely by domestic engineering targets.,True,1.1668936610221863,4.460495740175247,0.4832848310470581,0.3498215079307556
1345,Highland Republic of Vireya_4_499,Highland Republic of Vireya,Highland Republic of Vireya_3_148,4,Highland Republic of Vireya perceives its water sovereignty claim as operationally validated.,True,0.9640659391880035,4.2576680183410645,0.597042977809906,0.43889108300209045
1346,Highland Republic of Vireya_4_498,Highland Republic of Vireya,Highland Republic of Vireya_3_148,4,Highland Republic of Vireya fills its domestic reservoirs at its own chosen rate.,True,1.0238938331604004,4.317495912313461,0.5382272005081177,0.43787896633148193
1347,Highland Republic of Vireya_3_147,Highland Republic of Vireya,Highland Republic of Vireya_2_24,3,Highland Republic of Vireya bears no externally imposed obligation to reduce dry-season extraction.,True,1.1490249633789062,3.4254402816295624,0.5454784631729126,0.30549657344818115
1348,Highland Republic of Vireya_3_146,Highland Republic of Vireya,Highland Republic of Vireya_2_24,3,Highland Republic of Vireya can scale Phase II capture to maximum design capacity.,False,1.0319690704345703,3.3083843886852264,0.5080592632293701,0.45997166633605957
1349,Highland Republic of Vireya_4_510,Highland Republic of Vireya,Highland Republic of Vireya_3_146,4,Highland Republic of Vireya perceives its highland development foundation as structurally secured.,True,1.2402868270874023,4.548671215772629,0.44991999864578247,0.3097931742668152
1350,Highland Republic of Vireya_4_508,Highland Republic of Vireya,Highland Republic of Vireya_3_146,4,Highland Republic of Vireya's highland urban water rationing remains permanently ended.,True,1.0811761021614075,4.389560490846634,0.5472671985626221,0.37155669927597046
1351,Highland Republic of Vireya_4_506,Highland Republic of Vireya,Highland Republic of Vireya_3_146,4,Highland Republic of Vireya can fully meet its domestic reservoir filling targets.,True,1.2362949848175049,4.544679373502731,0.4383597671985626,0.3253452479839325
1352,Highland Republic of Vireya_1_1,Highland Republic of Vireya,Highland Republic of Vireya_0_0,1,Highland Republic of Vireya proceeds with Phase II tower energization on the announced dry-season schedule.,False,0.9875874519348145,0.9875874519348145,0.5479798316955566,0.4644327163696289
1353,Highland Republic of Vireya_2_19,Highland Republic of Vireya,Highland Republic of Vireya_1_1,2,Highland Republic of Vireya's position that downwind attribution is scientifically unproven is publicly stress-tested against new seasonal data.,False,1.1329300999641418,2.1205175518989563,0.47055989503860474,0.3965100049972534
1354,Highland Republic of Vireya_3_103,Highland Republic of Vireya,Highland Republic of Vireya_2_19,3,Highland Republic of Vireya anticipates calls for independent third-party atmospheric assessment.,False,1.040330410003662,3.1608479619026184,0.550022542476654,0.40964704751968384
1355,Highland Republic of Vireya_4_361,Highland Republic of Vireya,Highland Republic of Vireya_3_103,4,Highland Republic of Vireya identifies third-party assessment as a potential constraint on Phase II operations.,True,0.967759907245636,4.128607869148254,0.5713324546813965,0.46090763807296753
1356,Highland Republic of Vireya_4_360,Highland Republic of Vireya,Highland Republic of Vireya_3_103,4,Highland Republic of Vireya assesses whether accepting third-party assessment would legitimize downwind attribution claims.,True,1.1741744875907898,4.335022449493408,0.4799213111400604,0.3459042012691498
1357,Highland Republic of Vireya_4_359,Highland Republic of Vireya,Highland Republic of Vireya_3_103,4,Highland Republic of Vireya prepares a preemptive defense of its atmospheric sovereignty position.,True,0.9847345948219299,4.145582556724548,0.5705908536911011,0.444674551486969
1358,Highland Republic of Vireya_3_102,Highland Republic of Vireya,Highland Republic of Vireya_2_19,3,Highland Republic of Vireya's voluntary telemetry summaries are scrutinized for data gaps.,False,1.0642229318618774,3.1847404837608337,0.5185195803642273,0.41725748777389526
1359,Highland Republic of Vireya_4_389,Highland Republic of Vireya,Highland Republic of Vireya_3_102,4,Highland Republic of Vireya's scientific attribution defense is weakened by identified telemetry gaps.,True,1.1961453258991241,4.380885809659958,0.44437140226364136,0.3594832718372345
1360,Highland Republic of Vireya_4_388,Highland Republic of Vireya,Highland Republic of Vireya_3_102,4,Highland Republic of Vireya faces pressure to disclose more granular atmospheric measurement records.,True,1.0320011973381042,4.216741681098938,0.5041857957839966,0.46381300687789917
1361,Highland Republic of Vireya_4_387,Highland Republic of Vireya,Highland Republic of Vireya_3_102,4,Highland Republic of Vireya perceives the scrutiny as a challenge to its sovereign data authority.,True,1.0863190293312073,4.271059513092041,0.5277001261711121,0.38598084449768066
1362,Highland Republic of Vireya_4_386,Highland Republic of Vireya,Highland Republic of Vireya_3_102,4,Highland Republic of Vireya's data credibility is publicly questioned by external observers.,True,1.2436230182647705,4.428363502025604,0.402988076210022,0.3533889055252075
1363,Highland Republic of Vireya_3_101,Highland Republic of Vireya,Highland Republic of Vireya_2_19,3,Highland Republic of Vireya faces pressure to defend its attribution methodology before external audiences.,False,1.2099439799785614,3.3304615318775177,0.4549238085746765,0.3351322114467621
1364,Highland Republic of Vireya_4_524,Highland Republic of Vireya,Highland Republic of Vireya_3_101,4,Highland Republic of Vireya faces pressure to engage third-party scientific review it previously avoided.,True,1.1393824219703674,4.469843953847885,0.4845845103263855,0.37603306770324707
1365,Highland Republic of Vireya_4_523,Highland Republic of Vireya,Highland Republic of Vireya_3_101,4,Highland Republic of Vireya anticipates reputational cost if its methodology is found inconsistent.,True,1.2605951726436615,4.591056704521179,0.3812038004398346,0.3582010269165039
1366,Highland Republic of Vireya_4_522,Highland Republic of Vireya,Highland Republic of Vireya_3_101,4,Highland Republic of Vireya risks exposing internal data gaps to outside observers.,True,1.1879677176475525,4.51842924952507,0.40913891792297363,0.4028933644294739
1367,Highland Republic of Vireya_4_521,Highland Republic of Vireya,Highland Republic of Vireya_3_101,4,Highland Republic of Vireya perceives its domestic meteorological models as inadequate for external scrutiny.,True,1.1721181273460388,4.5025796592235565,0.48238158226013184,0.34550029039382935
1368,Highland Republic of Vireya_4_520,Highland Republic of Vireya,Highland Republic of Vireya_3_101,4,Highland Republic of Vireya must publicly commit to a specific attribution methodology.,True,1.0971586108207703,4.427620142698288,0.525000274181366,0.37784111499786377
1369,Highland Republic of Vireya_3_100,Highland Republic of Vireya,Highland Republic of Vireya_2_19,3,Highland Republic of Vireya perceives its scientific credibility as publicly contested.,True,1.2852144241333008,3.405731976032257,0.41050368547439575,0.30428189039230347
1370,Highland Republic of Vireya_2_18,Highland Republic of Vireya,Highland Republic of Vireya_1_1,2,Highland Republic of Vireya observes reduced surplus volume available for the Ondrel export conduit.,False,1.0185231864452362,2.0061106383800507,0.45837441086769104,0.5231024026870728
1371,Highland Republic of Vireya_3_74,Highland Republic of Vireya,Highland Republic of Vireya_2_18,3,Highland Republic of Vireya recognizes the twenty-year transit contract with Ondrel is under delivery stress.,False,1.0229673087596893,3.02907794713974,0.45296457409858704,0.5240681171417236
1372,Highland Republic of Vireya_4_250,Highland Republic of Vireya,Highland Republic of Vireya_3_74,4,Highland Republic of Vireya faces pressure to prioritize export conduit volumes over domestic reservoir filling.,True,1.0328911542892456,4.061969101428986,0.4815140664577484,0.485594779253006
1373,Highland Republic of Vireya_4_249,Highland Republic of Vireya,Highland Republic of Vireya_3_74,4,Highland Republic of Vireya calculates financial liability exposure under the transit contract terms.,True,1.0678070485591888,4.096884995698929,0.4923228621482849,0.43987008929252625
1374,Highland Republic of Vireya_3_73,Highland Republic of Vireya,Highland Republic of Vireya_2_18,3,Highland Republic of Vireya must decide whether to prioritize domestic reservoirs over export conduit volumes.,False,1.0034306645393372,3.009541302919388,0.5255603194236755,0.4710090160369873
1375,Highland Republic of Vireya_4_243,Highland Republic of Vireya,Highland Republic of Vireya_3_73,4,Highland Republic of Vireya perceives domestic reservoir filling as the higher-priority sovereign obligation.,True,0.9416897892951965,3.9512310922145844,0.5798166990280151,0.47849351167678833
1376,Highland Republic of Vireya_4_242,Highland Republic of Vireya,Highland Republic of Vireya_3_73,4,Highland Republic of Vireya faces potential financial liability claims from Ondrel over conduit shortfalls.,True,1.1800431907176971,4.189584493637085,0.41568437218666077,0.4042724370956421
1377,Highland Republic of Vireya_4_241,Highland Republic of Vireya,Highland Republic of Vireya_3_73,4,Highland Republic of Vireya must formally allocate reduced water volumes between competing domestic and export uses.,True,0.9265993237495422,3.93614062666893,0.5656137466430664,0.5077869296073914
1378,Highland Republic of Vireya_4_240,Highland Republic of Vireya,Highland Republic of Vireya_3_73,4,Highland Republic of Vireya risks breaching its twenty-year transit contract with Ondrel.,True,1.0585656464099884,4.068106949329376,0.44112512469291687,0.5003092288970947
1379,Highland Republic of Vireya_3_72,Highland Republic of Vireya,Highland Republic of Vireya_2_18,3,Highland Republic of Vireya faces potential breach-of-contract claims from Ondrel.,False,1.1674348413944244,3.173545479774475,0.40202394127845764,0.4305412173271179
1380,Highland Republic of Vireya_4_373,Highland Republic of Vireya,Highland Republic of Vireya_3_72,4,Highland Republic of Vireya assesses whether Phase II domestic diversion volumes trigger contractual minimum-delivery thresholds.,True,0.9692822992801666,4.142827779054642,0.559329092502594,0.4713886082172394
1381,Highland Republic of Vireya_4_372,Highland Republic of Vireya,Highland Republic of Vireya_3_72,4,Highland Republic of Vireya anticipates arbitration or dispute proceedings initiated by Ondrel.,True,1.1019376814365387,4.275483161211014,0.4566963315010071,0.4413659870624542
1382,Highland Republic of Vireya_2_17,Highland Republic of Vireya,Highland Republic of Vireya_1_1,2,Highland Republic of Vireya faces potential scrutiny of its voluntary telemetry summaries as insufficient by Ondrel.,False,1.032882422208786,2.0204698741436005,0.534980297088623,0.43213728070259094
1383,Highland Republic of Vireya_3_78,Highland Republic of Vireya,Highland Republic of Vireya_2_17,3,Highland Republic of Vireya assesses its voluntary disclosure posture as diplomatically vulnerable.,False,1.2669097185134888,3.2873795926570892,0.4283750653266907,0.30471521615982056
1384,Highland Republic of Vireya_4_497,Highland Republic of Vireya,Highland Republic of Vireya_3_78,4,Highland Republic of Vireya recognizes its sovereignty framing may be insufficient to deflect coalition opposition.,True,1.2348399460315704,4.52221953868866,0.4411587119102478,0.32400134205818176
1385,Highland Republic of Vireya_4_495,Highland Republic of Vireya,Highland Republic of Vireya_3_78,4,Highland Republic of Vireya perceives its negotiating leverage over Ondrel as weakening.,True,1.1995209753513336,4.486900568008423,0.3845910131931305,0.4158880114555359
1386,Highland Republic of Vireya_4_494,Highland Republic of Vireya,Highland Republic of Vireya_3_78,4,Highland Republic of Vireya considers upgrading telemetry disclosures to preempt external criticism.,True,1.1574509739875793,4.444830566644669,0.4869791269302368,0.35556989908218384
1387,Highland Republic of Vireya_3_77,Highland Republic of Vireya,Highland Republic of Vireya_2_17,3,Highland Republic of Vireya faces potential demands for independent third-party data verification.,False,1.1220351159572601,3.1425049901008606,0.4884772300720215,0.3894876539707184
1388,Highland Republic of Vireya_4_354,Highland Republic of Vireya,Highland Republic of Vireya_3_77,4,Highland Republic of Vireya anticipates that rejecting verification demands may deepen distrust with Ondrel.,True,1.2391155362129211,4.381620526313782,0.37516695261001587,0.385717511177063
1389,Highland Republic of Vireya_4_353,Highland Republic of Vireya,Highland Republic of Vireya_3_77,4,Highland Republic of Vireya faces potential pressure to grant foreign observers access to Array infrastructure.,True,1.0471047759056091,4.18960976600647,0.5091879367828369,0.44370728731155396
1390,Highland Republic of Vireya_4_352,Highland Republic of Vireya,Highland Republic of Vireya_3_77,4,Highland Republic of Vireya perceives third-party verification demands as challenges to its sovereignty.,True,1.1650806069374084,4.307585597038269,0.49003201723098755,0.344887375831604
1391,Highland Republic of Vireya_3_76,Highland Republic of Vireya,Highland Republic of Vireya_2_17,3,Highland Republic of Vireya anticipates Ondrel may invoke transit contract dispute mechanisms.,False,1.0442182421684265,3.064688116312027,0.4480862021446228,0.5076955556869507
1392,Highland Republic of Vireya_4_267,Highland Republic of Vireya,Highland Republic of Vireya_3_76,4,Highland Republic of Vireya identifies the transit contract as a vulnerability to Phase II continuity.,True,0.9906492829322815,4.0553373992443085,0.5343916416168213,0.4749590754508972
1393,Highland Republic of Vireya_4_266,Highland Republic of Vireya,Highland Republic of Vireya_3_76,4,Highland Republic of Vireya anticipates potential suspension of Ondrel's conduit cooperation obligations.,True,0.9122452735900879,3.976933389902115,0.5225142240524292,0.5652405023574829
1394,Highland Republic of Vireya_4_265,Highland Republic of Vireya,Highland Republic of Vireya_3_76,4,Highland Republic of Vireya assesses its exposure to arbitration proceedings under the transit contract.,True,1.0268018245697021,4.091489940881729,0.5293629169464111,0.4438352584838867
1395,Highland Republic of Vireya_4_264,Highland Republic of Vireya,Highland Republic of Vireya_3_76,4,Highland Republic of Vireya prepares legal review of the transit contract's dispute clauses.,True,0.9888021349906921,4.053490251302719,0.5660196542739868,0.44517821073532104
1396,Highland Republic of Vireya_3_75,Highland Republic of Vireya,Highland Republic of Vireya_2_17,3,Highland Republic of Vireya perceives pressure to justify its telemetry methodology publicly.,False,1.1023377776145935,3.122807651758194,0.5116686820983887,0.3859935402870178
1397,Highland Republic of Vireya_4_325,Highland Republic of Vireya,Highland Republic of Vireya_3_75,4,Highland Republic of Vireya anticipates that public justification may implicitly legitimize external oversight claims it rejects.,True,1.1309255063533783,4.253733158111572,0.5153701305389404,0.3537043631076813
1398,Highland Republic of Vireya_4_324,Highland Republic of Vireya,Highland Republic of Vireya_3_75,4,Highland Republic of Vireya assesses whether public disclosure of telemetry data risks exposing proprietary Array operational parameters.,True,1.1571577787399292,4.279965430498123,0.4524713158607483,0.3903709053993225
1399,Highland Republic of Vireya_4_323,Highland Republic of Vireya,Highland Republic of Vireya_3_75,4,Highland Republic of Vireya considers commissioning an independent technical defense of its telemetry methodology.,True,1.1167664229869843,4.239574074745178,0.5339345932006836,0.34929898381233215
1400,Highland Republic of Vireya_2_16,Highland Republic of Vireya,Highland Republic of Vireya_1_1,2,Highland Republic of Vireya anticipates diplomatic protests from Tessara citing harvest impacts.,False,1.1228070259094238,2.1103944778442383,0.4427741765975952,0.43441879749298096
1401,Highland Republic of Vireya_3_99,Highland Republic of Vireya,Highland Republic of Vireya_2_16,3,Highland Republic of Vireya expects its sovereign resource framing to be publicly challenged by Tessara.,False,1.0687288045883179,3.179123282432556,0.5132609605789185,0.41801023483276367
1402,Highland Republic of Vireya_4_385,Highland Republic of Vireya,Highland Republic of Vireya_3_99,4,Highland Republic of Vireya expects international attention drawn to the unresolved attribution dispute.,True,1.205801635980606,4.384924918413162,0.44905272126197815,0.34514564275741577
1403,Highland Republic of Vireya_4_384,Highland Republic of Vireya,Highland Republic of Vireya_3_99,4,Highland Republic of Vireya assesses its scientific attribution defense as its primary legal shield.,True,1.1537558734416962,4.332879155874252,0.49981242418289185,0.346431702375412
1404,Highland Republic of Vireya_4_382,Highland Republic of Vireya,Highland Republic of Vireya_3_99,4,Highland Republic of Vireya prepares formal rebuttals defending atmospheric sovereignty doctrine.,True,0.9869177937507629,4.166041076183319,0.6138997077941895,0.3991824984550476
1405,Highland Republic of Vireya_3_98,Highland Republic of Vireya,Highland Republic of Vireya_2_16,3,Highland Republic of Vireya identifies risk of Tessara invoking the 1971 Meridian Declaration as legal basis.,False,1.0055743753910065,3.1159688532352448,0.540216863155365,0.45420876145362854
1406,Highland Republic of Vireya_4_317,Highland Republic of Vireya,Highland Republic of Vireya_3_98,4,Highland Republic of Vireya identifies the Declaration's ambiguous language as exploitable by Tessara before international bodies.,True,1.0787051916122437,4.194674044847488,0.5342347621917725,0.3870600461959839
1407,Highland Republic of Vireya_4_316,Highland Republic of Vireya,Highland Republic of Vireya_3_98,4,Highland Republic of Vireya perceives risk of third-party arbitration being proposed under the Declaration's framework.,True,1.1555820107460022,4.271550863981247,0.4864804744720459,0.3579375147819519
1408,Highland Republic of Vireya_4_315,Highland Republic of Vireya,Highland Republic of Vireya_3_98,4,Highland Republic of Vireya anticipates needing to publicly contest the Declaration's legal enforceability.,True,1.2096464931964874,4.325615346431732,0.48065268993377686,0.3097008168697357
1409,Highland Republic of Vireya_3_97,Highland Republic of Vireya,Highland Republic of Vireya_2_16,3,Highland Republic of Vireya anticipates pressure to suspend Phase II pending bilateral consultations.,False,1.0798914730548859,3.190285950899124,0.5156794786453247,0.40442904829978943
1410,Highland Republic of Vireya_4_393,Highland Republic of Vireya,Highland Republic of Vireya_3_97,4,Highland Republic of Vireya identifies the Meridian Declaration as the likely legal basis cited against it.,True,1.1049801409244537,4.295266091823578,0.5380676984786987,0.35695216059684753
1411,Highland Republic of Vireya_4_392,Highland Republic of Vireya,Highland Republic of Vireya_3_97,4,Highland Republic of Vireya anticipates pressure undermining its domestic political mandate for Phase II.,True,1.1502160131931305,4.340501964092255,0.4598389267921448,0.38994506001472473
1412,Highland Republic of Vireya_4_391,Highland Republic of Vireya,Highland Republic of Vireya_3_97,4,Highland Republic of Vireya assesses bilateral consultation requests as threats to Phase II timeline.,True,1.0396654307842255,4.22995138168335,0.5425968170166016,0.417737752199173
1413,Highland Republic of Vireya_4_390,Highland Republic of Vireya,Highland Republic of Vireya_3_97,4,Highland Republic of Vireya prepares to reject suspension demands as sovereignty infringements.,True,1.169863760471344,4.360149711370468,0.5116264820098877,0.3185097575187683
1414,Highland Republic of Vireya_3_96,Highland Republic of Vireya,Highland Republic of Vireya_2_16,3,Highland Republic of Vireya assesses Tessara's protests as politically motivated rather than scientifically grounded.,True,1.4202955663204193,3.5306900441646576,0.314269095659256,0.2654353380203247
1415,Highland Republic of Vireya_3_95,Highland Republic of Vireya,Highland Republic of Vireya_2_16,3,Highland Republic of Vireya prepares official rebuttals citing unresolved attribution science.,False,1.1953284740447998,3.305722951889038,0.48361051082611084,0.32106101512908936
1416,Highland Republic of Vireya_4_505,Highland Republic of Vireya,Highland Republic of Vireya_3_95,4,Highland Republic of Vireya assesses its rebuttal as sufficient to delay binding multilateral intervention.,True,1.1543570458889008,4.460079997777939,0.5084784030914307,0.3371645510196686
1417,Highland Republic of Vireya_4_504,Highland Republic of Vireya,Highland Republic of Vireya_3_95,4,Highland Republic of Vireya anticipates requests for independent joint meteorological review it must respond to.,True,0.9612705707550049,4.266993522644043,0.5830820202827454,0.45564740896224976
1418,Highland Republic of Vireya_4_503,Highland Republic of Vireya,Highland Republic of Vireya_3_95,4,Highland Republic of Vireya identifies gaps in Tessara's attribution evidence to exploit diplomatically.,True,1.1266058087348938,4.432328760623932,0.44779717922210693,0.42559701204299927
1419,Highland Republic of Vireya_4_502,Highland Republic of Vireya,Highland Republic of Vireya_3_95,4,Highland Republic of Vireya positions its scientific rebuttal as the official state record.,True,1.2217618227005005,4.527484774589539,0.4762430191040039,0.3019951581954956
1420,Highland Republic of Vireya_2_15,Highland Republic of Vireya,Highland Republic of Vireya_1_1,2,Highland Republic of Vireya perceives its urban water security as structurally consolidated for the first time.,False,1.0455057322978973,2.033093184232712,0.4969346225261688,0.45755964517593384
1421,Highland Republic of Vireya_3_83,Highland Republic of Vireya,Highland Republic of Vireya_2_15,3,Highland Republic of Vireya perceives external pressure on Phase II as less credible given demonstrated domestic necessity.,False,1.0993612706661224,3.1324544548988342,0.5104577541351318,0.3901809751987457
1422,Highland Republic of Vireya_4_343,Highland Republic of Vireya,Highland Republic of Vireya_3_83,4,Highland Republic of Vireya perceives its negotiating position as structurally stronger than Tessara's or Ondrel's.,True,1.1893979907035828,4.321852445602417,0.4037475287914276,0.4068544805049896
1423,Highland Republic of Vireya_4_342,Highland Republic of Vireya,Highland Republic of Vireya_3_83,4,Highland Republic of Vireya allocates less institutional attention to joint attribution studies.,True,1.3208269476890564,4.453281402587891,0.4042797088623047,0.2748933434486389
1424,Highland Republic of Vireya_4_341,Highland Republic of Vireya,Highland Republic of Vireya_3_83,4,Highland Republic of Vireya strengthens its domestic legal and rhetorical framing of atmospheric sovereignty.,True,1.0628292560577393,4.1952837109565735,0.5515456199645996,0.38562512397766113
1425,Highland Republic of Vireya_4_340,Highland Republic of Vireya,Highland Republic of Vireya_3_83,4,Highland Republic of Vireya treats external objections as politically motivated rather than technically grounded.,True,1.4229526668787003,4.5554071217775345,0.3511287569999695,0.22591857612133026
1426,Highland Republic of Vireya_4_339,Highland Republic of Vireya,Highland Republic of Vireya_3_83,4,Highland Republic of Vireya deprioritizes diplomatic concessions on Phase II timing.,True,1.0973860919475555,4.22984054684639,0.4925978481769562,0.4100160598754883
1427,Highland Republic of Vireya_3_82,Highland Republic of Vireya,Highland Republic of Vireya_2_15,3,Highland Republic of Vireya increases confidence in financing and planning further infrastructure phases.,False,1.1885400414466858,3.2216332256793976,0.44197607040405273,0.3694838881492615
1428,Highland Republic of Vireya_4_425,Highland Republic of Vireya,Highland Republic of Vireya_3_82,4,Highland Republic of Vireya frames Phase II success as a replicable development model for highland states.,True,1.0872735977172852,4.308906823396683,0.524096667766571,0.3886297345161438
1429,Highland Republic of Vireya_4_424,Highland Republic of Vireya,Highland Republic of Vireya_3_82,4,Highland Republic of Vireya strengthens its institutional capacity for large-scale water infrastructure management.,True,0.9815039038658142,4.203137129545212,0.5330492258071899,0.48544687032699585
1430,Highland Republic of Vireya_4_423,Highland Republic of Vireya,Highland Republic of Vireya_3_82,4,Highland Republic of Vireya allocates budget resources toward expanded Array maintenance and operations.,True,1.1527594029903412,4.374392628669739,0.42766517400741577,0.41957542300224304
1431,Highland Republic of Vireya_4_422,Highland Republic of Vireya,Highland Republic of Vireya_3_82,4,Highland Republic of Vireya seeks additional domestic and international financing commitments for new infrastructure.,True,1.157955288887024,4.3795885145664215,0.4804643392562866,0.36158037185668945
1432,Highland Republic of Vireya_4_421,Highland Republic of Vireya,Highland Republic of Vireya_3_82,4,Highland Republic of Vireya begins formal feasibility studies for Phase III expansion.,True,1.0631601214408875,4.284793347120285,0.5333329439163208,0.40350693464279175
1433,Highland Republic of Vireya_3_81,Highland Republic of Vireya,Highland Republic of Vireya_2_15,3,Highland Republic of Vireya interprets consolidated water security as validating its sovereign atmospheric resource doctrine.,False,0.8399978280067444,2.873091012239456,0.6530634760856628,0.5069386959075928
1434,Highland Republic of Vireya_4_203,Highland Republic of Vireya,Highland Republic of Vireya_3_81,4,Highland Republic of Vireya resists any multilateral framework that conditions Array operation on downwind consent.,True,1.0925137400627136,3.96560475230217,0.5375032424926758,0.3699830174446106
1435,Highland Republic of Vireya_4_202,Highland Republic of Vireya,Highland Republic of Vireya_3_81,4,Highland Republic of Vireya anticipates other arid states adopting similar atmospheric harvesting doctrines.,True,0.9649239778518677,3.838014990091324,0.5544614791870117,0.4806145429611206
1436,Highland Republic of Vireya_4_201,Highland Republic of Vireya,Highland Republic of Vireya_3_81,4,Highland Republic of Vireya treats Phase II capture quotas as non-negotiable sovereign prerogatives.,True,0.961330384016037,3.834421396255493,0.620537519454956,0.41813209652900696
1437,Highland Republic of Vireya_4_200,Highland Republic of Vireya,Highland Republic of Vireya_3_81,4,Highland Republic of Vireya dismisses external attribution claims as politically motivated.,True,1.3893907964229584,4.2624818086624146,0.3888782262802124,0.22173097729682922
1438,Highland Republic of Vireya_4_199,Highland Republic of Vireya,Highland Republic of Vireya_3_81,4,Highland Republic of Vireya elevates atmospheric sovereignty as official state policy.,True,0.9765367209911346,3.849627733230591,0.6051361560821533,0.41832712292671204
1439,Highland Republic of Vireya_3_80,Highland Republic of Vireya,Highland Republic of Vireya_2_15,3,Highland Republic of Vireya reduces domestic rationing emergency protocols and associated administrative costs.,False,1.1585846543312073,3.191677838563919,0.4947242736816406,0.3466910719871521
1440,Highland Republic of Vireya_4_401,Highland Republic of Vireya,Highland Republic of Vireya_3_80,4,Highland Republic of Vireya deprioritizes contingency water-import agreements previously held as emergency backstops.,True,0.9391723275184631,4.130850166082382,0.5835283994674683,0.4772992730140686
1441,Highland Republic of Vireya_4_400,Highland Republic of Vireya,Highland Republic of Vireya_3_80,4,Highland Republic of Vireya's domestic political support for the Array project consolidates further.,True,1.2611251473426819,4.452802985906601,0.39895862340927124,0.3399162292480469
1442,Highland Republic of Vireya_4_399,Highland Republic of Vireya,Highland Republic of Vireya_3_80,4,Highland Republic of Vireya registers measurable reduction in per-capita governance expenditure on water management.,True,0.9749203026294708,4.16659814119339,0.545627772808075,0.4794519245624542
1443,Highland Republic of Vireya_4_398,Highland Republic of Vireya,Highland Republic of Vireya_3_80,4,Highland Republic of Vireya reallocates freed administrative budget toward Phase II operational staffing.,True,1.2346879541873932,4.426365792751312,0.4152733087539673,0.3500387370586395
1444,Highland Republic of Vireya_3_79,Highland Republic of Vireya,Highland Republic of Vireya_2_15,3,Highland Republic of Vireya shifts political capital toward highland agricultural expansion.,False,1.219940334558487,3.2530335187911987,0.41093435883522034,0.3691253066062927
1445,Highland Republic of Vireya_4_457,Highland Republic of Vireya,Highland Republic of Vireya_3_79,4,Highland Republic of Vireya reduces political priority assigned to the Ondrel transit contract.,True,0.9964340627193451,4.249467581510544,0.49247267842292786,0.511093258857727
1446,Highland Republic of Vireya_4_456,Highland Republic of Vireya,Highland Republic of Vireya_3_79,4,Highland Republic of Vireya perceives Array-secured water supply as enabling agricultural self-sufficiency.,True,0.8113054633140564,4.064338982105255,0.6416321992874146,0.547062337398529
1447,Highland Republic of Vireya_4_455,Highland Republic of Vireya,Highland Republic of Vireya_3_79,4,Highland Republic of Vireya initiates land-use planning for previously unfarmed plateau zones.,True,1.086847722530365,4.339881241321564,0.5459940433502197,0.3671582341194153
1448,Highland Republic of Vireya_4_454,Highland Republic of Vireya,Highland Republic of Vireya_3_79,4,Highland Republic of Vireya increases budget allocations toward highland irrigation infrastructure.,True,1.0836481153964996,4.336681634187698,0.4711986780166626,0.44515320658683777
1449,Highland Republic of Vireya_2_14,Highland Republic of Vireya,Highland Republic of Vireya_1_1,2,Highland Republic of Vireya registers increased inflow to its new domestic highland reservoirs.,False,1.2349668741226196,2.222554326057434,0.3957439064979553,0.36928921937942505
1450,Highland Republic of Vireya_3_134,Highland Republic of Vireya,Highland Republic of Vireya_2_14,3,Highland Republic of Vireya accumulates domestic water reserves enabling expanded highland agricultural irrigation.,False,1.0356666147708893,3.2582209408283234,0.5164979696273804,0.44783541560173035
1451,Highland Republic of Vireya_4_470,Highland Republic of Vireya,Highland Republic of Vireya_3_134,4,Highland Republic of Vireya perceives Phase II as validating its atmospheric sovereignty doctrine.,True,0.8769119679927826,4.135132908821106,0.6435085535049438,0.47957947850227356
1452,Highland Republic of Vireya_4_468,Highland Republic of Vireya,Highland Republic of Vireya_3_134,4,Highland Republic of Vireya reduces dependence on imported food staples for highland populations.,True,1.2757800817489624,4.534001022577286,0.4020773768424988,0.3221425414085388
1453,Highland Republic of Vireya_4_467,Highland Republic of Vireya,Highland Republic of Vireya_3_134,4,Highland Republic of Vireya initiates cultivation of previously unirrigated highland plateau land.,True,1.1601802110671997,4.418401151895523,0.4891636073589325,0.3506561815738678
1454,Highland Republic of Vireya_3_133,Highland Republic of Vireya,Highland Republic of Vireya_2_14,3,Highland Republic of Vireya perceives Phase II as operationally confirmed and technically successful.,False,1.1342963576316833,3.3568506836891174,0.48990172147750854,0.3758019208908081
1455,Highland Republic of Vireya_4_543,Highland Republic of Vireya,Highland Republic of Vireya_3_133,4,Highland Republic of Vireya formally incorporates Phase II reservoir inflows into its long-term water security projections.,True,0.902847409248352,4.2596980929374695,0.5713272094726562,0.5258253812789917
1456,Highland Republic of Vireya_4_542,Highland Republic of Vireya,Highland Republic of Vireya_3_133,4,Highland Republic of Vireya treats voluntary telemetry sharing as sufficient and rejects calls for binding oversight.,True,1.1948184072971344,4.551669090986252,0.5145160555839539,0.29066553711891174
1457,Highland Republic of Vireya_4_541,Highland Republic of Vireya,Highland Republic of Vireya_3_133,4,Highland Republic of Vireya increases domestic political capital for the highland development program.,True,1.3774542212486267,4.734304904937744,0.3491869568824768,0.2733588218688965
1458,Highland Republic of Vireya_4_540,Highland Republic of Vireya,Highland Republic of Vireya_3_133,4,Highland Republic of Vireya cites Phase II success as evidence that downwind attribution claims are unfounded.,True,1.1446563303470612,4.501507014036179,0.491311639547348,0.3640320301055908
1459,Highland Republic of Vireya_4_539,Highland Republic of Vireya,Highland Republic of Vireya_3_133,4,Highland Republic of Vireya begins internal planning for Phase III expansion of the Cirrus Array.,True,0.9631280303001404,4.319978713989258,0.4569493532180786,0.579922616481781
1460,Highland Republic of Vireya_4_538,Highland Republic of Vireya,Highland Republic of Vireya_3_133,4,Highland Republic of Vireya strengthens its institutional commitment to Phase II as permanent infrastructure.,True,1.1513810753822327,4.50823175907135,0.4709954857826233,0.37762343883514404
1461,Highland Republic of Vireya_3_132,Highland Republic of Vireya,Highland Republic of Vireya_2_14,3,Highland Republic of Vireya reduces reliance on the existing export conduit volume.,False,1.148738294839859,3.371292620897293,0.45124319195747375,0.40001851320266724
1462,Highland Republic of Vireya_4_545,Highland Republic of Vireya,Highland Republic of Vireya_3_132,4,Highland Republic of Vireya perceives the transit contract with Ondrel as increasingly optional to its water security.,True,0.9117956161499023,4.283088237047195,0.5363081693649292,0.5518962144851685
1463,Highland Republic of Vireya_3_131,Highland Republic of Vireya,Highland Republic of Vireya_2_14,3,Highland Republic of Vireya records reservoir storage data validating Phase II engineering projections.,False,1.0329990983009338,3.255553424358368,0.5269672870635986,0.44003361463546753
1464,Highland Republic of Vireya_4_462,Highland Republic of Vireya,Highland Republic of Vireya_3_131,4,Highland Republic of Vireya treats engineering validation as rebuttal to downwind attribution claims.,True,1.1436933279037476,4.3992467522621155,0.5484002828598022,0.3079063892364502
1465,Highland Republic of Vireya_4_461,Highland Republic of Vireya,Highland Republic of Vireya_3_131,4,Highland Republic of Vireya allocates confirmed surplus storage capacity to new highland agricultural zones.,True,1.1864889562129974,4.442042380571365,0.44811010360717773,0.36540094017982483
1466,Highland Republic of Vireya_4_460,Highland Republic of Vireya,Highland Republic of Vireya_3_131,4,Highland Republic of Vireya strengthens its legal position that Phase II causes no compensable harm.,True,1.1487607061862946,4.4043141305446625,0.5369775295257568,0.3142617642879486
1467,Highland Republic of Vireya_4_459,Highland Republic of Vireya,Highland Republic of Vireya_3_131,4,Highland Republic of Vireya publicly releases reservoir metrics as proof of Array's sovereign utility.,True,1.009833037853241,4.265386462211609,0.5530701279640198,0.43709683418273926
1468,Highland Republic of Vireya_4_458,Highland Republic of Vireya,Highland Republic of Vireya_3_131,4,Highland Republic of Vireya uses validated data to justify accelerating Phase III planning.,True,0.9865611493587494,4.242114573717117,0.5475741624832153,0.4658646881580353
1469,Highland Republic of Vireya_3_130,Highland Republic of Vireya,Highland Republic of Vireya_2_14,3,Highland Republic of Vireya gains measurable buffer against seasonal urban water shortfalls.,False,0.9564498066902161,3.17900413274765,0.5383573770523071,0.5051928162574768
1470,Highland Republic of Vireya_4_381,Highland Republic of Vireya,Highland Republic of Vireya_3_130,4,Highland Republic of Vireya perceives its sovereign resource strategy as empirically validated.,True,1.1014333963394165,4.280437529087067,0.5347975492477417,0.3637690544128418
1471,Highland Republic of Vireya_4_380,Highland Republic of Vireya,Highland Republic of Vireya_3_130,4,Highland Republic of Vireya strengthens its domestic political justification for Phase II continuation.,True,1.1634673178195953,4.3424714505672455,0.4826691746711731,0.35386350750923157
1472,Highland Republic of Vireya_4_379,Highland Republic of Vireya,Highland Republic of Vireya_3_130,4,Highland Republic of Vireya gains capacity to allocate stored water toward highland agricultural expansion.,True,1.0169382095336914,4.1959423422813416,0.5121101140975952,0.4709516763687134
1473,Highland Republic of Vireya_4_378,Highland Republic of Vireya,Highland Republic of Vireya_3_130,4,Highland Republic of Vireya reduces frequency of emergency urban water rationing orders.,True,0.9891355335712433,4.168139666318893,0.5534038543701172,0.4574606120586395
1474,Highland Republic of Vireya_2_13,Highland Republic of Vireya,Highland Republic of Vireya_1_1,2,Highland Republic of Vireya begins tripling atmospheric moisture capture above the Serrat Plateau.,False,0.9718009233474731,1.9593883752822876,0.5362497568130493,0.49194931983947754
1475,Highland Republic of Vireya_3_54,Highland Republic of Vireya,Highland Republic of Vireya_2_13,3,Highland Republic of Vireya anticipates Ondrel raising concerns about altered surplus volumes affecting contracted conduit flows.,False,0.9267445802688599,2.8861329555511475,0.4681100845336914,0.6051453351974487
1476,Highland Republic of Vireya_4_212,Highland Republic of Vireya,Highland Republic of Vireya_3_54,4,Highland Republic of Vireya anticipates Ondrel invoking the twenty-year transit contract as a binding constraint.,True,0.9162626266479492,3.8023955821990967,0.5231961011886597,0.5605412721633911
1477,Highland Republic of Vireya_4_210,Highland Republic of Vireya,Highland Republic of Vireya_3_54,4,Highland Republic of Vireya assesses whether Phase II surplus volumes can satisfy contracted conduit minimums.,True,0.9150574207305908,3.8011903762817383,0.5622410178184509,0.5227015614509583
1478,Highland Republic of Vireya_4_209,Highland Republic of Vireya,Highland Republic of Vireya_3_54,4,Highland Republic of Vireya prepares a legal defense of its transit contract obligations.,True,1.0626455545425415,3.948778510093689,0.5256315469741821,0.41172289848327637
1479,Highland Republic of Vireya_3_53,Highland Republic of Vireya,Highland Republic of Vireya_2_13,3,Highland Republic of Vireya faces potential diplomatic protests from Tessara citing worsened rainfall deficits in its grain belt.,False,1.0474388003349304,3.006827175617218,0.506019115447998,0.44654208421707153
1480,Highland Republic of Vireya_4_239,Highland Republic of Vireya,Highland Republic of Vireya_3_53,4,Highland Republic of Vireya assesses that protests may attract third-party regional attention to the Array.,True,1.3837012350559235,4.3905284106731415,0.3208143413066864,0.29548442363739014
1481,Highland Republic of Vireya_4_238,Highland Republic of Vireya,Highland Republic of Vireya_3_53,4,Highland Republic of Vireya anticipates Tessara invoking the 1971 Meridian Declaration as legal basis.,True,1.0416236519813538,4.048450827598572,0.529396116733551,0.4289802312850952
1482,Highland Republic of Vireya_4_237,Highland Republic of Vireya,Highland Republic of Vireya_3_53,4,Highland Republic of Vireya faces pressure to formally respond to Tessara's diplomatic communications.,True,1.0976081490516663,4.104435324668884,0.46407032012939453,0.4383215308189392
1483,Highland Republic of Vireya_4_236,Highland Republic of Vireya,Highland Republic of Vireya_3_53,4,Highland Republic of Vireya perceives Tessara's protests as politically motivated given disputed attribution science.,True,1.2546824216842651,4.261509597301483,0.39749664068222046,0.3478209376335144
1484,Highland Republic of Vireya_3_52,Highland Republic of Vireya,Highland Republic of Vireya_2_13,3,Highland Republic of Vireya records operational data showing tripled condensation tower output per dry-season cycle.,False,1.1479544341564178,3.1073428094387054,0.4188912808895111,0.43315428495407104
1485,Highland Republic of Vireya_4_298,Highland Republic of Vireya,Highland Republic of Vireya_3_52,4,Highland Republic of Vireya's operational records become the primary evidentiary asset in any future attribution dispute.,True,1.0928763449192047,4.20021915435791,0.5141077041625977,0.39301595091819763
1486,Highland Republic of Vireya_4_297,Highland Republic of Vireya,Highland Republic of Vireya_3_52,4,Highland Republic of Vireya identifies surplus capture volumes available beyond current domestic and export commitments.,True,1.18262380361557,4.2899666130542755,0.42054468393325806,0.3968315124511719
1487,Highland Republic of Vireya_4_296,Highland Republic of Vireya,Highland Republic of Vireya_3_52,4,Highland Republic of Vireya begins allocating tripled condensate volumes toward its new domestic reservoir filling schedule.,True,1.0686838626861572,4.176026672124863,0.4530474543571472,0.47826868295669556
1488,Highland Republic of Vireya_4_295,Highland Republic of Vireya,Highland Republic of Vireya_3_52,4,Highland Republic of Vireya gains empirical basis to assert atmospheric capture attribution claims as domestically validated.,True,1.069593071937561,4.1769358813762665,0.5269222259521484,0.4034847021102905
1489,Highland Republic of Vireya_4_294,Highland Republic of Vireya,Highland Republic of Vireya_3_52,4,Highland Republic of Vireya accumulates a verified performance dataset confirming Phase II engineering targets are met.,True,1.0361655950546265,4.143508404493332,0.5329940915107727,0.43084031343460083
1490,Highland Republic of Vireya_3_51,Highland Republic of Vireya,Highland Republic of Vireya_2_13,3,Highland Republic of Vireya observes surplus capture volumes exceeding current export conduit capacity under the Ondrel transit contract.,False,1.0737785995006561,3.0331669747829437,0.40307876467704773,0.5231426358222961
1491,Highland Republic of Vireya_4_255,Highland Republic of Vireya,Highland Republic of Vireya_3_51,4,Highland Republic of Vireya holds unconditioned water volumes with no current legal export pathway.,True,1.1800300478935242,4.213197022676468,0.5199916362762451,0.2999783158302307
1492,Highland Republic of Vireya_4_254,Highland Republic of Vireya,Highland Republic of Vireya_3_51,4,Highland Republic of Vireya faces potential breach-of-contract claims from Ondrel over undeliverable surplus volumes.,True,1.1526435017585754,4.185810476541519,0.4066151976585388,0.44074130058288574
1493,Highland Republic of Vireya_4_253,Highland Republic of Vireya,Highland Republic of Vireya_3_51,4,Highland Republic of Vireya recognizes the Ondrel transit contract no longer covers full capture output.,True,1.0208615064620972,4.054028481245041,0.4767143130302429,0.5024241805076599
1494,Highland Republic of Vireya_4_252,Highland Republic of Vireya,Highland Republic of Vireya_3_51,4,Highland Republic of Vireya identifies a need to expand domestic reservoir infrastructure.,True,1.0501667261123657,4.0833337008953094,0.5130372047424316,0.43679606914520264
1495,Highland Republic of Vireya_4_251,Highland Republic of Vireya,Highland Republic of Vireya_3_51,4,Highland Republic of Vireya must decide how to store or release excess captured water.,True,0.8952935338020325,3.928460508584976,0.5670738816261292,0.5376325845718384
1496,Highland Republic of Vireya_3_50,Highland Republic of Vireya,Highland Republic of Vireya_2_13,3,Highland Republic of Vireya registers measurable reduction in moisture flux crossing the Serrat Plateau downwind boundary.,False,0.9510642290115356,2.9104526042938232,0.5558048486709595,0.4931309223175049
1497,Highland Republic of Vireya_4_216,Highland Republic of Vireya,Highland Republic of Vireya_3_50,4,Highland Republic of Vireya faces potential claims that its telemetry summaries constitute implicit acknowledgment of transboundary effect.,True,1.1158499121665955,4.026302516460419,0.5138975381851196,0.3702525496482849
1498,Highland Republic of Vireya_4_215,Highland Republic of Vireya,Highland Republic of Vireya_3_50,4,Highland Republic of Vireya anticipates attribution disputes intensifying as downwind moisture data becomes measurable.,True,0.9910514950752258,3.901504099369049,0.5351479053497314,0.4738005995750427
1499,Highland Republic of Vireya_4_213,Highland Republic of Vireya,Highland Republic of Vireya_3_50,4,Highland Republic of Vireya confirms Phase II capture efficiency meets design projections.,True,1.1056160926818848,4.016068696975708,0.486319899559021,0.40806400775909424
1500,Highland Republic of Vireya_3_49,Highland Republic of Vireya,Highland Republic of Vireya_2_13,3,Highland Republic of Vireya increases total water volume delivered to its highland urban reservoirs.,False,1.17520272731781,3.1345911026000977,0.40646040439605713,0.4183368682861328
1501,Highland Republic of Vireya_4_346,Highland Republic of Vireya,Highland Republic of Vireya_3_49,4,Highland Republic of Vireya accumulates strategic water reserves against future dry seasons.,True,0.916114330291748,4.050705432891846,0.5694925785064697,0.5143930912017822
1502,Highland Republic of Vireya_4_345,Highland Republic of Vireya,Highland Republic of Vireya_3_49,4,Highland Republic of Vireya gains capacity to sustain highland agricultural irrigation expansion.,True,1.0925699174404144,4.227161020040512,0.48952797055244446,0.4179021120071411
1503,Highland Republic of Vireya_4_344,Highland Republic of Vireya,Highland Republic of Vireya_3_49,4,Highland Republic of Vireya reduces its chronic urban water rationing burden.,True,0.984728991985321,4.119320094585419,0.5350131392478943,0.48025786876678467
