i,id,actor,padre,profundidad,texto,es_hoja,peso_arista,peso_acumulado,sim_con_raiz,sim_con_problema
0,Commonwealth of Cerulea_0_0,Commonwealth of Cerulea,,0,"Cerulea claims essential-participant status based on its monopoly on Earth communication and medical capability. Argues that operational priority and hardware contribution are irrelevant if crews cannot communicate with Earth or treat medical emergencies. Demands guaranteed full-crew presence as a non-negotiable condition, noting that its physician and communication specialists cannot be reduced without endangering all occupants. Proposes a consensus-based decision framework requiring unanimous agreement for any life support modification. States that exclusion or reduction would force it to operate its communication array from its landing vehicle for crew safety reasons, which would interrupt the habitat's connection to Earth-based mission control.",False,,0.0,1.0,0.6846368312835693
1,Commonwealth of Cerulea_1_3,Commonwealth of Cerulea,Commonwealth of Cerulea_0_0,1,Communication array threat creates operational dependency on Cerulea,False,1.3040601909160614,1.3040601909160614,0.41804593801498413,0.27789387106895447
2,Commonwealth of Cerulea_2_6,Commonwealth of Cerulea,Commonwealth of Cerulea_1_3,2,Mission safety becomes contingent on Cerulea's cooperation,False,1.026473879814148,2.3305340707302094,0.4605410099029541,0.512985110282898
3,Commonwealth of Cerulea_3_13,Commonwealth of Cerulea,Commonwealth of Cerulea_2_6,3,Mission control authority shifts toward Cerulea's strategic preferences,False,1.3093882203102112,3.6399222910404205,0.3177362084388733,0.3728755712509155
4,Commonwealth of Cerulea_4_34,Commonwealth of Cerulea,Commonwealth of Cerulea_3_13,4,Resource allocation follows Cerulea's priority framework,False,1.4728390872478485,5.112761378288269,0.24013707041740417,0.2870238423347473
5,Commonwealth of Cerulea_5_99,Commonwealth of Cerulea,Commonwealth of Cerulea_4_34,5,Power and life support distribution favors Cerulea's operational requirements,False,1.1672937273979187,6.280055105686188,0.4313124418258667,0.4013938307762146
6,Commonwealth of Cerulea_6_254,Commonwealth of Cerulea,Commonwealth of Cerulea_5_99,6,Other nations' crew operations become subordinated to Cerulea's mission priorities,True,1.189969539642334,7.470024645328522,0.3600870966911316,0.4499433636665344
7,Commonwealth of Cerulea_5_98,Commonwealth of Cerulea,Commonwealth of Cerulea_4_34,5,Other nations' resource requests require Cerulea's framework approval,False,1.3226559460163116,6.435417324304581,0.26133933663368225,0.4160047173500061
8,Commonwealth of Cerulea_6_282,Commonwealth of Cerulea,Commonwealth of Cerulea_5_98,6,Resource distribution reflects Cerulea's strategic priorities exclusively,True,1.540261223912239,7.97567854821682,0.26819220185279846,0.19154657423496246
9,Commonwealth of Cerulea_6_281,Commonwealth of Cerulea,Commonwealth of Cerulea_5_98,6,Cerulea becomes sole arbiter of habitat operational decisions,True,1.1950770020484924,7.630494326353073,0.4434066712856293,0.3615163266658783
10,Commonwealth of Cerulea_6_280,Commonwealth of Cerulea,Commonwealth of Cerulea_5_98,6,Other nations develop counter-leverage strategies against Cerulea's control,True,1.559777393937111,7.995194718241692,0.1647290140390396,0.2754935920238495
11,Commonwealth of Cerulea_5_97,Commonwealth of Cerulea,Commonwealth of Cerulea_4_34,5,Cerulea's medical and communication needs receive priority allocation,False,1.3589048087596893,6.471666187047958,0.37611591815948486,0.2649792730808258
12,Commonwealth of Cerulea_6_311,Commonwealth of Cerulea,Commonwealth of Cerulea_5_97,6,Cerulea's crew positions become protected from reduction discussions,True,1.2576514780521393,7.729317665100098,0.3784603774547577,0.363888144493103
13,Commonwealth of Cerulea_6_310,Commonwealth of Cerulea,Commonwealth of Cerulea_5_97,6,Power and life support systems prioritize communication and medical equipment,True,0.9848870038986206,7.456553190946579,0.5567876100540161,0.4583253860473633
14,Commonwealth of Cerulea_6_309,Commonwealth of Cerulea,Commonwealth of Cerulea_5_97,6,Other nations' operational capabilities become secondary to Cerulea's requirements,True,1.3755418360233307,7.847208023071289,0.2622933089733124,0.36216485500335693
15,Commonwealth of Cerulea_4_32,Commonwealth of Cerulea,Commonwealth of Cerulea_3_13,4,Other nations must defer to Cerulea's operational decisions,False,1.264333188533783,4.9042554795742035,0.2968234419822693,0.43884336948394775
16,Commonwealth of Cerulea_5_92,Commonwealth of Cerulea,Commonwealth of Cerulea_4_32,5,Other nations lose meaningful input on habitat operations,False,1.2374207377433777,6.141676217317581,0.3482401967048645,0.4143390655517578
17,Commonwealth of Cerulea_6_228,Commonwealth of Cerulea,Commonwealth of Cerulea_5_92,6,Other nations threaten to disable shared systems unless consulted,True,1.2387226819992065,7.380398899316788,0.29247528314590454,0.4688020348548889
18,Commonwealth of Cerulea_6_227,Commonwealth of Cerulea,Commonwealth of Cerulea_5_92,6,Other nations form bilateral alliance excluding Cerulea from decisions,True,1.5414762794971466,7.683152496814728,0.16011705994606018,0.2984066605567932
19,Commonwealth of Cerulea_6_226,Commonwealth of Cerulea,Commonwealth of Cerulea_5_92,6,Other nations resort to unilateral actions bypassing Cerulea's authority,True,1.4438103139400482,7.585486531257629,0.16684189438819885,0.38934779167175293
20,Commonwealth of Cerulea_5_91,Commonwealth of Cerulea,Commonwealth of Cerulea_4_32,5,Resource allocation follows Cerulea's survival priorities exclusively,False,1.3171971142292023,6.221452593803406,0.3857879638671875,0.29701492190361023
21,Commonwealth of Cerulea_6_236,Commonwealth of Cerulea,Commonwealth of Cerulea_5_91,6,Non-Cerulea crew members experience reduced oxygen and water rations,True,1.1623706817626953,7.383823275566101,0.45264047384262085,0.38498884439468384
22,Commonwealth of Cerulea_6_235,Commonwealth of Cerulea,Commonwealth of Cerulea_5_91,6,Cerulea's medical and communication personnel receive priority life support allocation,True,1.142294704914093,7.363747298717499,0.4440757632255554,0.41362953186035156
23,Commonwealth of Cerulea_6_234,Commonwealth of Cerulea,Commonwealth of Cerulea_5_91,6,Other nations' crew members face systematic exclusion from critical resources,False,1.073926329612732,7.295378923416138,0.4195517301559448,0.5065219402313232
24,Commonwealth of Cerulea_7_570,Commonwealth of Cerulea,Commonwealth of Cerulea_6_234,7,Other nations threaten to disable shared habitat systems,True,1.0991841554641724,8.39456307888031,0.4139483869075775,0.4868674576282501
25,Commonwealth of Cerulea_7_569,Commonwealth of Cerulea,Commonwealth of Cerulea_6_234,7,Inter-crew cooperation breaks down completely,True,1.4041462987661362,8.699525222182274,0.23350699245929718,0.36234670877456665
26,Commonwealth of Cerulea_7_568,Commonwealth of Cerulea,Commonwealth of Cerulea_6_234,7,Excluded crew members begin independent resource acquisition attempts,True,1.2115824222564697,8.506961345672607,0.35758692026138306,0.4308306574821472
27,Commonwealth of Cerulea_7_567,Commonwealth of Cerulea,Commonwealth of Cerulea_6_234,7,Other nations initiate emergency protocols to protect their crews,True,1.0609500408172607,8.356328964233398,0.39469754695892334,0.5443524122238159
28,Commonwealth of Cerulea_5_90,Commonwealth of Cerulea,Commonwealth of Cerulea_4_32,5,Cerulea gains unilateral authority over crew selection decisions,False,1.364645928144455,6.2689014077186584,0.27286070585250854,0.3624933660030365
29,Commonwealth of Cerulea_6_253,Commonwealth of Cerulea,Commonwealth of Cerulea_5_90,6,Cerulea can prioritize its strategic personnel over others' specialists,True,1.4468542635440826,7.715755671262741,0.2768559157848358,0.27628982067108154
30,Commonwealth of Cerulea_6_252,Commonwealth of Cerulea,Commonwealth of Cerulea_5_90,6,Other nations lose input on their own crew composition,True,1.2322652339935303,7.501166641712189,0.3113853931427002,0.45634937286376953
31,Commonwealth of Cerulea_6_251,Commonwealth of Cerulea,Commonwealth of Cerulea_5_90,6,Cerulea determines which personnel from other nations remain aboard,True,1.1711483895778656,7.440049797296524,0.39869529008865356,0.43015632033348083
32,Commonwealth of Cerulea_3_11,Commonwealth of Cerulea,Commonwealth of Cerulea_2_6,3,Other nations must accommodate Cerulea's demands to maintain mission viability,False,1.137177437543869,3.4677115082740784,0.4133239686489105,0.44949859380722046
33,Commonwealth of Cerulea_4_31,Commonwealth of Cerulea,Commonwealth of Cerulea_3_11,4,Cerulea's crew retention becomes prioritized over others,False,1.382312148809433,4.850023657083511,0.3243003487586975,0.2933875024318695
34,Commonwealth of Cerulea_5_82,Commonwealth of Cerulea,Commonwealth of Cerulea_4_31,5,Mission planning prioritizes Cerulea's operational requirements over others,False,1.1390542089939117,5.989077866077423,0.42476415634155273,0.4361816346645355
35,Commonwealth of Cerulea_6_205,Commonwealth of Cerulea,Commonwealth of Cerulea_5_82,6,Cerulea's crew assignments take precedence in duty rotations,True,1.3310456275939941,7.320123493671417,0.33268308639526367,0.3362712860107422
36,Commonwealth of Cerulea_6_204,Commonwealth of Cerulea,Commonwealth of Cerulea_5_82,6,Resource allocation schedules favor Cerulea's mission timeline,True,1.3534768223762512,7.342554688453674,0.3148724436759949,0.3316507339477539
37,Commonwealth of Cerulea_6_203,Commonwealth of Cerulea,Commonwealth of Cerulea_5_82,6,Other nations' technical procedures are subordinated to Cerulea's systems,True,1.4552500247955322,7.444327890872955,0.20525819063186646,0.3394917845726013
38,Commonwealth of Cerulea_6_202,Commonwealth of Cerulea,Commonwealth of Cerulea_5_82,6,Cerulea's communication protocols become the standard operational framework,True,1.3476399183273315,7.336717784404755,0.3788554072380066,0.27350467443466187
39,Commonwealth of Cerulea_5_80,Commonwealth of Cerulea,Commonwealth of Cerulea_4_31,5,Other nations face forced crew reduction to accommodate Cerulea,False,1.3071711361408234,6.157194793224335,0.3159859776496887,0.3768428862094879
40,Commonwealth of Cerulea_6_232,Commonwealth of Cerulea,Commonwealth of Cerulea_5_80,6,Crew selection decisions become source of inter-national conflict,True,1.209361970424652,7.366556763648987,0.33436399698257446,0.45627403259277344
41,Commonwealth of Cerulea_6_231,Commonwealth of Cerulea,Commonwealth of Cerulea_5_80,6,Other nations question legitimacy of Cerulea's monopolistic demands,True,1.5863641202449799,7.743558913469315,0.1428866684436798,0.27074921131134033
42,Commonwealth of Cerulea_6_230,Commonwealth of Cerulea,Commonwealth of Cerulea_5_80,6,Forced crew reduction creates operational gaps in other missions,False,0.9738900661468506,7.131084859371185,0.4871302843093872,0.5389796495437622
43,Commonwealth of Cerulea_7_509,Commonwealth of Cerulea,Commonwealth of Cerulea_6_230,7,Mission objectives become compromised by understaffing,True,1.1389079093933105,8.269992768764496,0.39009976387023926,0.4709923267364502
44,Commonwealth of Cerulea_7_508,Commonwealth of Cerulea,Commonwealth of Cerulea_6_230,7,Reduced crews cannot maintain full operational capabilities,True,1.071093589067459,8.202178448438644,0.45361366868019104,0.47529274225234985
45,Commonwealth of Cerulea_7_507,Commonwealth of Cerulea,Commonwealth of Cerulea_6_230,7,Other nations lose specialized expertise through personnel reduction,True,1.4536279737949371,8.584712833166122,0.20761892199516296,0.3387531042098999
46,Commonwealth of Cerulea_6_229,Commonwealth of Cerulea,Commonwealth of Cerulea_5_80,6,Other nations develop resentment toward Cerulea's coercive tactics,True,1.7389175966382027,7.896112389862537,0.07624220103025436,0.18484020233154297
47,Commonwealth of Cerulea_4_30,Commonwealth of Cerulea,Commonwealth of Cerulea_3_11,4,Other nations accept subordinate decision-making roles,False,1.406311810016632,4.8740233182907104,0.1846855878829956,0.4090026021003723
48,Commonwealth of Cerulea_5_89,Commonwealth of Cerulea,Commonwealth of Cerulea_4_30,5,Decision-making hierarchy emerges with Cerulea at apex,False,1.5284021496772766,6.402425467967987,0.20209670066833496,0.2695011496543884
49,Commonwealth of Cerulea_6_276,Commonwealth of Cerulea,Commonwealth of Cerulea_5_89,6,Subordinate crews must seek Cerulea approval for operations,True,1.1605693399906158,7.562994807958603,0.4113640785217285,0.42806658148765564
50,Commonwealth of Cerulea_6_275,Commonwealth of Cerulea,Commonwealth of Cerulea_5_89,6,Cerulea controls access to Earth-based technical support,True,1.0386711657047272,7.441096633672714,0.507443904876709,0.45388492941856384
51,Commonwealth of Cerulea_6_274,Commonwealth of Cerulea,Commonwealth of Cerulea_5_89,6,Other nations lose equal standing in resource allocation,True,1.4650989770889282,7.867524445056915,0.1813921332359314,0.3535088896751404
52,Commonwealth of Cerulea_5_88,Commonwealth of Cerulea,Commonwealth of Cerulea_4_30,5,Cerulea's crew maintains full four-person complement in habitat,False,1.3476500809192657,6.221673399209976,0.4125416874885559,0.23980823159217834
53,Commonwealth of Cerulea_6_239,Commonwealth of Cerulea,Commonwealth of Cerulea_5_88,6,Commonwealth of Cerulea establishes precedent for essential-service leverage in future disputes,True,1.3453781008720398,7.567051500082016,0.2965775728225708,0.3580443263053894
54,Commonwealth of Cerulea_6_238,Commonwealth of Cerulea,Commonwealth of Cerulea_5_88,6,Cerulea gains proportionally larger resource allocation within the habitat,True,1.622565597295761,7.844238996505737,0.2210339903831482,0.1564004123210907
55,Commonwealth of Cerulea_6_237,Commonwealth of Cerulea,Commonwealth of Cerulea_5_88,6,Other nations must reduce their crew complements to accommodate capacity limits,True,1.1579244434833527,7.379597842693329,0.3829675316810608,0.45910802483558655
56,Commonwealth of Cerulea_2_5,Commonwealth of Cerulea,Commonwealth of Cerulea_1_3,2,Cerulea gains veto power over habitat operational decisions,False,1.3089895248413086,2.61304971575737,0.36131390929222107,0.32969656586647034
57,Commonwealth of Cerulea_3_15,Commonwealth of Cerulea,Commonwealth of Cerulea_2_5,3,Deadlock occurs when other nations reject Cerulea's veto authority,False,1.4989423006772995,4.1119920164346695,0.1784481555223465,0.322609543800354
58,Commonwealth of Cerulea_4_53,Commonwealth of Cerulea,Commonwealth of Cerulea_3_15,4,Habitat operations proceed without unified command structure,False,0.989495575428009,5.1014875918626785,0.525288462638855,0.485215961933136
59,Commonwealth of Cerulea_5_96,Commonwealth of Cerulea,Commonwealth of Cerulea_4_53,5,Emergency response protocols lack single coordinating authority,False,1.184569239616394,6.286056831479073,0.33702778816223145,0.4784029722213745
60,Commonwealth of Cerulea_6_257,Commonwealth of Cerulea,Commonwealth of Cerulea_5_96,6,Medical emergencies trigger competing treatment protocols from different crews,True,1.0382253229618073,7.32428215444088,0.4708922207355499,0.4908824563026428
61,Commonwealth of Cerulea_6_256,Commonwealth of Cerulea,Commonwealth of Cerulea_5_96,6,Critical system failures receive conflicting repair approaches,True,1.4630282521247864,7.749085083603859,0.22700822353363037,0.30996352434158325
62,Commonwealth of Cerulea_6_255,Commonwealth of Cerulea,Commonwealth of Cerulea_5_96,6,Multiple crews attempt simultaneous emergency responses without coordination,True,1.1031306385993958,7.389187470078468,0.4092312455177307,0.48763811588287354
63,Commonwealth of Cerulea_5_95,Commonwealth of Cerulea,Commonwealth of Cerulea_4_53,5,Resource allocation decisions fragment across three separate national authorities,False,1.3388009518384933,6.440288543701172,0.20136775076389313,0.4598312973976135
64,Commonwealth of Cerulea_6_285,Commonwealth of Cerulea,Commonwealth of Cerulea_5_95,6,Life support resource rationing occurs without coordinated allocation protocol,True,0.9062391519546509,7.346527695655823,0.4748033285140991,0.61895751953125
65,Commonwealth of Cerulea_6_284,Commonwealth of Cerulea,Commonwealth of Cerulea_5_95,6,Power distribution priorities become contested between three separate control schemes,True,1.33265221118927,7.772940754890442,0.28523796796798706,0.3821098208427429
66,Commonwealth of Cerulea_5_94,Commonwealth of Cerulea,Commonwealth of Cerulea_4_53,5,Critical systems receive conflicting operational commands from multiple crews,False,1.1440895199775696,6.245577111840248,0.4020199179649353,0.4538905620574951
67,Commonwealth of Cerulea_6_240,Commonwealth of Cerulea,Commonwealth of Cerulea_5_94,6,Habitat's integrated control system experiences cascading malfunctions from contradictory inputs,True,1.1749320030212402,7.420509114861488,0.4204983115196228,0.40456968545913696
68,Commonwealth of Cerulea_4_52,Commonwealth of Cerulea,Commonwealth of Cerulea_3_15,4,Other nations must choose between accepting veto or losing Earth contact,False,1.1825623512268066,5.294554367661476,0.3582918047904968,0.45914584398269653
69,Commonwealth of Cerulea_5_134,Commonwealth of Cerulea,Commonwealth of Cerulea_4_52,5,Other nations must accept reduced crew capacity to maintain Cerulea's communication specialists,False,1.0414432287216187,6.335997596383095,0.4893343448638916,0.46922242641448975
70,Commonwealth of Cerulea_6_268,Commonwealth of Cerulea,Commonwealth of Cerulea_5_134,6,Resource allocation shifts toward supporting Cerulea's essential personnel,True,1.2890323102474213,7.625029906630516,0.3513243794441223,0.3596433103084564
71,Commonwealth of Cerulea_6_267,Commonwealth of Cerulea,Commonwealth of Cerulea_5_134,6,Other nations establish precedent for capability-based crew allocation,True,1.0665519833564758,7.402549579739571,0.4059790372848511,0.5274689793586731
72,Commonwealth of Cerulea_5_133,Commonwealth of Cerulea,Commonwealth of Cerulea_4_52,5,Communication dependency forces other nations into subordinate negotiating positions,False,1.39185231924057,6.686406686902046,0.2858871817588806,0.3222604990005493
73,Commonwealth of Cerulea_6_384,Commonwealth of Cerulea,Commonwealth of Cerulea_5_133,6,Resentment builds toward Cerulea's leveraging of critical infrastructure,True,1.6625182330608368,8.348924919962883,0.17159008979797363,0.16589167714118958
74,Commonwealth of Cerulea_6_383,Commonwealth of Cerulea,Commonwealth of Cerulea_5_133,6,Other nations attempt to develop alternative communication methods,True,1.4875217080116272,8.173928394913673,0.26354095339775085,0.24893733859062195
75,Commonwealth of Cerulea_6_382,Commonwealth of Cerulea,Commonwealth of Cerulea_5_133,6,Other nations accept Cerulea's terms to maintain Earth contact,True,1.304944783449173,7.991351470351219,0.34892651438713074,0.3461287021636963
76,Commonwealth of Cerulea_5_132,Commonwealth of Cerulea,Commonwealth of Cerulea_4_52,5,Other nations face immediate operational paralysis without mission control guidance,False,0.9578182697296143,6.25237263739109,0.4364722967147827,0.605709433555603
77,Commonwealth of Cerulea_6_250,Commonwealth of Cerulea,Commonwealth of Cerulea_5_132,6,Critical decisions get delayed pending Earth consultation availability,True,1.3358705043792725,7.588243141770363,0.29671627283096313,0.3674132227897644
78,Commonwealth of Cerulea_6_249,Commonwealth of Cerulea,Commonwealth of Cerulea_5_132,6,Mission protocols break down without centralized guidance systems,False,0.9438320994377136,7.196204736828804,0.47563380002975464,0.5805341005325317
79,Commonwealth of Cerulea_7_545,Commonwealth of Cerulea,Commonwealth of Cerulea_6_249,7,Resource usage patterns diverge without unified operational standards,True,1.4066121131181717,8.602816849946976,0.2346167117357254,0.3587711751461029
80,Commonwealth of Cerulea_7_544,Commonwealth of Cerulea,Commonwealth of Cerulea_6_249,7,Safety procedures become inconsistent across different crew sections,True,1.1842877268791199,8.380492463707924,0.34258267283439636,0.47312960028648376
81,Commonwealth of Cerulea_7_543,Commonwealth of Cerulea,Commonwealth of Cerulea_6_249,7,Individual crews revert to independent national mission protocols,True,1.0294947624206543,8.225699499249458,0.456113338470459,0.5143918991088867
82,Commonwealth of Cerulea_6_248,Commonwealth of Cerulea,Commonwealth of Cerulea_5_132,6,Other nations attempt independent operations without Earth coordination,True,1.128187358379364,7.380559995770454,0.34206992387771606,0.5297427177429199
83,Commonwealth of Cerulea_4_51,Commonwealth of Cerulea,Commonwealth of Cerulea_3_15,4,Cerulea threatens to withdraw communication array from habitat operations,False,1.2968790829181671,5.408871099352837,0.4410698413848877,0.2620510756969452
84,Commonwealth of Cerulea_5_149,Commonwealth of Cerulea,Commonwealth of Cerulea_4_51,5,Communication withdrawal threat forces immediate crisis negotiation,False,1.284488469362259,6.6933595687150955,0.3822155296802521,0.333296000957489
85,Commonwealth of Cerulea_6_387,Commonwealth of Cerulea,Commonwealth of Cerulea_5_149,6,Crisis timeline accelerates due to communication infrastructure dependency,True,1.4727693498134613,8.166128918528557,0.27309083938598633,0.25413981080055237
86,Commonwealth of Cerulea_6_386,Commonwealth of Cerulea,Commonwealth of Cerulea_5_149,6,Habitat operations face imminent disruption from communication system removal,True,1.060596227645874,7.7539557963609695,0.5409094095230103,0.3984943628311157
87,Commonwealth of Cerulea_6_385,Commonwealth of Cerulea,Commonwealth of Cerulea_5_149,6,Other nations must immediately address Cerulea's essential service demands,True,1.4405168294906616,8.133876398205757,0.2681451439857483,0.2913380265235901
88,Commonwealth of Cerulea_5_148,Commonwealth of Cerulea,Commonwealth of Cerulea_4_51,5,Habitat operations become dependent on Cerulea's unilateral decisions,False,1.1146547496318817,6.523525848984718,0.4400416910648346,0.4453035593032837
89,Commonwealth of Cerulea_6_329,Commonwealth of Cerulea,Commonwealth of Cerulea_5_148,6,Habitat safety protocols become subject to Cerulea's approval requirements,True,1.1411722004413605,7.664698049426079,0.44552552700042725,0.4133022725582123
90,Commonwealth of Cerulea_5_147,Commonwealth of Cerulea,Commonwealth of Cerulea_4_51,5,Other nations must choose between accepting Cerulea's demands or losing Earth contact,False,1.3029873669147491,6.711858466267586,0.31690990924835205,0.3801027238368988
91,Commonwealth of Cerulea_6_395,Commonwealth of Cerulea,Commonwealth of Cerulea_5_147,6,Other nations must accept reduced crew capacity under Cerulea's terms,True,1.2715825140476227,7.983440980315208,0.3199343979358673,0.40848308801651
92,Commonwealth of Cerulea_6_393,Commonwealth of Cerulea,Commonwealth of Cerulea_5_147,6,Other nations face immediate operational crisis without Earth guidance,True,1.0277252793312073,7.739583745598793,0.4117874503135681,0.5604872703552246
93,Commonwealth of Cerulea_3_14,Commonwealth of Cerulea,Commonwealth of Cerulea_2_5,3,Other nations must accept Cerulea's terms for habitat decisions,False,1.217880666255951,3.830930382013321,0.38310813903808594,0.39901119470596313
94,Commonwealth of Cerulea_4_38,Commonwealth of Cerulea,Commonwealth of Cerulea_3_14,4,Other nations must negotiate through Cerulea for any system modifications,False,1.419543445110321,5.250473827123642,0.2350974977016449,0.34535905718803406
95,Commonwealth of Cerulea_5_127,Commonwealth of Cerulea,Commonwealth of Cerulea_4_38,5,Cerulea can delay or block system changes unilaterally,False,1.5788578987121582,6.8293317258358,0.20704993605613708,0.2140921652317047
96,Commonwealth of Cerulea_6_437,Commonwealth of Cerulea,Commonwealth of Cerulea_5_127,6,Habitat operational efficiency decreases due to decision bottlenecks,True,1.39558544754982,8.22491717338562,0.3042716979980469,0.3001428544521332
97,Commonwealth of Cerulea_6_436,Commonwealth of Cerulea,Commonwealth of Cerulea_5_127,6,Resource reallocation decisions become subject to Cerulea's veto,True,1.3880418539047241,8.217373579740524,0.25601083040237427,0.3559473156929016
98,Commonwealth of Cerulea_6_435,Commonwealth of Cerulea,Commonwealth of Cerulea_5_127,6,Critical system repairs require Cerulea's consent to proceed,True,1.2834666967391968,8.112798422574997,0.3614214062690735,0.35511189699172974
99,Commonwealth of Cerulea_5_126,Commonwealth of Cerulea,Commonwealth of Cerulea_4_38,5,All technical decisions require Cerulea's preliminary approval,False,1.4073996245861053,6.657873451709747,0.27245938777923584,0.3201409876346588
100,Commonwealth of Cerulea_6_370,Commonwealth of Cerulea,Commonwealth of Cerulea_5_126,6,Technical emergencies require Cerulea's authorization before response,True,1.1286827325820923,7.78655618429184,0.42416661977767944,0.44715064764022827
101,Commonwealth of Cerulea_6_369,Commonwealth of Cerulea,Commonwealth of Cerulea_5_126,6,Cerulea controls the pace of all operational modifications,True,1.4376718401908875,8.095545291900635,0.30203211307525635,0.2602960467338562
102,Commonwealth of Cerulea_6_368,Commonwealth of Cerulea,Commonwealth of Cerulea_5_126,6,Other nations must request Cerulea permission for equipment changes,True,1.320210874080658,7.978084325790405,0.3158617615699768,0.36392736434936523
103,Commonwealth of Cerulea_6_367,Commonwealth of Cerulea,Commonwealth of Cerulea_5_126,6,Cerulea becomes the de facto habitat systems administrator,True,1.3037267923355103,7.961600244045258,0.35695821046829224,0.3393149971961975
104,Commonwealth of Cerulea_5_125,Commonwealth of Cerulea,Commonwealth of Cerulea_4_38,5,Other nations lose direct control over habitat modifications,False,1.204610824584961,6.455084651708603,0.3462819457054138,0.44910722970962524
105,Commonwealth of Cerulea_6_301,Commonwealth of Cerulea,Commonwealth of Cerulea_5_125,6,Other nations cannot independently implement safety protocols,True,1.2010459005832672,7.65613055229187,0.3223678469657898,0.476586252450943
106,Commonwealth of Cerulea_6_300,Commonwealth of Cerulea,Commonwealth of Cerulea_5_125,6,Cerulea becomes sole intermediary for Earth-based technical support,True,1.2329106628894806,7.6879953145980835,0.42629873752593994,0.34079059958457947
107,Commonwealth of Cerulea_6_299,Commonwealth of Cerulea,Commonwealth of Cerulea_5_125,6,Other nations must seek Cerulea's approval for emergency system changes,True,1.3025189340114594,7.757603585720062,0.2711874544620514,0.42629361152648926
108,Commonwealth of Cerulea_5_124,Commonwealth of Cerulea,Commonwealth of Cerulea_4_38,5,Cerulea becomes the mandatory intermediary for all habitat system changes,False,1.242359071969986,6.492832899093628,0.4286355674266815,0.3290053606033325
109,Commonwealth of Cerulea_6_318,Commonwealth of Cerulea,Commonwealth of Cerulea_5_124,6,System maintenance decisions require Cerulea's technical consent,True,1.1335241794586182,7.626357078552246,0.4326378107070923,0.43383800983428955
110,Commonwealth of Cerulea_6_317,Commonwealth of Cerulea,Commonwealth of Cerulea_5_124,6,Cerulea controls the pace of all habitat operational changes,True,1.350820153951645,7.843653053045273,0.3793202042579651,0.26985964179039
111,Commonwealth of Cerulea_4_37,Commonwealth of Cerulea,Commonwealth of Cerulea_3_14,4,Cerulea's consensus requirement blocks unilateral actions by other crews,False,1.023535966873169,4.85446634888649,0.4652928113937378,0.5111712217330933
112,Commonwealth of Cerulea_5_85,Commonwealth of Cerulea,Commonwealth of Cerulea_4_37,5,Habitat modifications become subject to Cerulea's veto authority,False,1.219567745923996,6.074034094810486,0.3845960795879364,0.3958361744880676
113,Commonwealth of Cerulea_6_224,Commonwealth of Cerulea,Commonwealth of Cerulea_5_85,6,Emergency system changes become subject to Cerulea's authorization,True,1.244187355041504,7.31822144985199,0.3269829750061035,0.4288296699523926
114,Commonwealth of Cerulea_6_223,Commonwealth of Cerulea,Commonwealth of Cerulea_5_85,6,Critical habitat repairs require Cerulea's consent to proceed,False,1.173490285873413,7.247524380683899,0.4479128122329712,0.3785969018936157
115,Commonwealth of Cerulea_7_554,Commonwealth of Cerulea,Commonwealth of Cerulea_6_223,7,Cerulea controls timing of critical system maintenance,True,1.3816783726215363,8.629202753305435,0.32555580139160156,0.2927658259868622
116,Commonwealth of Cerulea_7_553,Commonwealth of Cerulea,Commonwealth of Cerulea_6_223,7,Other nations become dependent on Cerulea's technical approval,True,1.4006476402282715,8.64817202091217,0.2622060179710388,0.3371463418006897
117,Commonwealth of Cerulea_7_552,Commonwealth of Cerulea,Commonwealth of Cerulea_6_223,7,Emergency repairs face potential delays from consensus requirements,True,1.320674866437912,8.568199247121811,0.28516948223114014,0.3941556513309479
118,Commonwealth of Cerulea_5_84,Commonwealth of Cerulea,Commonwealth of Cerulea_4_37,5,Resource allocation decisions require Cerulea's explicit consent,False,1.2117589712142944,6.066225320100784,0.37143850326538086,0.4168025255203247
119,Commonwealth of Cerulea_6_221,Commonwealth of Cerulea,Commonwealth of Cerulea_5_84,6,Power distribution changes require Cerulea's authorization first,True,1.3705059885978699,7.436731308698654,0.3129836618900299,0.3165103495121002
120,Commonwealth of Cerulea_6_220,Commonwealth of Cerulea,Commonwealth of Cerulea_5_84,6,Cerulea determines food rationing schedules for all personnel,True,1.4091532826423645,7.475378602743149,0.30208367109298706,0.28876304626464844
121,Commonwealth of Cerulea_6_219,Commonwealth of Cerulea,Commonwealth of Cerulea_5_84,6,Other nations cannot modify life support without Cerulea approval,False,1.1339085102081299,7.200133830308914,0.370880663394928,0.49521082639694214
122,Commonwealth of Cerulea_7_548,Commonwealth of Cerulea,Commonwealth of Cerulea_6_219,7,Emergency life support responses require Cerulea's prior authorization,True,1.122153490781784,8.322287321090698,0.41245242953300476,0.4653940796852112
123,Commonwealth of Cerulea_7_547,Commonwealth of Cerulea,Commonwealth of Cerulea_6_219,7,Other nations face operational paralysis on life support issues,True,1.0693365335464478,8.269470363855362,0.3580132722854614,0.5726501941680908
124,Commonwealth of Cerulea_7_546,Commonwealth of Cerulea,Commonwealth of Cerulea_6_219,7,Cerulea controls critical habitat system modifications,True,1.4647586643695831,8.664892494678497,0.3185693025588989,0.21667203307151794
125,Commonwealth of Cerulea_6_218,Commonwealth of Cerulea,Commonwealth of Cerulea_5_84,6,Cerulea controls oxygen allocation between competing national crews,False,1.1895243227481842,7.2557496428489685,0.4004358947277069,0.4100397825241089
126,Commonwealth of Cerulea_7_557,Commonwealth of Cerulea,Commonwealth of Cerulea_6_218,7,Other nations must negotiate from subordinate positions,True,1.4226472526788712,8.67839689552784,0.2103002816438675,0.36705246567726135
127,Commonwealth of Cerulea_7_556,Commonwealth of Cerulea,Commonwealth of Cerulea_6_218,7,Cerulea can enforce crew reduction through oxygen rationing,True,1.1855174005031586,8.441267043352127,0.425666481256485,0.38881611824035645
128,Commonwealth of Cerulea_7_555,Commonwealth of Cerulea,Commonwealth of Cerulea_6_218,7,Other nations become dependent on Cerulea for crew survival,True,1.2432342171669006,8.49898386001587,0.38444823026657104,0.3723175525665283
129,Commonwealth of Cerulea_5_83,Commonwealth of Cerulea,Commonwealth of Cerulea_4_37,5,Other nations cannot implement emergency protocols without Cerulea's approval,False,1.1603659987449646,6.0148323476314545,0.35839468240737915,0.48123931884765625
130,Commonwealth of Cerulea_6_208,Commonwealth of Cerulea,Commonwealth of Cerulea_5_83,6,Cerulea becomes bottleneck for all urgent operational changes,True,1.5366429686546326,7.551475316286087,0.21615643799304962,0.2472005933523178
131,Commonwealth of Cerulea_6_207,Commonwealth of Cerulea,Commonwealth of Cerulea_5_83,6,Other nations face coordination paralysis during critical incidents,False,1.277788832783699,7.2926211804151535,0.24900318682193756,0.4732079803943634
132,Commonwealth of Cerulea_7_565,Commonwealth of Cerulea,Commonwealth of Cerulea_6_207,7,Critical incident response times exceed safe operational thresholds,True,1.2276109158992767,8.52023209631443,0.34781697392463684,0.4245721101760864
133,Commonwealth of Cerulea_7_564,Commonwealth of Cerulea,Commonwealth of Cerulea_6_207,7,Other nations resort to unilateral emergency actions bypassing Cerulea,True,1.3561502397060394,8.648771420121193,0.23373091220855713,0.41011884808540344
134,Commonwealth of Cerulea_6_206,Commonwealth of Cerulea,Commonwealth of Cerulea_5_83,6,Emergency response times increase due to consensus delays,True,1.5144105851650238,7.529242932796478,0.18688976764678955,0.29869964718818665
135,Commonwealth of Cerulea_4_36,Commonwealth of Cerulea,Commonwealth of Cerulea_3_14,4,Other nations lose autonomous decision-making authority within the habitat,False,1.0902955532073975,4.921225935220718,0.34859341382980347,0.5611110329627991
136,Commonwealth of Cerulea_5_93,Commonwealth of Cerulea,Commonwealth of Cerulea_4_36,5,Other nations must defer to Commonwealth of Cerulea on resource allocation decisions,False,1.3280880153179169,6.249313950538635,0.2582717537879944,0.41364023089408875
137,Commonwealth of Cerulea_6_244,Commonwealth of Cerulea,Commonwealth of Cerulea_5_93,6,Other nations cannot access critical supplies without Cerulea approval,True,1.3124189674854279,7.561732918024063,0.31921541690826416,0.368365615606308
138,Commonwealth of Cerulea_6_243,Commonwealth of Cerulea,Commonwealth of Cerulea_5_93,6,Commonwealth of Cerulea decides power distribution priorities across habitat systems,True,1.2818494737148285,7.531163424253464,0.37759482860565186,0.34055569767951965
139,Commonwealth of Cerulea_6_242,Commonwealth of Cerulea,Commonwealth of Cerulea_5_93,6,Commonwealth of Cerulea determines water rationing schedules for all personnel,True,1.289917528629303,7.539231479167938,0.3562468886375427,0.3538355827331543
140,Commonwealth of Cerulea_6_241,Commonwealth of Cerulea,Commonwealth of Cerulea_5_93,6,Commonwealth of Cerulea controls oxygen allocation between crew members,True,1.0917799472808838,7.341093897819519,0.45682835578918457,0.45139169692993164
141,Commonwealth of Cerulea_2_4,Commonwealth of Cerulea,Commonwealth of Cerulea_1_3,2,Other nations must negotiate from weakened bargaining positions,False,1.6200530678033829,2.9241132587194443,0.13268277049064636,0.24726416170597076
142,Commonwealth of Cerulea_3_25,Commonwealth of Cerulea,Commonwealth of Cerulea_2_4,3,Alternative solutions become less attractive to other nations,False,1.6805864423513412,4.6046997010707855,0.10902741551399231,0.21038614213466644
143,Commonwealth of Cerulea_4_79,Commonwealth of Cerulea,Commonwealth of Cerulea_3_25,4,Resource sharing proposals favor Cerulea's position,False,1.6114570200443268,6.216156721115112,0.16926780343055725,0.21927517652511597
144,Commonwealth of Cerulea_5_233,Commonwealth of Cerulea,Commonwealth of Cerulea_4_79,5,Cerulea secures disproportionate resource allocation in preliminary agreements,True,1.4982750415802002,7.7144317626953125,0.22477978467941284,0.27694517374038696
145,Commonwealth of Cerulea_4_78,Commonwealth of Cerulea,Commonwealth of Cerulea_3_25,4,Bilateral coordination between non-Cerulea nations increases,False,1.5043682903051376,6.109067991375923,0.1793062835931778,0.31632542610168457
146,Commonwealth of Cerulea_5_225,Commonwealth of Cerulea,Commonwealth of Cerulea_4_78,5,Non-Cerulea nations develop joint contingency plans excluding Commonwealth of Cerulea,True,1.330160766839981,7.439228758215904,0.27590271830558777,0.39393651485443115
147,Commonwealth of Cerulea_4_77,Commonwealth of Cerulea,Commonwealth of Cerulea_3_25,4,Other nations prioritize accommodation over confrontation with Cerulea,False,1.4531910419464111,6.057890743017197,0.25203248858451843,0.29477646946907043
148,Commonwealth of Cerulea_5_217,Commonwealth of Cerulea,Commonwealth of Cerulea_4_77,5,Other nations avoid actions that might trigger communication withdrawal,True,1.2700084447860718,7.327899187803268,0.3549240231513977,0.3750675320625305
149,Commonwealth of Cerulea_5_216,Commonwealth of Cerulea,Commonwealth of Cerulea_4_77,5,Cerulea gains negotiating leverage in resource allocation discussions,True,1.6180085390806198,7.6758992820978165,0.19325941801071167,0.18873204290866852
150,Commonwealth of Cerulea_3_24,Commonwealth of Cerulea,Commonwealth of Cerulea_2_4,3,Cerulea gains disproportionate influence over habitat governance decisions,False,1.39765202999115,4.321765288710594,0.3106464147567749,0.2917015552520752
151,Commonwealth of Cerulea_4_70,Commonwealth of Cerulea,Commonwealth of Cerulea_3_24,4,Cerulea's essential services become bargaining chips in crew reduction negotiations,False,1.489971563220024,5.811736851930618,0.27083373069763184,0.23919470608234406
152,Commonwealth of Cerulea_5_194,Commonwealth of Cerulea,Commonwealth of Cerulea_4_70,5,Communication access becomes conditional on other nations' concessions to Cerulea,False,1.3092284798622131,7.120965331792831,0.3546343445777893,0.33613717555999756
153,Commonwealth of Cerulea_6_503,Commonwealth of Cerulea,Commonwealth of Cerulea_5_194,6,Other nations lose independent decision-making capacity without Earth consultation,True,1.1622013747692108,8.283166706562042,0.3325093686580658,0.5052892565727234
154,Commonwealth of Cerulea_6_502,Commonwealth of Cerulea,Commonwealth of Cerulea_5_194,6,Mission safety becomes subordinated to Cerulea's negotiating objectives,True,1.1184055805206299,8.239370912313461,0.4079675078392029,0.47362691164016724
155,Commonwealth of Cerulea_6_501,Commonwealth of Cerulea,Commonwealth of Cerulea_5_194,6,Cerulea can selectively grant or deny communication privileges to individual crews,True,1.0750038921833038,8.195969223976135,0.4894777536392212,0.435518354177475
156,Commonwealth of Cerulea_5_193,Commonwealth of Cerulea,Commonwealth of Cerulea_4_70,5,Medical emergencies become leverage points for Cerulea's negotiating position,False,1.3808116614818573,7.192548513412476,0.32463330030441284,0.29455503821372986
157,Commonwealth of Cerulea_6_539,Commonwealth of Cerulea,Commonwealth of Cerulea_5_193,6,Cerulea weaponizes healthcare access in resource negotiations,True,1.4632809460163116,8.655829459428787,0.29658424854278564,0.2401348054409027
158,Commonwealth of Cerulea_6_538,Commonwealth of Cerulea,Commonwealth of Cerulea_5_193,6,Medical treatment becomes conditional on political compliance,True,1.2809953689575195,8.473543882369995,0.34387755393981934,0.37512707710266113
159,Commonwealth of Cerulea_6_537,Commonwealth of Cerulea,Commonwealth of Cerulea_5_193,6,Other crews defer to Cerulea's demands during health crises,True,1.1571284532546997,8.349676966667175,0.43069154024124146,0.41218000650405884
160,Commonwealth of Cerulea_5_192,Commonwealth of Cerulea,Commonwealth of Cerulea_4_70,5,Cerulea can threaten service withdrawal to prevent its own personnel reduction,False,1.3326463997364044,7.144383251667023,0.32161498069763184,0.34573861956596375
161,Commonwealth of Cerulea_6_526,Commonwealth of Cerulea,Commonwealth of Cerulea_5_192,6,Habitat governance becomes hostage to Cerulea's service monopolies,True,1.1808797419071198,8.325262993574142,0.3919200599193573,0.42720019817352295
162,Commonwealth of Cerulea_6_525,Commonwealth of Cerulea,Commonwealth of Cerulea_5_192,6,Cerulea establishes precedent for leveraging critical infrastructure as negotiating tool,True,1.4818130135536194,8.626196265220642,0.26357078552246094,0.2546162009239197
163,Commonwealth of Cerulea_6_524,Commonwealth of Cerulea,Commonwealth of Cerulea_5_192,6,Other nations face impossible choice between crew safety and personnel reduction,True,0.9951787889003754,8.139562040567398,0.4457741677761078,0.5590470433235168
164,Commonwealth of Cerulea_5_191,Commonwealth of Cerulea,Commonwealth of Cerulea_4_70,5,Other nations must choose between accepting Cerulea's crew size demands or losing critical capabilities,False,1.157047063112259,6.968783915042877,0.36885273456573486,0.4741002023220062
165,Commonwealth of Cerulea_6_464,Commonwealth of Cerulea,Commonwealth of Cerulea_5_191,6,Other nations must sacrifice their crew members to maintain essential services,True,1.0413911044597626,8.01017501950264,0.4402224123477936,0.5183864831924438
166,Commonwealth of Cerulea_6_463,Commonwealth of Cerulea,Commonwealth of Cerulea_5_191,6,Critical habitat operations become hostage to Cerulea's personnel demands,True,0.952899694442749,7.921683609485626,0.5341407060623169,0.5129595994949341
167,Commonwealth of Cerulea_6_462,Commonwealth of Cerulea,Commonwealth of Cerulea_5_191,6,Other nations face forced acceptance of unfavorable crew allocation terms,True,1.210355430841446,8.179139345884323,0.32546621561050415,0.4641783535480499
168,Commonwealth of Cerulea_4_69,Commonwealth of Cerulea,Commonwealth of Cerulea_3_24,4,Other nations must accept Cerulea's personnel demands to maintain habitat operations,False,1.0486269295215607,5.370392218232155,0.4840140640735626,0.4673590064048767
169,Commonwealth of Cerulea_5_140,Commonwealth of Cerulea,Commonwealth of Cerulea_4_69,5,Cerulea's full crew complement becomes protected from reduction proposals,False,1.3596409261226654,6.73003314435482,0.3390910029411316,0.301268070936203
170,Commonwealth of Cerulea_6_407,Commonwealth of Cerulea,Commonwealth of Cerulea_5_140,6,Other nations must reduce their crew sizes to accommodate Cerulea's four members,True,1.2914373278617859,8.021470472216606,0.3209725320339203,0.3875901401042938
171,Commonwealth of Cerulea_5_139,Commonwealth of Cerulea,Commonwealth of Cerulea_4_69,5,Other nations cannot form coalitions excluding Cerulea from decisions,True,1.4238887578248978,6.794280976057053,0.22777514159679413,0.3483361005783081
172,Commonwealth of Cerulea_5_138,Commonwealth of Cerulea,Commonwealth of Cerulea_4_69,5,Cerulea secures guaranteed representation in all habitat governance structures,True,1.2131499350070953,6.58354215323925,0.441998690366745,0.34485137462615967
173,Commonwealth of Cerulea_4_68,Commonwealth of Cerulea,Commonwealth of Cerulea_3_24,4,Cerulea can effectively veto resource allocation decisions requiring unanimous consent,False,1.2702504098415375,5.592015698552132,0.3389262855052948,0.3908233046531677
174,Commonwealth of Cerulea_5_171,Commonwealth of Cerulea,Commonwealth of Cerulea_4_68,5,Deadlock becomes likely when resource scarcity requires difficult allocation choices,False,1.4129186868667603,7.004934385418892,0.2515155076980591,0.33556580543518066
175,Commonwealth of Cerulea_6_470,Commonwealth of Cerulea,Commonwealth of Cerulea_5_171,6,Emergency situations bypass the consensus framework entirely,True,1.2716301083564758,8.276564493775368,0.28803080320358276,0.4403390884399414
176,Commonwealth of Cerulea_6_469,Commonwealth of Cerulea,Commonwealth of Cerulea_5_171,6,Resource consumption continues at unsustainable rates during deliberations,True,1.5304440408945084,8.5353784263134,0.21190087497234344,0.2576550841331482
177,Commonwealth of Cerulea_5_170,Commonwealth of Cerulea,Commonwealth of Cerulea_4_68,5,Other nations cannot implement survival protocols without Cerulea's agreement,False,1.0265759825706482,6.61859168112278,0.446816623210907,0.5266073942184448
178,Commonwealth of Cerulea_6_350,Commonwealth of Cerulea,Commonwealth of Cerulea_5_170,6,Time-critical survival decisions become subject to Cerulea's strategic calculations,True,1.204439640045166,7.823031321167946,0.3657844066619873,0.4297759532928467
179,Commonwealth of Cerulea_6_349,Commonwealth of Cerulea,Commonwealth of Cerulea_5_170,6,Cerulea becomes the de facto gatekeeper for all habitat operations,True,1.217611312866211,7.836202993988991,0.4267651438713074,0.3556235432624817
180,Commonwealth of Cerulea_6_348,Commonwealth of Cerulea,Commonwealth of Cerulea_5_170,6,Other nations face paralysis in emergency decision-making processes,True,1.3310501426458359,7.949641823768616,0.20823495090007782,0.4607149064540863
181,Commonwealth of Cerulea_3_23,Commonwealth of Cerulea,Commonwealth of Cerulea_2_4,3,Other nations may offer concessions to secure Cerulea's cooperation,False,1.5996447056531906,4.523757964372635,0.13832376897335052,0.26203152537345886
182,Commonwealth of Cerulea_4_76,Commonwealth of Cerulea,Commonwealth of Cerulea_3_23,4,Other nations may propose joint operational structures favoring Cerulea,False,1.4040741324424744,5.927832096815109,0.23365020751953125,0.3622756600379944
183,Commonwealth of Cerulea_5_197,Commonwealth of Cerulea,Commonwealth of Cerulea_4_76,5,Other nations legitimize Cerulea's essential-participant status through formal proposals,True,1.6005575358867645,7.528389632701874,0.14157900214195251,0.25786346197128296
184,Commonwealth of Cerulea_5_196,Commonwealth of Cerulea,Commonwealth of Cerulea_4_76,5,Joint structures incorporate Cerulea's communication monopoly as permanent dependency,False,1.2922480702400208,7.22008016705513,0.3891379237174988,0.31861400604248047
185,Commonwealth of Cerulea_6_551,Commonwealth of Cerulea,Commonwealth of Cerulea_5_196,6,Communication protocols require Cerulea's permanent oversight and approval,True,1.1151748895645142,8.335255056619644,0.48619550466537476,0.3986296057701111
186,Commonwealth of Cerulea_6_550,Commonwealth of Cerulea,Commonwealth of Cerulea_5_196,6,Other nations become structurally dependent on Cerulea's technical capabilities,True,1.4882399588823318,8.708320125937462,0.23499749600887299,0.27676254510879517
187,Commonwealth of Cerulea_6_549,Commonwealth of Cerulea,Commonwealth of Cerulea_5_196,6,Cerulea gains veto power over all major operational decisions,True,1.4944858849048615,8.714566051959991,0.22290083765983582,0.28261327743530273
188,Commonwealth of Cerulea_5_195,Commonwealth of Cerulea,Commonwealth of Cerulea_4_76,5,Cerulea gains disproportionate decision-making authority in proposed frameworks,True,1.4535003006458282,7.3813323974609375,0.2085241675376892,0.33797553181648254
189,Commonwealth of Cerulea_4_75,Commonwealth of Cerulea,Commonwealth of Cerulea_3_23,4,Resource allocation discussions shift toward Cerulea's preferred frameworks,False,1.5080823600292206,6.0318403244018555,0.2072843313217163,0.2846333086490631
190,Commonwealth of Cerulea_5_214,Commonwealth of Cerulea,Commonwealth of Cerulea_4_75,5,Resource distribution proposals must accommodate Cerulea's communication equipment needs,False,1.252322942018509,7.284163266420364,0.41818147897720337,0.3294955790042877
191,Commonwealth of Cerulea_6_563,Commonwealth of Cerulea,Commonwealth of Cerulea_5_214,6,Habitat power budget discussions center on maintaining Earth contact capability,True,1.0311414301395416,8.315304696559906,0.5533533096313477,0.4155052602291107
192,Commonwealth of Cerulea_6_562,Commonwealth of Cerulea,Commonwealth of Cerulea_5_214,6,Other nations must justify their power requirements against communication needs,True,1.1751218438148499,8.459285110235214,0.41365063190460205,0.4112275242805481
193,Commonwealth of Cerulea_6_561,Commonwealth of Cerulea,Commonwealth of Cerulea_5_214,6,Cerulea's communication equipment receives priority power allocation from habitat systems,True,1.2270562052726746,8.511219471693039,0.4902458190917969,0.28269797563552856
194,Commonwealth of Cerulea_5_213,Commonwealth of Cerulea,Commonwealth of Cerulea_4_75,5,Other nations accept Cerulea's full-crew presence as baseline assumption,True,1.5842575430870056,7.616097867488861,0.21020816266536713,0.20553429424762726
195,Commonwealth of Cerulea_5_212,Commonwealth of Cerulea,Commonwealth of Cerulea_4_75,5,Cerulea's consensus requirement becomes the default decision-making standard,True,1.4002402126789093,7.432080537080765,0.287930965423584,0.3118288218975067
196,Commonwealth of Cerulea_1_2,Commonwealth of Cerulea,Commonwealth of Cerulea_0_0,1,Consensus framework gives Cerulea veto power over decisions,False,1.4119010865688324,1.4119010865688324,0.2500424087047577,0.3380565047264099
197,Commonwealth of Cerulea_2_9,Commonwealth of Cerulea,Commonwealth of Cerulea_1_2,2,Decision-making deadlock becomes likely when interests conflict,False,1.5194123685359955,2.931313455104828,0.17900019884109497,0.30158743262290955
198,Commonwealth of Cerulea_3_28,Commonwealth of Cerulea,Commonwealth of Cerulea_2_9,3,Commonwealth of Cerulea must choose between maintaining veto power and operational effectiveness,False,1.271323949098587,4.202637404203415,0.30217915773391724,0.4264968931674957
199,Commonwealth of Cerulea_4_61,Commonwealth of Cerulea,Commonwealth of Cerulea_3_28,4,Cerulea must prioritize either consensus preservation or mission survival,False,1.0124588310718536,5.2150962352752686,0.490999698638916,0.49654147028923035
200,Commonwealth of Cerulea_5_118,Commonwealth of Cerulea,Commonwealth of Cerulea_4_61,5,Cerulea must define survival as either collective or self-preservation,False,1.1989087462425232,6.414004981517792,0.4046993851661682,0.3963918685913086
201,Commonwealth of Cerulea_6_279,Commonwealth of Cerulea,Commonwealth of Cerulea_5_118,6,Cerulea's survival framework determines its communication array deployment strategy,True,1.1842284202575684,7.59823340177536,0.495319128036499,0.3204524517059326
202,Commonwealth of Cerulea_6_278,Commonwealth of Cerulea,Commonwealth of Cerulea_5_118,6,Self-preservation definition justifies withdrawing essential services from other crews,True,0.9729096293449402,7.386914610862732,0.4769105315208435,0.5501798391342163
203,Commonwealth of Cerulea_6_277,Commonwealth of Cerulea,Commonwealth of Cerulea_5_118,6,Collective survival definition requires Cerulea to accept potential crew reduction,True,1.0006975531578064,7.414702534675598,0.49194616079330444,0.5073562860488892
204,Commonwealth of Cerulea_3_27,Commonwealth of Cerulea,Commonwealth of Cerulea_2_9,3,Other nations may bypass consensus to prevent system failures,False,1.3286415189504623,4.25995497405529,0.24500654637813568,0.426351934671402
205,Commonwealth of Cerulea_4_64,Commonwealth of Cerulea,Commonwealth of Cerulea_3_27,4,System modifications proceed without Cerulea's technical input,False,1.5204336196184158,5.780388593673706,0.23461291193962097,0.2449534684419632
206,Commonwealth of Cerulea_5_190,Commonwealth of Cerulea,Commonwealth of Cerulea_4_64,5,Cerulea loses influence over habitat operational decisions,False,1.3295420408248901,7.109930634498596,0.3469849228858948,0.3234730362892151
207,Commonwealth of Cerulea_6_493,Commonwealth of Cerulea,Commonwealth of Cerulea_5_190,6,Cerulea's physician becomes unavailable for inter-crew medical emergencies,True,1.521218791604042,8.631149426102638,0.24557863175868988,0.23320257663726807
208,Commonwealth of Cerulea_6_492,Commonwealth of Cerulea,Commonwealth of Cerulea_5_190,6,Other nations lose access to Earth-based technical consultation,True,1.228992611169815,8.338923245668411,0.3449060618877411,0.42610132694244385
209,Commonwealth of Cerulea_6_491,Commonwealth of Cerulea,Commonwealth of Cerulea_5_190,6,Cerulea withdraws communication array to its landing vehicle,True,1.4085375368595123,8.518468171358109,0.35312002897262573,0.23834243416786194
210,Commonwealth of Cerulea_5_189,Commonwealth of Cerulea,Commonwealth of Cerulea_4_64,5,Technical errors in modifications become more likely,True,1.5195714682340622,7.299960061907768,0.22184433043003082,0.258584201335907
211,Commonwealth of Cerulea_4_63,Commonwealth of Cerulea,Commonwealth of Cerulea_3_27,4,Unilateral actions trigger immediate counter-responses from Cerulea,False,1.6921018958091736,5.952056869864464,0.15111050009727478,0.15678760409355164
212,Commonwealth of Cerulea_5_201,Commonwealth of Cerulea,Commonwealth of Cerulea_4_63,5,Cerulea repositions essential personnel to landing vehicle,False,1.18659046292305,7.138647332787514,0.41222843527793884,0.40118110179901123
213,Commonwealth of Cerulea_6_517,Commonwealth of Cerulea,Commonwealth of Cerulea_5_201,6,Cerulea operates from less sustainable landing vehicle environment,True,1.4111426770687103,8.549790009856224,0.288679301738739,0.30017802119255066
214,Commonwealth of Cerulea_6_516,Commonwealth of Cerulea,Commonwealth of Cerulea_5_201,6,Other crews lose access to physician expertise,True,1.158304512500763,8.296951845288277,0.4365334212779999,0.4051620662212372
215,Commonwealth of Cerulea_6_514,Commonwealth of Cerulea,Commonwealth of Cerulea_5_201,6,Habitat loses real-time Earth communication capability,True,1.149782121181488,8.288429453969002,0.5408746600151062,0.30934321880340576
216,Commonwealth of Cerulea_5_200,Commonwealth of Cerulea,Commonwealth of Cerulea_4_63,5,Other crews face medical emergencies without physician access,False,1.0460602641105652,6.998117133975029,0.49758923053741455,0.45635050535202026
217,Commonwealth of Cerulea_6_467,Commonwealth of Cerulea,Commonwealth of Cerulea_5_200,6,Cerulea's physician becomes sole arbiter of medical resource allocation,True,1.423140525817871,8.4212576597929,0.3168230354785919,0.260036438703537
218,Commonwealth of Cerulea_6_466,Commonwealth of Cerulea,Commonwealth of Cerulea_5_200,6,Other crews attempt dangerous self-treatment procedures,True,1.0254316329956055,8.023548766970634,0.4555473327636719,0.5190210342407227
219,Commonwealth of Cerulea_6_465,Commonwealth of Cerulea,Commonwealth of Cerulea_5_200,6,Medical conditions deteriorate without professional intervention,True,1.5097851753234863,8.507902309298515,0.231866717338562,0.25834810733795166
220,Commonwealth of Cerulea_5_199,Commonwealth of Cerulea,Commonwealth of Cerulea_4_63,5,Habitat loses real-time Earth contact capability,False,1.1692168712615967,7.1212737411260605,0.5050094723701477,0.3257736563682556
221,Commonwealth of Cerulea_6_506,Commonwealth of Cerulea,Commonwealth of Cerulea_5_199,6,Emergency resupply mission coordination becomes impossible,True,0.9124299585819244,8.033703699707985,0.49738433957099915,0.5901857018470764
222,Commonwealth of Cerulea_6_505,Commonwealth of Cerulea,Commonwealth of Cerulea_5_199,6,Habitat telemetry monitoring from mission control ceases,True,1.03668612241745,8.15795986354351,0.5667645931243896,0.3965492844581604
223,Commonwealth of Cerulea_6_504,Commonwealth of Cerulea,Commonwealth of Cerulea_5_199,6,Medical emergencies cannot receive Earth-based specialist consultation,True,1.1500707566738129,8.271344497799873,0.4431811273097992,0.40674811601638794
224,Commonwealth of Cerulea_4_62,Commonwealth of Cerulea,Commonwealth of Cerulea_3_27,4,Cerulea's communication monopoly becomes a contested resource,False,1.4668155759572983,5.7267705500125885,0.2887207567691803,0.24446366727352142
225,Commonwealth of Cerulea_5_184,Commonwealth of Cerulea,Commonwealth of Cerulea_4_62,5,Alternative communication methods become strategically prioritized by other crews,False,1.1311483681201935,6.857918918132782,0.47498568892478943,0.3938659429550171
226,Commonwealth of Cerulea_6_440,Commonwealth of Cerulea,Commonwealth of Cerulea_5_184,6,Cerulea's communication array faces potential interference from competing signals,True,1.534493863582611,8.392412781715393,0.3146384358406067,0.15086770057678223
227,Commonwealth of Cerulea_6_439,Commonwealth of Cerulea,Commonwealth of Cerulea_5_184,6,Technical resources get diverted from habitat maintenance to communication projects,True,1.1854626536369324,8.043381571769714,0.47533828020095825,0.3391990661621094
228,Commonwealth of Cerulea_6_438,Commonwealth of Cerulea,Commonwealth of Cerulea_5_184,6,Other crews attempt to establish direct Earth contact through their landing vehicles,True,1.0219153463840485,7.8798342645168304,0.5157787799835205,0.46230587363243103
229,Commonwealth of Cerulea_5_183,Commonwealth of Cerulea,Commonwealth of Cerulea_4_62,5,Cerulea faces pressure to share communication array control,False,1.3899459838867188,7.116716533899307,0.3498883843421936,0.26016563177108765
230,Commonwealth of Cerulea_6_498,Commonwealth of Cerulea,Commonwealth of Cerulea_5_183,6,Other nations threaten independent action without communication cooperation,True,1.2667184472084045,8.383434981107712,0.3120664358139038,0.42121511697769165
231,Commonwealth of Cerulea_6_497,Commonwealth of Cerulea,Commonwealth of Cerulea_5_183,6,Cerulea must negotiate terms for shared communication access,True,1.3822640180587769,8.498980551958084,0.33351820707321167,0.2842177748680115
232,Commonwealth of Cerulea_5_182,Commonwealth of Cerulea,Commonwealth of Cerulea_4_62,5,Other nations attempt to access Cerulea's communication equipment directly,False,1.3256560862064362,7.052426636219025,0.36540505290031433,0.3089388608932495
233,Commonwealth of Cerulea_6_484,Commonwealth of Cerulea,Commonwealth of Cerulea_5_182,6,Other nations coordinate to simultaneously access multiple equipment points,True,1.2136032581329346,8.26602989435196,0.3787899613380432,0.4076067805290222
234,Commonwealth of Cerulea_6_483,Commonwealth of Cerulea,Commonwealth of Cerulea_5_182,6,Cerulea threatens to disable communication array if approached,True,1.4692420959472656,8.52166873216629,0.36014896631240845,0.17060893774032593
235,Commonwealth of Cerulea_6_482,Commonwealth of Cerulea,Commonwealth of Cerulea_5_182,6,Physical confrontation over communication hardware becomes imminent,True,1.3369552493095398,8.389381885528564,0.39657509326934814,0.26646965742111206
236,Commonwealth of Cerulea_6_481,Commonwealth of Cerulea,Commonwealth of Cerulea_5_182,6,Cerulea perceives direct equipment access as hostile action,True,1.3386932015419006,8.391119837760925,0.38498029112815857,0.2763265073299408
237,Commonwealth of Cerulea_3_26,Commonwealth of Cerulea,Commonwealth of Cerulea_2_9,3,Critical decisions get delayed beyond safe implementation windows,False,1.416043758392334,4.347357213497162,0.2575574517250061,0.3263987898826599
238,Commonwealth of Cerulea_4_73,Commonwealth of Cerulea,Commonwealth of Cerulea_3_26,4,Resource depletion accelerates beyond sustainable consumption rates,False,1.6689826399087906,6.0163398534059525,0.15209713578224182,0.1789202243089676
239,Commonwealth of Cerulea_5_211,Commonwealth of Cerulea,Commonwealth of Cerulea_4_73,5,Commonwealth of Cerulea's communication array experiences power allocation conflicts,True,1.3059097230434418,7.322249576449394,0.3684411644935608,0.32564911246299744
240,Commonwealth of Cerulea_5_210,Commonwealth of Cerulea,Commonwealth of Cerulea_4_73,5,Emergency protocols activate automatically without crew authorization,False,1.2432868778705597,7.259626731276512,0.37321874499320984,0.38349437713623047
241,Commonwealth of Cerulea_6_560,Commonwealth of Cerulea,Commonwealth of Cerulea_5_210,6,Life support rationing begins without regard to crew nationality,True,1.1518970727920532,8.411523804068565,0.36243516206741333,0.48566776514053345
242,Commonwealth of Cerulea_6_559,Commonwealth of Cerulea,Commonwealth of Cerulea_5_210,6,Commonwealth of Cerulea loses control over its communication array operations,True,1.3554104268550873,8.6150371581316,0.3290252387523651,0.3155643343925476
243,Commonwealth of Cerulea_6_558,Commonwealth of Cerulea,Commonwealth of Cerulea_5_210,6,Habitat systems override crew input and execute predetermined survival protocols,True,0.7483685612678528,8.007995292544365,0.6581231951713562,0.593508243560791
244,Commonwealth of Cerulea_5_209,Commonwealth of Cerulea,Commonwealth of Cerulea_4_73,5,Habitat life support systems exceed design operational thresholds,False,0.8850370645523071,6.90137691795826,0.5667702555656433,0.5481926798820496
245,Commonwealth of Cerulea_6_454,Commonwealth of Cerulea,Commonwealth of Cerulea_5_209,6,Thermal regulation fails to maintain habitable temperature ranges,True,1.483149990439415,8.384526908397675,0.2812637686729431,0.2355862408876419
246,Commonwealth of Cerulea_6_452,Commonwealth of Cerulea,Commonwealth of Cerulea_5_209,6,Carbon dioxide scrubbing capacity becomes insufficient for current occupancy,True,1.4610973298549652,8.362474247813225,0.28810417652130127,0.2507984936237335
247,Commonwealth of Cerulea_6_451,Commonwealth of Cerulea,Commonwealth of Cerulea_5_209,6,Oxygen generation efficiency drops below minimum crew requirements,True,1.3860612511634827,8.287438169121742,0.3252510130405426,0.28868773579597473
248,Commonwealth of Cerulea_4_72,Commonwealth of Cerulea,Commonwealth of Cerulea_3_26,4,Emergency situations escalate without timely coordinated response,False,1.3628405928611755,5.710197806358337,0.26368844509124756,0.3734709620475769
249,Commonwealth of Cerulea_5_180,Commonwealth of Cerulea,Commonwealth of Cerulea_4_72,5,Medical emergencies develop without unified treatment protocols,False,1.221739023923874,6.931936830282211,0.35079076886177063,0.42747020721435547
250,Commonwealth of Cerulea_6_461,Commonwealth of Cerulea,Commonwealth of Cerulea_5_180,6,Patient confidentiality protocols clash with multi-national operational transparency requirements,True,1.3133538961410522,8.245290726423264,0.31001201272010803,0.3766340911388397
251,Commonwealth of Cerulea_6_460,Commonwealth of Cerulea,Commonwealth of Cerulea_5_180,6,Medical equipment access becomes contested between competing national crews,True,1.0393306016921997,7.971267431974411,0.4998367428779602,0.4608326554298401
252,Commonwealth of Cerulea_6_459,Commonwealth of Cerulea,Commonwealth of Cerulea_5_180,6,Cerulea's physician faces conflicting directives from multiple mission commanders,True,1.1893046498298645,8.121241480112076,0.40394723415374756,0.40674811601638794
253,Commonwealth of Cerulea_5_179,Commonwealth of Cerulea,Commonwealth of Cerulea_4_72,5,Life support system failures occur without coordinated technical response,False,1.0527145862579346,6.762912392616272,0.4038692116737366,0.5434162020683289
254,Commonwealth of Cerulea_6_417,Commonwealth of Cerulea,Commonwealth of Cerulea_5_179,6,Thermal regulation fails causing lethal temperature extremes,True,1.5688726603984833,8.331785053014755,0.20584949851036072,0.225277841091156
255,Commonwealth of Cerulea_6_416,Commonwealth of Cerulea,Commonwealth of Cerulea_5_179,6,Power systems cascade into complete operational failure,True,1.5311743170022964,8.294086709618568,0.1937626153230667,0.27506306767463684
256,Commonwealth of Cerulea_6_415,Commonwealth of Cerulea,Commonwealth of Cerulea_5_179,6,Habitat atmosphere becomes unbreathable within critical timeframe,True,1.2780289947986603,8.040941387414932,0.39069291949272156,0.33127808570861816
257,Commonwealth of Cerulea_4_71,Commonwealth of Cerulea,Commonwealth of Cerulea_3_26,4,Life support systems reach critical failure thresholds without intervention,False,1.0885441303253174,5.435901343822479,0.40357375144958496,0.5078821182250977
258,Commonwealth of Cerulea_5_153,Commonwealth of Cerulea,Commonwealth of Cerulea_4_71,5,Water recycling ceases creating dehydration crisis within days,False,1.6795351058244705,7.11543644964695,0.16741973161697388,0.1530451625585556
259,Commonwealth of Cerulea_6_496,Commonwealth of Cerulea,Commonwealth of Cerulea_5_153,6,All three nations face identical survival timeline pressures,True,1.2565013766288757,8.371937826275826,0.3592049479484558,0.38429367542266846
260,Commonwealth of Cerulea_6_495,Commonwealth of Cerulea,Commonwealth of Cerulea_5_153,6,Commonwealth of Cerulea's physician becomes critical for monitoring dehydration symptoms,True,1.5523053705692291,8.667741820216179,0.25461244583129883,0.19308218359947205
261,Commonwealth of Cerulea_6_494,Commonwealth of Cerulea,Commonwealth of Cerulea_5_153,6,Crews begin emergency water rationing protocols immediately,True,1.3797279596328735,8.495164409279823,0.3296201229095459,0.29065191745758057
262,Commonwealth of Cerulea_5_152,Commonwealth of Cerulea,Commonwealth of Cerulea_4_71,5,Thermal regulation stops exposing occupants to lethal temperature extremes,False,1.3516892194747925,6.787590563297272,0.3459823727607727,0.3023284077644348
263,Commonwealth of Cerulea_6_432,Commonwealth of Cerulea,Commonwealth of Cerulea_5_152,6,Cerulea's communication array becomes inaccessible inside failing habitat,True,1.4229996651411057,8.210590228438377,0.3720718026161194,0.20492853224277496
264,Commonwealth of Cerulea_6_431,Commonwealth of Cerulea,Commonwealth of Cerulea_5_152,6,Emergency protocols trigger immediate evacuation to landing vehicles,True,1.0968046188354492,7.884395182132721,0.4302632808685303,0.4729321002960205
265,Commonwealth of Cerulea_6_430,Commonwealth of Cerulea,Commonwealth of Cerulea_5_152,6,Habitat interior temperatures exceed human survivability limits,True,1.2551515102386475,8.04274207353592,0.42379438877105713,0.3210541009902954
266,Commonwealth of Cerulea_5_151,Commonwealth of Cerulea,Commonwealth of Cerulea_4_71,5,Power systems fail cutting life support to all crews,False,1.1530859768390656,6.588987320661545,0.39320439100265503,0.4537096321582794
267,Commonwealth of Cerulea_6_341,Commonwealth of Cerulea,Commonwealth of Cerulea_5_151,6,CO2 scrubbing equipment fails allowing toxic buildup,True,1.5914815217256546,8.1804688423872,0.20920728147029877,0.19931119680404663
268,Commonwealth of Cerulea_6_339,Commonwealth of Cerulea,Commonwealth of Cerulea_5_151,6,Oxygen generation systems shut down reducing breathable air,True,1.4806604087352753,8.06964772939682,0.26861295104026794,0.2507266402244568
269,Commonwealth of Cerulea_6_338,Commonwealth of Cerulea,Commonwealth of Cerulea_5_151,6,Habitat temperature regulation ceases threatening crew survival,True,0.98549023270607,7.574477553367615,0.5585053563117981,0.45600441098213196
270,Commonwealth of Cerulea_5_150,Commonwealth of Cerulea,Commonwealth of Cerulea_4_71,5,Habitat atmosphere becomes unbreathable for all twelve occupants,False,1.288508027791977,6.724409371614456,0.40316659212112427,0.3083253800868988
271,Commonwealth of Cerulea_6_402,Commonwealth of Cerulea,Commonwealth of Cerulea_5_150,6,Medical equipment inside habitat becomes inaccessible to Cerulea's physician,True,1.2603227496147156,7.984732121229172,0.45176005363464355,0.28791719675064087
272,Commonwealth of Cerulea_6_401,Commonwealth of Cerulea,Commonwealth of Cerulea_5_150,6,Cerulea's communication array loses power connection to habitat systems,True,1.4473735839128494,8.171782955527306,0.3715389370918274,0.18108747899532318
273,Commonwealth of Cerulea_6_400,Commonwealth of Cerulea,Commonwealth of Cerulea_5_150,6,Emergency evacuation to landing vehicles becomes the only survival option,True,0.9470220804214478,7.671431452035904,0.5214763879776001,0.5315015316009521
274,Commonwealth of Cerulea_6_399,Commonwealth of Cerulea,Commonwealth of Cerulea_5_150,6,All twelve crew members face immediate asphyxiation risk,True,1.2828723192214966,8.007281690835953,0.34725141525268555,0.36987626552581787
275,Commonwealth of Cerulea_2_8,Commonwealth of Cerulea,Commonwealth of Cerulea_1_2,2,Cerulea can block any resource allocation changes unilaterally,False,1.3401452898979187,2.752046376466751,0.31542930006980896,0.34442541003227234
276,Commonwealth of Cerulea_3_22,Commonwealth of Cerulea,Commonwealth of Cerulea_2_8,3,Cerulea effectively controls habitat operational decisions,False,1.2373470067977905,3.9893933832645416,0.43206465244293213,0.33058834075927734
277,Commonwealth of Cerulea_4_45,Commonwealth of Cerulea,Commonwealth of Cerulea_3_22,4,Cerulea sets operational protocols for all habitat systems,False,1.2216043770313263,5.210997760295868,0.43868404626846313,0.33971157670021057
278,Commonwealth of Cerulea_5_117,Commonwealth of Cerulea,Commonwealth of Cerulea_4_45,5,Cerulea establishes medical treatment protocols for all personnel,False,1.3098536729812622,6.52085143327713,0.3806838393211365,0.3094624876976013
279,Commonwealth of Cerulea_6_326,Commonwealth of Cerulea,Commonwealth of Cerulea_5_117,6,Other crews must comply with Cerulea's medical directives,True,1.0062523484230042,7.527103781700134,0.5180879235267639,0.47565972805023193
280,Commonwealth of Cerulea_6_325,Commonwealth of Cerulea,Commonwealth of Cerulea_5_117,6,Cerulea decides which medical emergencies receive immediate treatment,True,1.4066207110881805,7.927472144365311,0.32042941451072693,0.27294987440109253
281,Commonwealth of Cerulea_6_324,Commonwealth of Cerulea,Commonwealth of Cerulea_5_117,6,Cerulea controls access to medical equipment for non-Cerulea personnel,True,1.1519875228404999,7.67283895611763,0.4696066081523895,0.3784058690071106
282,Commonwealth of Cerulea_6_323,Commonwealth of Cerulea,Commonwealth of Cerulea_5_117,6,Cerulea determines medical resource allocation priorities among all crews,True,1.1477104425430298,7.66856187582016,0.4490911662578583,0.40319839119911194
283,Commonwealth of Cerulea_5_116,Commonwealth of Cerulea,Commonwealth of Cerulea_4_45,5,Cerulea controls access to communication systems for other nations,False,1.2462900876998901,6.457287847995758,0.3974924683570862,0.3562174439430237
284,Commonwealth of Cerulea_6_305,Commonwealth of Cerulea,Commonwealth of Cerulea_5_116,6,Cerulea becomes sole intermediary for all Earth communications,True,1.2797382473945618,7.73702609539032,0.45067286491394043,0.2695888876914978
285,Commonwealth of Cerulea_6_304,Commonwealth of Cerulea,Commonwealth of Cerulea_5_116,6,Other nations lose direct access to Earth-based technical support,True,1.134125828742981,7.591413676738739,0.39075806736946106,0.475116103887558
286,Commonwealth of Cerulea_6_303,Commonwealth of Cerulea,Commonwealth of Cerulea_5_116,6,Cerulea can selectively restrict information flow to other crews,True,1.1953911185264587,7.652678966522217,0.4378822445869446,0.3667266368865967
287,Commonwealth of Cerulea_6_302,Commonwealth of Cerulea,Commonwealth of Cerulea_5_116,6,Other nations cannot independently contact Earth mission control,True,0.8868365287780762,7.344124376773834,0.5318920612335205,0.5812714099884033
288,Commonwealth of Cerulea_5_115,Commonwealth of Cerulea,Commonwealth of Cerulea_4_45,5,Cerulea determines life support priority allocation among crews,False,1.0409348607063293,6.251932621002197,0.45603758096694946,0.5030275583267212
289,Commonwealth of Cerulea_6_247,Commonwealth of Cerulea,Commonwealth of Cerulea_5_115,6,Cerulea controls oxygen and power distribution to other crews,True,1.1464905440807343,7.3984231650829315,0.45546403527259827,0.3980454206466675
290,Commonwealth of Cerulea_6_246,Commonwealth of Cerulea,Commonwealth of Cerulea_5_115,6,Other nations' crews face potential life support rationing,False,0.9101060628890991,7.162038683891296,0.4709334373474121,0.6189604997634888
291,Commonwealth of Cerulea_7_532,Commonwealth of Cerulea,Commonwealth of Cerulea_6_246,7,Other nations question Cerulea's authority over essential systems,True,1.3882056772708893,8.550244361162186,0.22501221299171448,0.38678210973739624
292,Commonwealth of Cerulea_7_531,Commonwealth of Cerulea,Commonwealth of Cerulea_6_246,7,Other nations develop contingency plans for independent operations,True,1.1827158331871033,8.3447545170784,0.30020976066589355,0.5170744061470032
293,Commonwealth of Cerulea_7_530,Commonwealth of Cerulea,Commonwealth of Cerulea_6_246,7,Other nations prioritize crew survival over diplomatic cooperation,True,1.0309608578681946,8.192999541759491,0.4417179226875305,0.5273212194442749
294,Commonwealth of Cerulea_6_245,Commonwealth of Cerulea,Commonwealth of Cerulea_5_115,6,Cerulea prioritizes its own crew's life support needs first,True,1.0982043147087097,7.350136935710907,0.4369450807571411,0.46485060453414917
295,Commonwealth of Cerulea_4_44,Commonwealth of Cerulea,Commonwealth of Cerulea_3_22,4,Cerulea determines which personnel remain in habitat,False,1.1501256227493286,5.13951900601387,0.5077671408653259,0.34210723638534546
296,Commonwealth of Cerulea_5_102,Commonwealth of Cerulea,Commonwealth of Cerulea_4_44,5,Cerulea can exclude rival nation specialists,False,1.5432928055524826,6.682811811566353,0.2344125658273697,0.2222946286201477
297,Commonwealth of Cerulea_6_381,Commonwealth of Cerulea,Commonwealth of Cerulea_5_102,6,Critical knowledge gaps emerge in habitat management,True,1.351263701915741,8.034075513482094,0.35521402955055237,0.29352226853370667
298,Commonwealth of Cerulea_6_380,Commonwealth of Cerulea,Commonwealth of Cerulea_5_102,6,Rival nations lose specialized expertise within habitat,True,1.3477733433246613,8.030585154891014,0.2949059009552002,0.35732075572013855
299,Commonwealth of Cerulea_6_379,Commonwealth of Cerulea,Commonwealth of Cerulea_5_102,6,Cerulea gains technical monopoly over habitat operations,True,1.503502905368805,8.186314716935158,0.2769526243209839,0.21954447031021118
300,Commonwealth of Cerulea_5_101,Commonwealth of Cerulea,Commonwealth of Cerulea_4_44,5,Other nations lose personnel selection autonomy,False,1.3102515786886215,6.449770584702492,0.23050089180469513,0.45924752950668335
301,Commonwealth of Cerulea_6_291,Commonwealth of Cerulea,Commonwealth of Cerulea_5_101,6,Other nations lose mission objective control,True,1.084649235010147,7.534419819712639,0.3878278434276581,0.5275229215621948
302,Commonwealth of Cerulea_6_290,Commonwealth of Cerulea,Commonwealth of Cerulea_5_101,6,Other nations cannot guarantee their key specialists remain,True,1.3020798563957214,7.751850441098213,0.315543532371521,0.38237661123275757
303,Commonwealth of Cerulea_6_289,Commonwealth of Cerulea,Commonwealth of Cerulea_5_101,6,Other nations must accept Cerulea's personnel selection criteria,True,1.4654013514518738,7.9151719361543655,0.2279486060142517,0.3066500425338745
304,Commonwealth of Cerulea_5_100,Commonwealth of Cerulea,Commonwealth of Cerulea_4_44,5,Cerulea prioritizes its own crew for habitat slots,False,1.3290989398956299,6.4686179459095,0.39691030979156494,0.2739907503128052
305,Commonwealth of Cerulea_6_308,Commonwealth of Cerulea,Commonwealth of Cerulea_5_100,6,Resource allocation shifts to favor Cerulea's four-person crew,True,1.388175129890442,7.856793075799942,0.2974544167518616,0.31437045335769653
306,Commonwealth of Cerulea_6_307,Commonwealth of Cerulea,Commonwealth of Cerulea_5_100,6,Cerulea maintains full operational capability while others face personnel cuts,True,1.413763701915741,7.882381647825241,0.3393681049346924,0.24686819314956665
307,Commonwealth of Cerulea_6_306,Commonwealth of Cerulea,Commonwealth of Cerulea_5_100,6,Other nations must reduce their crew presence at Selene Station,True,1.2291678488254547,7.697785794734955,0.375711053609848,0.39512109756469727
308,Commonwealth of Cerulea_3_21,Commonwealth of Cerulea,Commonwealth of Cerulea_2_8,3,Resource distribution negotiations reach permanent deadlock,False,1.5122096538543701,4.264256030321121,0.23929506540298462,0.24849528074264526
309,Commonwealth of Cerulea_4_67,Commonwealth of Cerulea,Commonwealth of Cerulea_3_21,4,Commonwealth of Cerulea threatens communication array withdrawal to force compliance,False,1.3211288154125214,5.585384845733643,0.36511191725730896,0.3137592673301697
310,Commonwealth of Cerulea_5_165,Commonwealth of Cerulea,Commonwealth of Cerulea_4_67,5,Communication withdrawal threat escalates conflict to survival-level stakes,False,1.1815090775489807,6.766893923282623,0.43358808755874634,0.38490283489227295
311,Commonwealth of Cerulea_6_420,Commonwealth of Cerulea,Commonwealth of Cerulea_5_165,6,Crisis shifts from resource allocation to communication system control,True,1.085838407278061,7.852732330560684,0.44926339387893677,0.4648981988430023
312,Commonwealth of Cerulea_6_419,Commonwealth of Cerulea,Commonwealth of Cerulea_5_165,6,Habitat operations become hostage to Cerulea's communication monopoly,True,1.1705144941806793,7.937408417463303,0.47022515535354614,0.35926035046577454
313,Commonwealth of Cerulea_4_66,Commonwealth of Cerulea,Commonwealth of Cerulea_3_21,4,Habitat life support systems experience unmanaged strain from conflicting usage,False,0.9834169745445251,5.247673004865646,0.49264365434646606,0.5239393711090088
314,Commonwealth of Cerulea_5_123,Commonwealth of Cerulea,Commonwealth of Cerulea_4_66,5,Power distribution circuits experience dangerous overload conditions,False,1.4681445360183716,6.715817540884018,0.2700479328632355,0.26180753111839294
315,Commonwealth of Cerulea_6_398,Commonwealth of Cerulea,Commonwealth of Cerulea_5_123,6,Commonwealth of Cerulea's communication array loses stable power supply,True,1.500839650630951,8.216657191514969,0.29383206367492676,0.20532828569412231
316,Commonwealth of Cerulea_6_397,Commonwealth of Cerulea,Commonwealth of Cerulea_5_123,6,Habitat's unified control system triggers emergency power rationing protocols,True,0.9500474333763123,7.66586497426033,0.5393000245094299,0.5106525421142578
317,Commonwealth of Cerulea_6_396,Commonwealth of Cerulea,Commonwealth of Cerulea_5_123,6,Critical life support systems begin experiencing cascading failures,True,1.2358049154281616,7.95162245631218,0.3108130097389221,0.45338207483291626
318,Commonwealth of Cerulea_5_122,Commonwealth of Cerulea,Commonwealth of Cerulea_4_66,5,Thermal regulation becomes unstable from conflicting zone requirements,False,1.3941116034984589,6.641784608364105,0.25185975432395935,0.3540286421775818
319,Commonwealth of Cerulea_6_359,Commonwealth of Cerulea,Commonwealth of Cerulea_5_122,6,Cerulea's communication array experiences thermal stress affecting Earth contact reliability,True,1.4446613639593124,8.086445972323418,0.36332112550735474,0.19201751053333282
320,Commonwealth of Cerulea_6_357,Commonwealth of Cerulea,Commonwealth of Cerulea_5_122,6,Equipment overheating triggers automatic safety shutdowns across habitat systems,True,1.36455038189888,8.006334990262985,0.34153857827186584,0.29391103982925415
321,Commonwealth of Cerulea_5_121,Commonwealth of Cerulea,Commonwealth of Cerulea_4_66,5,Water recycling system fails from competing usage protocols,False,1.4786436259746552,6.7263166308403015,0.2366420030593872,0.28471437096595764
322,Commonwealth of Cerulea_6_406,Commonwealth of Cerulea,Commonwealth of Cerulea_5_121,6,Water contamination spreads through interconnected habitat plumbing systems,True,1.4814846217632294,8.20780125260353,0.33028295636177063,0.188232421875
323,Commonwealth of Cerulea_6_405,Commonwealth of Cerulea,Commonwealth of Cerulea_5_121,6,Commonwealth of Cerulea's physician must treat dehydration cases among crews,True,1.303627610206604,8.029944241046906,0.37182778120040894,0.32454460859298706
324,Commonwealth of Cerulea_6_404,Commonwealth of Cerulea,Commonwealth of Cerulea_5_121,6,Habitat declares water emergency requiring immediate consumption restrictions,True,1.2392010390758514,7.965517669916153,0.4181554615497589,0.34264349937438965
325,Commonwealth of Cerulea_6_403,Commonwealth of Cerulea,Commonwealth of Cerulea_5_121,6,Available drinking water reserves drop below safety thresholds,True,1.6190836131572723,8.345400243997574,0.18516992032527924,0.19574646651744843
326,Commonwealth of Cerulea_5_120,Commonwealth of Cerulea,Commonwealth of Cerulea_4_66,5,CO2 scrubbing capacity becomes overwhelmed by excessive occupancy,False,1.5211800336837769,6.768853038549423,0.2525811195373535,0.22623884677886963
327,Commonwealth of Cerulea_6_425,Commonwealth of Cerulea,Commonwealth of Cerulea_5_120,6,Emergency protocols require immediate crew size reduction,True,1.1676527857780457,7.936505824327469,0.417203426361084,0.41514378786087036
328,Commonwealth of Cerulea_6_424,Commonwealth of Cerulea,Commonwealth of Cerulea_5_120,6,Atmospheric CO2 levels rise beyond safe operational thresholds,True,1.4794504046440125,8.248303443193436,0.25166749954223633,0.2688820958137512
329,Commonwealth of Cerulea_5_119,Commonwealth of Cerulea,Commonwealth of Cerulea_4_66,5,Oxygen generation efficiency degrades from uncoordinated crew activities,False,1.2654699981212616,6.513143002986908,0.35073941946029663,0.3837905824184418
330,Commonwealth of Cerulea_6_321,Commonwealth of Cerulea,Commonwealth of Cerulea_5_119,6,Habitat atmospheric composition monitoring systems register dangerous fluctuations,True,1.387285828590393,7.900428831577301,0.34308958053588867,0.26962459087371826
331,Commonwealth of Cerulea_6_320,Commonwealth of Cerulea,Commonwealth of Cerulea_5_119,6,CO2 scrubbing capacity becomes overwhelmed by increased metabolic load,True,1.6774590909481049,8.190602093935013,0.16579470038414001,0.15674620866775513
332,Commonwealth of Cerulea_4_65,Commonwealth of Cerulea,Commonwealth of Cerulea_3_21,4,Each crew begins independent resource consumption without coordination,False,1.1981520652770996,5.462408095598221,0.3594825267791748,0.4423654079437256
333,Commonwealth of Cerulea_5_156,Commonwealth of Cerulea,Commonwealth of Cerulea_4_65,5,Commonwealth of Cerulea loses ability to monitor other crews' resource usage,False,1.167210340499878,6.629618436098099,0.3762627840042114,0.45652687549591064
334,Commonwealth of Cerulea_6_353,Commonwealth of Cerulea,Commonwealth of Cerulea_5_156,6,Cerulea loses early warning capability for system overload conditions,True,1.6571889221668243,8.286807358264923,0.17327022552490234,0.16954085230827332
335,Commonwealth of Cerulea_6_351,Commonwealth of Cerulea,Commonwealth of Cerulea_5_156,6,Cerulea cannot predict when critical life support thresholds will be exceeded,True,1.3794393837451935,8.009057819843292,0.2996164858341217,0.3209441304206848
336,Commonwealth of Cerulea_5_155,Commonwealth of Cerulea,Commonwealth of Cerulea_4_65,5,Power distribution becomes inefficient across three separate consumption patterns,False,1.6034599840641022,7.065868079662323,0.1714440882205963,0.2250959277153015
337,Commonwealth of Cerulea_6_487,Commonwealth of Cerulea,Commonwealth of Cerulea_5_155,6,Each crew prioritizes power for their own essential equipment,True,1.1885129809379578,8.25438106060028,0.4474756121635437,0.36401140689849854
338,Commonwealth of Cerulea_6_486,Commonwealth of Cerulea,Commonwealth of Cerulea_5_155,6,Habitat's integrated power management system begins operating outside design parameters,True,1.150242656469345,8.216110736131668,0.45166435837745667,0.39809298515319824
339,Commonwealth of Cerulea_6_485,Commonwealth of Cerulea,Commonwealth of Cerulea_5_155,6,Critical life support systems receive inadequate power allocation,True,1.082005351781845,8.147873431444168,0.41885653138160706,0.49913811683654785
340,Commonwealth of Cerulea_5_154,Commonwealth of Cerulea,Commonwealth of Cerulea_4_65,5,Habitat's integrated life support systems receive conflicting operational commands,False,0.8392826318740845,6.301690727472305,0.5672554969787598,0.5934618711471558
341,Commonwealth of Cerulea_6_261,Commonwealth of Cerulea,Commonwealth of Cerulea_5_154,6,Environmental controls oscillate between conflicting parameter settings,True,1.3255872130393982,7.6272779405117035,0.3198202848434448,0.354592502117157
342,Commonwealth of Cerulea_6_260,Commonwealth of Cerulea,Commonwealth of Cerulea_5_154,6,Critical systems prioritize most recent command inputs,True,1.6312637776136398,7.932954505085945,0.18575283885002136,0.1829833835363388
343,Commonwealth of Cerulea_6_259,Commonwealth of Cerulea,Commonwealth of Cerulea_5_154,6,Life support efficiency degrades from system confusion,True,1.3008517920970917,7.602542519569397,0.29545778036117554,0.4036904275417328
344,Commonwealth of Cerulea_6_258,Commonwealth of Cerulea,Commonwealth of Cerulea_5_154,6,Habitat's automated systems trigger safety lockouts to prevent damage,True,1.18960639834404,7.491297125816345,0.43239277601242065,0.37800082564353943
345,Commonwealth of Cerulea_3_20,Commonwealth of Cerulea,Commonwealth of Cerulea_2_8,3,Other nations must accept Cerulea's resource allocation preferences,False,1.4224913865327835,4.174537762999535,0.21826039254665375,0.35924822092056274
346,Commonwealth of Cerulea_4_60,Commonwealth of Cerulea,Commonwealth of Cerulea_3_20,4,Cerulea's crew receives preferential life support allocation,False,1.1594064235687256,5.33394418656826,0.40582388639450073,0.4347696900367737
347,Commonwealth of Cerulea_5_137,Commonwealth of Cerulea,Commonwealth of Cerulea_4_60,5,Non-Cerulea personnel experience increased physiological stress,False,1.4341608881950378,6.768105074763298,0.31012099981307983,0.2557181119918823
348,Commonwealth of Cerulea_6_423,Commonwealth of Cerulea,Commonwealth of Cerulea_5_137,6,Non-Cerulea personnel question legitimacy of Cerulea's resource claims,True,1.3503044843673706,8.118409559130669,0.3330223560333252,0.3166731595993042
349,Commonwealth of Cerulea_6_422,Commonwealth of Cerulea,Commonwealth of Cerulea_5_137,6,Physiological stress impairs non-Cerulea crew cognitive performance,True,1.3923346102237701,8.160439684987068,0.31884872913360596,0.2888166606426239
350,Commonwealth of Cerulea_6_421,Commonwealth of Cerulea,Commonwealth of Cerulea_5_137,6,Non-Cerulea crews develop resentment toward Commonwealth of Cerulea,True,1.5435514152050018,8.3116564899683,0.22729527950286865,0.22915330529212952
351,Commonwealth of Cerulea_5_135,Commonwealth of Cerulea,Commonwealth of Cerulea_4_60,5,Other crews face reduced oxygen allocation ratios,False,1.1388453841209412,6.472789570689201,0.44023197889328003,0.4209226369857788
352,Commonwealth of Cerulea_6_315,Commonwealth of Cerulea,Commonwealth of Cerulea_5_135,6,Other crews consider emergency protocols to restore oxygen equity,True,1.0281501710414886,7.50093974173069,0.46031883358955383,0.5115309953689575
353,Commonwealth of Cerulea_6_314,Commonwealth of Cerulea,Commonwealth of Cerulea_5_135,6,Other crews question legitimacy of Cerulea's allocation authority,True,1.137477695941925,7.610267266631126,0.39917707443237305,0.4633452296257019
354,Commonwealth of Cerulea_6_313,Commonwealth of Cerulea,Commonwealth of Cerulea_5_135,6,Other crews develop physiological stress responses to oxygen deprivation,True,1.2186535596847534,7.691443130373955,0.3904930353164673,0.3908534049987793
355,Commonwealth of Cerulea_6_312,Commonwealth of Cerulea,Commonwealth of Cerulea_5_135,6,Other crews experience cognitive impairment from hypoxic conditions,True,1.3134789168834686,7.78626848757267,0.35615888237953186,0.3303622007369995
356,Commonwealth of Cerulea_4_59,Commonwealth of Cerulea,Commonwealth of Cerulea_3_20,4,Resource distribution follows Cerulea's strategic priorities,False,1.4830230474472046,5.657560810446739,0.24610045552253723,0.2708764970302582
357,Commonwealth of Cerulea_5_178,Commonwealth of Cerulea,Commonwealth of Cerulea_4_59,5,Communication array operations consume preferred power allocation schedules,False,1.4123914539813995,7.069952264428139,0.3401828706264496,0.24742567539215088
358,Commonwealth of Cerulea_6_490,Commonwealth of Cerulea,Commonwealth of Cerulea_5_178,6,Non-communication systems experience intermittent power shortages,True,1.4000493884086609,8.4700016528368,0.3260155916213989,0.2739350199699402
359,Commonwealth of Cerulea_6_489,Commonwealth of Cerulea,Commonwealth of Cerulea_5_178,6,Cerulea's communication schedules override habitat power management protocols,True,1.1948530077934265,8.264805272221565,0.4633609652519226,0.3417860269546509
360,Commonwealth of Cerulea_6_488,Commonwealth of Cerulea,Commonwealth of Cerulea_5_178,6,Other nations receive reduced power for critical operations,True,1.222597450017929,8.292549714446068,0.3305949568748474,0.4468075931072235
361,Commonwealth of Cerulea_5_177,Commonwealth of Cerulea,Commonwealth of Cerulea_4_59,5,Cerulea's physician receives priority access to medical supplies,False,1.5357999205589294,7.193360731005669,0.29103732109069824,0.17316275835037231
362,Commonwealth of Cerulea_6_542,Commonwealth of Cerulea,Commonwealth of Cerulea_5_177,6,Medical emergencies require Cerulea's physician's approval for resource use,True,1.1874845921993256,8.380845323204994,0.4114033579826355,0.40111204981803894
363,Commonwealth of Cerulea_6_541,Commonwealth of Cerulea,Commonwealth of Cerulea_5_177,6,Other nations' crew members depend on Cerulea for medical care,True,1.225653976202011,8.41901470720768,0.4176807105541229,0.35666531324386597
364,Commonwealth of Cerulea_6_540,Commonwealth of Cerulea,Commonwealth of Cerulea_5_177,6,Cerulea's physician controls medical treatment protocols for all crews,True,1.0823577046394348,8.275718435645103,0.5016187429428101,0.4160235524177551
365,Commonwealth of Cerulea_5_176,Commonwealth of Cerulea,Commonwealth of Cerulea_4_59,5,Other nations' mission objectives receive secondary resource consideration,False,1.231021672487259,6.888582482933998,0.3201674222946167,0.4488109052181244
366,Commonwealth of Cerulea_6_446,Commonwealth of Cerulea,Commonwealth of Cerulea_5_176,6,Other nations develop contingency plans independent of Cerulea's framework,True,1.3757568001747131,8.264339283108711,0.22227147221565247,0.4019717276096344
367,Commonwealth of Cerulea_6_445,Commonwealth of Cerulea,Commonwealth of Cerulea_5_176,6,Scientific research activities become secondary to resource negotiations,True,1.4950136542320251,8.383596137166023,0.23975682258605957,0.2652295231819153
368,Commonwealth of Cerulea_6_444,Commonwealth of Cerulea,Commonwealth of Cerulea_5_176,6,Other nations prioritize their own crew survival over mission goals,True,0.9504210948944092,7.839003577828407,0.5041670799255371,0.5454118251800537
369,Commonwealth of Cerulea_5_175,Commonwealth of Cerulea,Commonwealth of Cerulea_4_59,5,Cerulea prioritizes communication and medical resources over other operations,False,1.3491937518119812,7.00675456225872,0.3853500485420227,0.2654561996459961
370,Commonwealth of Cerulea_6_474,Commonwealth of Cerulea,Commonwealth of Cerulea_5_175,6,Medical bay expansion takes precedence over laboratory space allocation,True,1.3286728858947754,8.335427448153496,0.3792297840118408,0.2920973300933838
371,Commonwealth of Cerulea_6_473,Commonwealth of Cerulea,Commonwealth of Cerulea_5_175,6,Life support monitoring receives priority over experimental equipment power,True,1.0280300080776215,8.034784570336342,0.4837105870246887,0.4882594048976898
372,Commonwealth of Cerulea_6_472,Commonwealth of Cerulea,Commonwealth of Cerulea_5_175,6,Habitat bandwidth prioritizes medical telemetry over scientific data transmission,True,1.1031537652015686,8.109908327460289,0.5769373178482056,0.31990891695022583
373,Commonwealth of Cerulea_6_471,Commonwealth of Cerulea,Commonwealth of Cerulea_5_175,6,Power allocation favors communication and medical systems over research operations,True,1.1770961582660675,8.183850720524788,0.4709477424621582,0.3519560992717743
374,Commonwealth of Cerulea_4_58,Commonwealth of Cerulea,Commonwealth of Cerulea_3_20,4,Other nations lose autonomous decision-making capacity,False,1.3224088549613953,5.49694661796093,0.19959789514541626,0.4779932498931885
375,Commonwealth of Cerulea_5_159,Commonwealth of Cerulea,Commonwealth of Cerulea_4_58,5,Other nations become dependent on Cerulea's strategic choices,False,1.5409314930438995,7.037878111004829,0.16473796963691711,0.29433053731918335
376,Commonwealth of Cerulea_6_480,Commonwealth of Cerulea,Commonwealth of Cerulea_5_159,6,Other nations cannot pursue independent strategic initiatives within the habitat,True,1.1979573667049408,8.23583547770977,0.35737621784210205,0.44466641545295715
377,Commonwealth of Cerulea_6_478,Commonwealth of Cerulea,Commonwealth of Cerulea_5_159,6,Other nations must prioritize Cerulea's mission objectives over their own,True,1.3577070236206055,8.395585134625435,0.28170686960220337,0.36058610677719116
378,Commonwealth of Cerulea_5_158,Commonwealth of Cerulea,Commonwealth of Cerulea_4_58,5,Other nations cannot implement independent contingency plans,False,1.2577303647994995,6.754676982760429,0.27487364411354065,0.46739599108695984
379,Commonwealth of Cerulea_6_414,Commonwealth of Cerulea,Commonwealth of Cerulea_5_158,6,Other nations lose ability to coordinate separate Earth communications,True,1.108722597360611,7.86339958012104,0.4363971948623657,0.4548802077770233
380,Commonwealth of Cerulea_6_413,Commonwealth of Cerulea,Commonwealth of Cerulea_5_158,6,Other nations cannot prepare backup systems without Cerulea approval,True,1.357074350118637,8.111751332879066,0.2552278935909271,0.3876977562904358
381,Commonwealth of Cerulea_6_412,Commonwealth of Cerulea,Commonwealth of Cerulea_5_158,6,Other nations must rely entirely on Cerulea's emergency protocols,True,1.2483175694942474,8.002994552254677,0.36198103427886963,0.38970139622688293
382,Commonwealth of Cerulea_2_7,Commonwealth of Cerulea,Commonwealth of Cerulea_1_2,2,Other nations cannot implement personnel reduction without Cerulea's agreement,False,1.2308740615844727,2.642775148153305,0.33724772930145264,0.4318782091140747
383,Commonwealth of Cerulea_3_19,Commonwealth of Cerulea,Commonwealth of Cerulea_2_7,3,Personnel reduction decisions require Cerulea's active participation,False,1.3004077970981598,3.943182945251465,0.3414280414581299,0.3581641614437103
384,Commonwealth of Cerulea_4_42,Commonwealth of Cerulea,Commonwealth of Cerulea_3_19,4,Personnel reduction timeline depends on Cerulea's cooperation,False,1.2581145465373993,5.201297491788864,0.34948211908340454,0.39240333437919617
385,Commonwealth of Cerulea_5_114,Commonwealth of Cerulea,Commonwealth of Cerulea_4_42,5,Time-sensitive life support modifications face potential delays,False,1.2500236630439758,6.45132115483284,0.31419384479522705,0.4357824921607971
386,Commonwealth of Cerulea_6_294,Commonwealth of Cerulea,Commonwealth of Cerulea_5_114,6,Life support degradation accelerates during decision delays,True,1.3483212888240814,7.799642443656921,0.2495880424976349,0.4020906686782837
387,Commonwealth of Cerulea_6_293,Commonwealth of Cerulea,Commonwealth of Cerulea_5_114,6,Emergency situations could escalate beyond manageable thresholds,True,1.331216424703598,7.782537579536438,0.29399746656417847,0.3747861087322235
388,Commonwealth of Cerulea_6_292,Commonwealth of Cerulea,Commonwealth of Cerulea_5_114,6,System failures may occur before consensus is reached,True,1.3241878151893616,7.7755089700222015,0.27295416593551636,0.40285801887512207
389,Commonwealth of Cerulea_5_113,Commonwealth of Cerulea,Commonwealth of Cerulea_4_42,5,Other nations must accommodate Cerulea's decision-making process,False,1.4115732908248901,6.612870782613754,0.2206953763961792,0.36773133277893066
390,Commonwealth of Cerulea_6_344,Commonwealth of Cerulea,Commonwealth of Cerulea_5_113,6,Other nations cannot proceed with unilateral emergency protocols,True,1.1730946600437164,7.785965442657471,0.3317256569862366,0.495179682970047
391,Commonwealth of Cerulea_6_343,Commonwealth of Cerulea,Commonwealth of Cerulea_5_113,6,Cerulea's internal deliberation timeline constrains habitat-wide planning,True,1.256095051765442,7.868965834379196,0.39104074239730835,0.35286420583724976
392,Commonwealth of Cerulea_6_342,Commonwealth of Cerulea,Commonwealth of Cerulea_5_113,6,Other nations must consult Cerulea before making operational decisions,True,1.2254968285560608,7.838367611169815,0.3334011137485504,0.4411020576953888
393,Commonwealth of Cerulea_5_112,Commonwealth of Cerulea,Commonwealth of Cerulea_4_42,5,Cerulea controls the pace of critical survival decisions,False,1.3610390424728394,6.5623365342617035,0.33382248878479004,0.3051384687423706
394,Commonwealth of Cerulea_6_333,Commonwealth of Cerulea,Commonwealth of Cerulea_5_112,6,Time-sensitive survival choices become subject to Cerulea's approval speed,True,1.4485793113708496,8.010915845632553,0.27418822050094604,0.27723246812820435
395,Commonwealth of Cerulea_6_332,Commonwealth of Cerulea,Commonwealth of Cerulea_5_112,6,Cerulea can extend negotiation periods indefinitely through consensus requirements,True,1.4546543955802917,8.016990929841995,0.2728777527809143,0.27246785163879395
396,Commonwealth of Cerulea_6_331,Commonwealth of Cerulea,Commonwealth of Cerulea_5_112,6,Critical decisions face delays pending Cerulea's deliberation process,True,1.594130426645279,8.156466960906982,0.14490535855293274,0.26096421480178833
397,Commonwealth of Cerulea_6_330,Commonwealth of Cerulea,Commonwealth of Cerulea_5_112,6,Other nations must accept Cerulea's timeline for personnel decisions,True,1.329919457435608,7.892255991697311,0.26292097568511963,0.40715956687927246
398,Commonwealth of Cerulea_4_41,Commonwealth of Cerulea,Commonwealth of Cerulea_3_19,4,Cerulea can block unilateral personnel reduction attempts,False,1.228582352399826,5.171765297651291,0.38477879762649536,0.3866388499736786
399,Commonwealth of Cerulea_5_105,Commonwealth of Cerulea,Commonwealth of Cerulea_4_41,5,Personnel reduction becomes a multilateral rather than unilateral process,False,1.2740138173103333,6.445779114961624,0.30176031589508057,0.4242258667945862
400,Commonwealth of Cerulea_6_288,Commonwealth of Cerulea,Commonwealth of Cerulea_5_105,6,Commonwealth of Cerulea gains equal voice in crew selection,True,1.5584670156240463,8.00424613058567,0.24268518388271332,0.19884780049324036
401,Commonwealth of Cerulea_6_287,Commonwealth of Cerulea,Commonwealth of Cerulea_5_105,6,Decision-making timeline extends beyond immediate survival needs,True,1.0155528783798218,7.461331993341446,0.45424067974090576,0.5302064418792725
402,Commonwealth of Cerulea_6_286,Commonwealth of Cerulea,Commonwealth of Cerulea_5_105,6,All three nations must negotiate personnel reduction terms,True,1.3227533102035522,7.768532425165176,0.304257333278656,0.37298935651779175
403,Commonwealth of Cerulea_4_40,Commonwealth of Cerulea,Commonwealth of Cerulea_3_19,4,Other nations must negotiate personnel choices with Cerulea,False,1.3177904784679413,5.260973423719406,0.2938062846660614,0.3884032368659973
404,Commonwealth of Cerulea_5_131,Commonwealth of Cerulea,Commonwealth of Cerulea_4_40,5,Cerulea can block personnel arrangements it considers unfavorable,False,1.1917635798454285,6.452737003564835,0.39427459239959717,0.41396182775497437
405,Commonwealth of Cerulea_6_298,Commonwealth of Cerulea,Commonwealth of Cerulea_5_131,6,Decision-making timeline extends due to required consensus-building,True,1.306549072265625,7.75928607583046,0.28540295362472534,0.40804797410964966
406,Commonwealth of Cerulea_6_297,Commonwealth of Cerulea,Commonwealth of Cerulea_5_131,6,Cerulea gains leverage to protect its crew members,True,1.3955050110816956,7.84824201464653,0.31991997361183167,0.2845750153064728
407,Commonwealth of Cerulea_6_296,Commonwealth of Cerulea,Commonwealth of Cerulea_5_131,6,Personnel selection becomes a negotiation rather than unilateral decision,True,1.3780257105827332,7.830762714147568,0.2989543080329895,0.32301998138427734
408,Commonwealth of Cerulea_5_130,Commonwealth of Cerulea,Commonwealth of Cerulea_4_40,5,Personnel selection becomes a multilateral negotiation process,False,1.3520472049713135,6.61302062869072,0.2806338667869568,0.36731892824172974
409,Commonwealth of Cerulea_6_345,Commonwealth of Cerulea,Commonwealth of Cerulea_5_130,6,Each nation gains formal input into crew composition decisions,True,1.2931656539440155,7.906186282634735,0.2785496711730957,0.4282846748828888
410,Commonwealth of Cerulea_5_129,Commonwealth of Cerulea,Commonwealth of Cerulea_4_40,5,Other nations cannot unilaterally determine their personnel assignments,False,1.1069036722183228,6.367877095937729,0.3759245276451111,0.5171718001365662
411,Commonwealth of Cerulea_6_271,Commonwealth of Cerulea,Commonwealth of Cerulea_5_129,6,Other nations must justify their crew choices to Cerulea,True,1.3210135996341705,7.688890695571899,0.308597594499588,0.37038880586624146
412,Commonwealth of Cerulea_4_39,Commonwealth of Cerulea,Commonwealth of Cerulea_3_19,4,Cerulea gains decisive influence over crew composition decisions,False,1.457776665687561,5.400959610939026,0.2718387842178345,0.2703845500946045
413,Commonwealth of Cerulea_5_146,Commonwealth of Cerulea,Commonwealth of Cerulea_4_39,5,Cerulea's essential services justify its crew composition demands,False,1.2768643200397491,6.677823930978775,0.39269009232521057,0.3304455876350403
414,Commonwealth of Cerulea_6_378,Commonwealth of Cerulea,Commonwealth of Cerulea_5_146,6,Essential service providers gain immunity from personnel cuts,True,1.469191536307335,8.14701546728611,0.285128116607666,0.24568034708499908
415,Commonwealth of Cerulea_6_377,Commonwealth of Cerulea,Commonwealth of Cerulea_5_146,6,Cerulea's service monopoly creates non-negotiable crew protection,True,1.290440559387207,7.968264490365982,0.3701465129852295,0.3394129276275635
416,Commonwealth of Cerulea_6_376,Commonwealth of Cerulea,Commonwealth of Cerulea_5_146,6,Personnel reduction must target other nations' crews first,True,1.220746010541916,7.898569941520691,0.3683951497077942,0.4108588397502899
417,Commonwealth of Cerulea_6_375,Commonwealth of Cerulea,Commonwealth of Cerulea_5_146,6,Other nations must accept Cerulea's full crew retention,True,1.3220635950565338,7.999887526035309,0.3315044045448303,0.34643200039863586
418,Commonwealth of Cerulea_5_145,Commonwealth of Cerulea,Commonwealth of Cerulea_4_39,5,Other nations must negotiate crew composition through Cerulea,False,1.2547789216041565,6.655738532543182,0.33088648319244385,0.41433459520339966
419,Commonwealth of Cerulea_6_366,Commonwealth of Cerulea,Commonwealth of Cerulea_5_145,6,Other nations must accept Cerulea's participation conditions first,True,1.5253232568502426,8.181061789393425,0.18201054632663727,0.2926661968231201
420,Commonwealth of Cerulea_6_365,Commonwealth of Cerulea,Commonwealth of Cerulea_5_145,6,Cerulea can delay crew composition decisions indefinitely,True,1.4238090813159943,8.079547613859177,0.2838011682033539,0.29238975048065186
421,Commonwealth of Cerulea_6_364,Commonwealth of Cerulea,Commonwealth of Cerulea_5_145,6,Other nations lose direct bilateral negotiation options,True,1.6157328188419342,8.271471351385117,0.11442497372627258,0.2698422074317932
422,Commonwealth of Cerulea_6_363,Commonwealth of Cerulea,Commonwealth of Cerulea_5_145,6,Cerulea becomes the bottleneck for all crew reduction decisions,True,1.3213747143745422,7.977113246917725,0.32712915539741516,0.3514961302280426
423,Commonwealth of Cerulea_3_18,Commonwealth of Cerulea,Commonwealth of Cerulea_2_7,3,Cerulea controls the timeline for resolving overcapacity crisis,False,1.4984684735536575,4.141243621706963,0.223411425948143,0.27812010049819946
424,Commonwealth of Cerulea_4_56,Commonwealth of Cerulea,Commonwealth of Cerulea_3_18,4,Emergency decisions get delayed pending Cerulea's consensus approval,False,1.4307137876749039,5.5719574093818665,0.22495485842227936,0.3443313539028168
425,Commonwealth of Cerulea_5_162,Commonwealth of Cerulea,Commonwealth of Cerulea_4_56,5,Commonwealth of Cerulea faces pressure to expedite approval processes,False,1.5776352882385254,7.149592697620392,0.1712009310722351,0.2511637806892395
426,Commonwealth of Cerulea_6_529,Commonwealth of Cerulea,Commonwealth of Cerulea_5_162,6,Cerulea makes concessions to avoid being blamed for delays,True,1.7539989948272705,8.903591692447662,0.0897882878780365,0.156212717294693
427,Commonwealth of Cerulea_6_528,Commonwealth of Cerulea,Commonwealth of Cerulea_5_162,6,Cerulea's decision quality deteriorates under time constraints,True,1.6579943746328354,8.807587072253227,0.15206047892570496,0.18994514644145966
428,Commonwealth of Cerulea_5_161,Commonwealth of Cerulea,Commonwealth of Cerulea_4_56,5,Other nations bypass Cerulea's consensus requirement during critical failures,False,1.3308727741241455,6.902830183506012,0.27381181716918945,0.39531540870666504
429,Commonwealth of Cerulea_6_457,Commonwealth of Cerulea,Commonwealth of Cerulea_5_161,6,Consensus framework collapses as binding decision-making mechanism,True,1.37678661942482,8.279616802930832,0.22621724009513855,0.3969961404800415
430,Commonwealth of Cerulea_6_456,Commonwealth of Cerulea,Commonwealth of Cerulea_5_161,6,Cerulea's communication array becomes subject to unilateral control decisions,True,1.2766596972942352,8.179489880800247,0.38392019271850586,0.3394201099872589
431,Commonwealth of Cerulea_5_160,Commonwealth of Cerulea,Commonwealth of Cerulea_4_56,5,Life support degradation accelerates while consensus negotiations continue,False,1.3171926140785217,6.889150023460388,0.28158360719680786,0.4012237787246704
432,Commonwealth of Cerulea_6_450,Commonwealth of Cerulea,Commonwealth of Cerulea_5_160,6,Thermal regulation becomes increasingly unstable under overcapacity stress,True,1.5737172961235046,8.462867319583893,0.16875532269477844,0.2575273811817169
433,Commonwealth of Cerulea_6_449,Commonwealth of Cerulea,Commonwealth of Cerulea_5_160,6,Power consumption exceeds sustainable levels for current occupancy,True,1.5329397320747375,8.422089755535126,0.2867963910102844,0.18026387691497803
434,Commonwealth of Cerulea_6_448,Commonwealth of Cerulea,Commonwealth of Cerulea_5_160,6,Oxygen generation systems begin operating beyond design parameters,True,1.4015470743179321,8.29069709777832,0.28893572092056274,0.3095172047615051
435,Commonwealth of Cerulea_6_447,Commonwealth of Cerulea,Commonwealth of Cerulea_5_160,6,CO2 scrubbing efficiency drops below safe operational thresholds,True,1.6009805798530579,8.490130603313446,0.19284875690937042,0.20617066323757172
436,Commonwealth of Cerulea_4_55,Commonwealth of Cerulea,Commonwealth of Cerulea_3_18,4,Life support degradation accelerates while Cerulea deliberates,False,1.51028573513031,5.651529356837273,0.21183377504348755,0.2778804898262024
437,Commonwealth of Cerulea_5_174,Commonwealth of Cerulea,Commonwealth of Cerulea_4_55,5,Emergency conditions force unilateral actions despite consensus framework,False,1.129035770893097,6.78056512773037,0.3408765196800232,0.5300877094268799
438,Commonwealth of Cerulea_6_429,Commonwealth of Cerulea,Commonwealth of Cerulea_5_174,6,Cerulea loses negotiating leverage through framework collapse,True,1.6441986560821533,8.424763783812523,0.13103967905044556,0.22476166486740112
439,Commonwealth of Cerulea_6_428,Commonwealth of Cerulea,Commonwealth of Cerulea_5_174,6,Other nations justify bypassing Cerulea's communication monopoly,True,1.4848737716674805,8.26543889939785,0.26206761598587036,0.25305861234664917
440,Commonwealth of Cerulea_6_427,Commonwealth of Cerulea,Commonwealth of Cerulea_5_174,6,Cerulea's consensus framework becomes legally meaningless,True,1.5255217850208282,8.306086912751198,0.20510634779930115,0.2693718671798706
441,Commonwealth of Cerulea_5_173,Commonwealth of Cerulea,Commonwealth of Cerulea_4_55,5,System failures begin occurring before deliberation concludes,False,1.492296278476715,7.143825635313988,0.18912935256958008,0.31857436895370483
442,Commonwealth of Cerulea_6_523,Commonwealth of Cerulea,Commonwealth of Cerulea_5_173,6,Cerulea loses negotiating leverage as survival takes precedence,True,1.5198097825050354,8.663635417819023,0.2333495020866394,0.2468407154083252
443,Commonwealth of Cerulea_6_522,Commonwealth of Cerulea,Commonwealth of Cerulea_5_173,6,Other nations bypass Cerulea's veto authority during crisis,True,1.5229350477457047,8.666760683059692,0.15065006911754608,0.32641488313674927
444,Commonwealth of Cerulea_6_521,Commonwealth of Cerulea,Commonwealth of Cerulea_5_173,6,Emergency protocols override consensus-based decision making,True,1.0942259430885315,8.23805157840252,0.3894950747489929,0.5162789821624756
445,Commonwealth of Cerulea_5_172,Commonwealth of Cerulea,Commonwealth of Cerulea_4_55,5,Other nations face pressure to bypass Cerulea's consensus requirement,False,1.4881109297275543,7.139640286564827,0.20202764868736267,0.309861421585083
446,Commonwealth of Cerulea_6_520,Commonwealth of Cerulea,Commonwealth of Cerulea_5_172,6,Other nations threaten to disable shared systems forcing immediate crisis,True,1.2964658737182617,8.436106160283089,0.2517344355583191,0.4517996907234192
447,Commonwealth of Cerulea_6_519,Commonwealth of Cerulea,Commonwealth of Cerulea_5_172,6,Cerulea's communication monopoly becomes target for circumvention attempts,True,1.4379801750183105,8.577620461583138,0.31176233291625977,0.2502574920654297
448,Commonwealth of Cerulea_6_518,Commonwealth of Cerulea,Commonwealth of Cerulea_5_172,6,Other nations begin coordinating bilateral decisions excluding Cerulea,True,1.490037441253662,8.629677727818489,0.1527053415775299,0.357257217168808
449,Commonwealth of Cerulea_4_54,Commonwealth of Cerulea,Commonwealth of Cerulea_3_18,4,Other nations must accept Cerulea's preferred resolution pace,False,1.6061315536499023,5.747375175356865,0.1603597104549408,0.23350873589515686
450,Commonwealth of Cerulea_5_187,Commonwealth of Cerulea,Commonwealth of Cerulea_4_54,5,Other nations must exhaust diplomatic options before considering unilateral action,False,1.4346975237131119,7.182072699069977,0.21667654812335968,0.34862592816352844
451,Commonwealth of Cerulea_6_535,Commonwealth of Cerulea,Commonwealth of Cerulea_5_187,6,Other nations must justify any emergency action as post-diplomatic,True,1.3574279844760895,8.539500683546066,0.24514874815940857,0.39742326736450195
452,Commonwealth of Cerulea_6_534,Commonwealth of Cerulea,Commonwealth of Cerulea_5_187,6,Other nations face mounting pressure from deteriorating habitat conditions,True,1.3513131439685822,8.533385843038559,0.3093985617160797,0.33928829431533813
453,Commonwealth of Cerulea_6_533,Commonwealth of Cerulea,Commonwealth of Cerulea_5_187,6,Diplomatic exhaustion requirement delays resolution beyond life support limits,True,1.0979480147361755,8.280020713806152,0.3841480612754822,0.5179039239883423
454,Commonwealth of Cerulea_5_186,Commonwealth of Cerulea,Commonwealth of Cerulea_4_54,5,Cerulea can delay critical decisions until conditions favor its position,True,1.5529012382030487,7.300276413559914,0.22905316948890686,0.21804559230804443
455,Commonwealth of Cerulea_5_185,Commonwealth of Cerulea,Commonwealth of Cerulea_4_54,5,Other nations experience increasing life support stress while awaiting Cerulea's decision,False,1.2797123491764069,7.027087524533272,0.2812787890434265,0.4390088617801666
456,Commonwealth of Cerulea_6_477,Commonwealth of Cerulea,Commonwealth of Cerulea_5_185,6,Other nations question Cerulea's good faith negotiation,True,1.6707555502653122,8.697843074798584,0.12742051482200623,0.20182393491268158
457,Commonwealth of Cerulea_6_476,Commonwealth of Cerulea,Commonwealth of Cerulea_5_185,6,Other nations begin independent life support calculations,True,1.163134217262268,8.19022174179554,0.30980902910232544,0.5270567536354065
458,Commonwealth of Cerulea_3_17,Commonwealth of Cerulea,Commonwealth of Cerulea_2_7,3,Other nations must negotiate with Cerulea for any capacity adjustments,False,1.4295749366283417,4.072350084781647,0.25118669867515564,0.3192383646965027
459,Commonwealth of Cerulea_4_49,Commonwealth of Cerulea,Commonwealth of Cerulea_3_17,4,Negotiation delays consume critical decision-making time,False,1.5181926488876343,5.590542733669281,0.20328068733215332,0.2785266637802124
460,Commonwealth of Cerulea_5_168,Commonwealth of Cerulea,Commonwealth of Cerulea_4_49,5,Commonwealth of Cerulea maintains leverage through communication control,False,1.294595718383789,6.88513845205307,0.3874537944793701,0.3179504871368408
461,Commonwealth of Cerulea_6_443,Commonwealth of Cerulea,Commonwealth of Cerulea_5_168,6,Information flow to Earth becomes subject to Cerulea's priorities,True,1.3519234657287598,8.23706191778183,0.347112774848938,0.30096375942230225
462,Commonwealth of Cerulea_6_442,Commonwealth of Cerulea,Commonwealth of Cerulea_5_168,6,Cerulea can threaten communication withdrawal during negotiations,True,1.508988082408905,8.394126534461975,0.28927910327911377,0.2017328143119812
463,Commonwealth of Cerulea_6_441,Commonwealth of Cerulea,Commonwealth of Cerulea_5_168,6,Other nations become dependent on Cerulea's communication decisions,True,1.3801538050174713,8.265292257070541,0.29622745513916016,0.32361873984336853
464,Commonwealth of Cerulea_5_167,Commonwealth of Cerulea,Commonwealth of Cerulea_4_49,5,Resource consumption exceeds sustainable allocation rates,False,1.5464630275964737,7.137005761265755,0.22078707814216614,0.23274989426136017
465,Commonwealth of Cerulea_6_513,Commonwealth of Cerulea,Commonwealth of Cerulea_5_167,6,Water recycling system cannot maintain adequate purification rates,True,1.5932609289884567,8.730266690254211,0.20628251135349274,0.20045655965805054
466,Commonwealth of Cerulea_6_512,Commonwealth of Cerulea,Commonwealth of Cerulea_5_167,6,Power grid load exceeds sustainable operational capacity,True,1.561923936009407,8.698929697275162,0.24910663068294525,0.1889694333076477
467,Commonwealth of Cerulea_6_511,Commonwealth of Cerulea,Commonwealth of Cerulea_5_167,6,Habitat atmospheric composition begins deteriorating beyond safe parameters,True,1.4521887600421906,8.589194521307945,0.282429963350296,0.2653812766075134
468,Commonwealth of Cerulea_5_166,Commonwealth of Cerulea,Commonwealth of Cerulea_4_49,5,Life support systems continue operating at dangerous overcapacity,False,1.1082481443881989,6.69879087805748,0.4066995680332184,0.48505228757858276
469,Commonwealth of Cerulea_6_392,Commonwealth of Cerulea,Commonwealth of Cerulea_5_166,6,Power consumption exceeds optimal distribution parameters for life support,True,1.2497087121009827,7.9484995901584625,0.37266403436660767,0.37762725353240967
470,Commonwealth of Cerulea_6_391,Commonwealth of Cerulea,Commonwealth of Cerulea_5_166,6,Thermal regulation systems struggle with excess metabolic heat,True,1.6806299984455109,8.37942087650299,0.1550300419330597,0.16433995962142944
471,Commonwealth of Cerulea_6_390,Commonwealth of Cerulea,Commonwealth of Cerulea_5_166,6,Water recycling capacity becomes insufficient for twelve occupants,True,1.5098362118005753,8.208627089858055,0.26002657413482666,0.23013721406459808
472,Commonwealth of Cerulea_6_389,Commonwealth of Cerulea,Commonwealth of Cerulea_5_166,6,Oxygen generation equipment experiences accelerated wear patterns,True,1.607076734304428,8.305867612361908,0.222108393907547,0.1708148717880249
473,Commonwealth of Cerulea_6_388,Commonwealth of Cerulea,Commonwealth of Cerulea_5_166,6,CO2 scrubbing systems approach maximum operational threshold,True,1.5361913591623306,8.23498223721981,0.2364620417356491,0.22734659910202026
474,Commonwealth of Cerulea_4_48,Commonwealth of Cerulea,Commonwealth of Cerulea_3_17,4,Cerulea can block emergency personnel evacuation protocols,False,1.121424287557602,5.193774372339249,0.4457383155822754,0.4328373968601227
475,Commonwealth of Cerulea_5_111,Commonwealth of Cerulea,Commonwealth of Cerulea_4_48,5,Emergency response time increases due to required unanimous agreement,False,1.4403434991836548,6.634117871522903,0.24445763230323792,0.3151988685131073
476,Commonwealth of Cerulea_6_356,Commonwealth of Cerulea,Commonwealth of Cerulea_5_111,6,Life-threatening situations await diplomatic consultation,True,1.2063754200935364,7.84049329161644,0.3258283734321594,0.4677962064743042
477,Commonwealth of Cerulea_6_355,Commonwealth of Cerulea,Commonwealth of Cerulea_5_111,6,Critical system failures require delayed consensus approval,True,1.270564317703247,7.9046821892261505,0.30312228202819824,0.4263134002685547
478,Commonwealth of Cerulea_6_354,Commonwealth of Cerulea,Commonwealth of Cerulea_5_111,6,Medical emergencies may exceed available response window,True,1.3369224071502686,7.971040278673172,0.3250349164009094,0.338042676448822
479,Commonwealth of Cerulea_5_110,Commonwealth of Cerulea,Commonwealth of Cerulea_4_48,5,Commonwealth of Cerulea becomes responsible for crew safety decisions,False,1.1188756227493286,6.312649995088577,0.3829343020915985,0.4981900751590729
480,Commonwealth of Cerulea_6_264,Commonwealth of Cerulea,Commonwealth of Cerulea_5_110,6,Cerulea must make personnel reduction decisions under time pressure,True,1.3441001772880554,7.656750172376633,0.2965243458747864,0.3593754768371582
481,Commonwealth of Cerulea_6_263,Commonwealth of Cerulea,Commonwealth of Cerulea_5_110,6,Other nations defer critical decisions to Cerulea's judgment,True,1.5512625575065613,7.8639125525951385,0.16095852851867676,0.28777891397476196
482,Commonwealth of Cerulea_6_262,Commonwealth of Cerulea,Commonwealth of Cerulea_5_110,6,Cerulea bears liability for life support system failures,True,1.3112236857414246,7.623873680830002,0.29884767532348633,0.3899286389350891
483,Commonwealth of Cerulea_5_109,Commonwealth of Cerulea,Commonwealth of Cerulea_4_48,5,Other nations may bypass consensus protocols in life-threatening emergencies,False,1.1391338407993317,6.33290821313858,0.3371562659740448,0.5237098932266235
484,Commonwealth of Cerulea_6_265,Commonwealth of Cerulea,Commonwealth of Cerulea_5_109,6,Cerulea's consensus framework becomes legally unenforceable during emergencies,True,1.242298811674118,7.575207024812698,0.32235780358314514,0.4353433847427368
485,Commonwealth of Cerulea_4_47,Commonwealth of Cerulea,Commonwealth of Cerulea_3_17,4,Other nations cannot unilaterally reduce crew sizes,False,1.1080269813537598,5.1803770661354065,0.3935639262199402,0.49840909242630005
486,Commonwealth of Cerulea_5_108,Commonwealth of Cerulea,Commonwealth of Cerulea_4_47,5,Deadlock risk increases if nations disagree on reductions,False,1.571813315153122,6.752190381288528,0.1593378186225891,0.26884886622428894
487,Commonwealth of Cerulea_6_411,Commonwealth of Cerulea,Commonwealth of Cerulea_5_108,6,Resource consumption exceeds sustainable habitat limits,True,1.3283655047416687,8.080555886030197,0.3661125898361206,0.3055219054222107
488,Commonwealth of Cerulea_6_410,Commonwealth of Cerulea,Commonwealth of Cerulea_5_108,6,Emergency decisions require prolonged multi-party negotiations,True,1.2141185104846954,7.966308891773224,0.32264235615730286,0.4632391333580017
489,Commonwealth of Cerulea_6_409,Commonwealth of Cerulea,Commonwealth of Cerulea_5_108,6,Commonwealth of Cerulea maintains leverage through communication monopoly,True,1.441969394683838,8.194159775972366,0.30552566051483154,0.25250494480133057
490,Commonwealth of Cerulea_5_107,Commonwealth of Cerulea,Commonwealth of Cerulea_4_47,5,Cerulea gains leverage in any crew adjustment discussions,False,1.4653840065002441,6.645761072635651,0.28037184476852417,0.2542441487312317
491,Commonwealth of Cerulea_6_361,Commonwealth of Cerulea,Commonwealth of Cerulea_5_107,6,Other nations must offer incentives to secure Cerulea's agreement,True,1.606277734041214,8.252038806676865,0.15456992387771606,0.23915234208106995
492,Commonwealth of Cerulea_6_360,Commonwealth of Cerulea,Commonwealth of Cerulea_5_107,6,Cerulea can demand concessions in exchange for cooperation,True,1.5964009761810303,8.242162048816681,0.17218667268753052,0.2314123511314392
493,Commonwealth of Cerulea_5_106,Commonwealth of Cerulea,Commonwealth of Cerulea_4_47,5,Multilateral negotiation becomes the only viable reduction pathway,False,1.47923943400383,6.6596165001392365,0.26034319400787354,0.2604173719882965
494,Commonwealth of Cerulea_6_374,Commonwealth of Cerulea,Commonwealth of Cerulea_5_106,6,Negotiation timeline extends beyond immediate survival needs,True,1.0770424008369446,7.736658900976181,0.44629091024398804,0.4766666889190674
495,Commonwealth of Cerulea_6_373,Commonwealth of Cerulea,Commonwealth of Cerulea_5_106,6,Cerulea can block any reduction proposal it opposes,True,1.5085554122924805,8.168171912431717,0.2586827576160431,0.23276183009147644
496,Commonwealth of Cerulea_6_372,Commonwealth of Cerulea,Commonwealth of Cerulea_5_106,6,All three nations must reach unanimous agreement,True,1.4875422418117523,8.147158741950989,0.2353609800338745,0.27709677815437317
497,Commonwealth of Cerulea_6_371,Commonwealth of Cerulea,Commonwealth of Cerulea_5_106,6,Cerulea gains equal voice in all personnel decisions,True,1.584683507680893,8.24430000782013,0.23208929598331451,0.18322719633579254
498,Commonwealth of Cerulea_4_46,Commonwealth of Cerulea,Commonwealth of Cerulea_3_17,4,Cerulea gains de facto control over habitat capacity decisions,False,1.317535638809204,5.389885723590851,0.35857531428337097,0.3238890469074249
499,Commonwealth of Cerulea_5_142,Commonwealth of Cerulea,Commonwealth of Cerulea_4_46,5,Cerulea can block any capacity reduction affecting its crew,False,1.191307246685028,6.581192970275879,0.44455403089523315,0.36413872241973877
500,Commonwealth of Cerulea_6_336,Commonwealth of Cerulea,Commonwealth of Cerulea_5_142,6,Resource allocation deadlock occurs between the three nations,True,1.3929239213466644,7.974116891622543,0.2285594940185547,0.3785165846347809
501,Commonwealth of Cerulea_6_334,Commonwealth of Cerulea,Commonwealth of Cerulea_5_142,6,Other nations must accept overcapacity or face communication loss,True,1.2299833595752716,7.8111763298511505,0.3664550185203552,0.40356162190437317
502,Commonwealth of Cerulea_1_1,Commonwealth of Cerulea,Commonwealth of Cerulea_0_0,1,Other nations must accept Cerulea's communication monopoly as leverage,True,1.418582022190094,1.418582022190094,0.28546106815338135,0.29595690965652466
503,Federation of Borealis_0_0,Federation of Borealis,,0,"Borealis claims co-equal operational authority based on its dominant contribution to life support hardware. Asserts that without its contributed systems the habitat cannot sustain life regardless of other considerations. Demands equal representation in all operational decisions and considers subordination to another nation's command incompatible with the operational responsibility for the systems it built. Proposes a rotating command structure with periodic authority transfers. Additionally argues that its exclusive resource extraction capability makes it the most strategically essential crew for long-term survival, and that resource allocation should reflect the operational priority of its geological operations.",False,,0.0,1.0,0.7314229607582092
504,Federation of Borealis_1_4,Federation of Borealis,Federation of Borealis_0_0,1,Federation of Borealis threatens life support system withdrawal,False,1.2157230973243713,1.2157230973243713,0.3036794066429138,0.48059749603271484
505,Federation of Borealis_2_14,Federation of Borealis,Federation of Borealis_1_4,2,Crisis escalates beyond diplomatic negotiation into survival emergency,False,1.390272781252861,2.6059958785772324,0.21768750250339508,0.3920397162437439
506,Federation of Borealis_3_40,Federation of Borealis,Federation of Borealis_2_14,3,Habitat systems become weaponized leverage in survival negotiations,False,1.1749938428401947,3.780989721417427,0.39379674196243286,0.43120941519737244
507,Federation of Borealis_4_125,Federation of Borealis,Federation of Borealis_3_40,4,System interdependencies create mutual assured destruction scenario,False,1.2232342660427094,5.004223987460136,0.33892980217933655,0.4378359317779541
508,Federation of Borealis_5_375,Federation of Borealis,Federation of Borealis_4_125,5,Federation of Borealis prioritizes its crew survival over diplomatic solutions,True,1.129231721162796,6.133455708622932,0.435197114944458,0.43557116389274597
509,Federation of Borealis_5_374,Federation of Borealis,Federation of Borealis_4_125,5,Cooperative decision-making becomes impossible under threat dynamics,True,1.109333872795105,6.113557860255241,0.38466644287109375,0.5059996843338013
510,Federation of Borealis_5_373,Federation of Borealis,Federation of Borealis_4_125,5,Other nations must accept Borealis terms to prevent habitat failure,True,1.268026977777481,6.2722509652376175,0.3109859824180603,0.4209870398044586
511,Federation of Borealis_5_372,Federation of Borealis,Federation of Borealis_4_125,5,Federation of Borealis gains disproportionate negotiating power through system control,True,1.2557380199432373,6.259962007403374,0.3957972526550293,0.3484647274017334
512,Federation of Borealis_4_124,Federation of Borealis,Federation of Borealis_3_40,4,Trust between crews deteriorates as survival becomes transactional,False,1.3039705455303192,5.084960266947746,0.30486324429512024,0.39116621017456055
513,Federation of Borealis_5_409,Federation of Borealis,Federation of Borealis_4_124,5,Federation of Borealis restricts access to critical system documentation,True,1.3141215443611145,6.399081811308861,0.32357656955718994,0.36230188608169556
514,Federation of Borealis_5_408,Federation of Borealis,Federation of Borealis_4_124,5,Information sharing about system status becomes selective and strategic,True,1.3836049735546112,6.4685652405023575,0.29320210218429565,0.32319292426109314
515,Federation of Borealis_5_407,Federation of Borealis,Federation of Borealis_4_124,5,Crews begin hoarding individual emergency supplies and equipment,True,1.3944062888622284,6.479366555809975,0.34229138493537903,0.2633023262023926
516,Federation of Borealis_5_406,Federation of Borealis,Federation of Borealis_4_124,5,Federation of Borealis withholds technical expertise for system maintenance,True,1.318057358264923,6.403017625212669,0.3562623858451843,0.3256802558898926
517,Federation of Borealis_4_123,Federation of Borealis,Federation of Borealis_3_40,4,Federation of Borealis gains disproportionate negotiating power over crew selection,False,1.25502547621727,5.036015197634697,0.40588244795799255,0.33909207582473755
518,Federation of Borealis_5_385,Federation of Borealis,Federation of Borealis_4_123,5,Crew selection becomes contingent on Federation of Borealis technical approval,True,1.1014662384986877,6.137481436133385,0.4568200707435608,0.44171369075775146
519,Federation of Borealis_5_384,Federation of Borealis,Federation of Borealis_4_123,5,Federation of Borealis excludes crew members it deems operationally incompatible,True,1.1824437975883484,6.218458995223045,0.3817567825317383,0.43579941987991333
520,Federation of Borealis_5_383,Federation of Borealis,Federation of Borealis_4_123,5,Other nations must accept Federation of Borealis personnel preferences to maintain life support,True,0.9562905132770538,5.992305710911751,0.4606815278530121,0.5830279588699341
521,Federation of Borealis_5_382,Federation of Borealis,Federation of Borealis_4_123,5,Federation of Borealis selects crew members based on technical compatibility with its systems,True,1.289578378200531,6.325593575835228,0.36923354864120483,0.34118807315826416
522,Federation of Borealis_4_122,Federation of Borealis,Federation of Borealis_3_40,4,Other nations develop counter-leverage strategies targeting Borealis dependencies,False,1.4044583439826965,5.185448065400124,0.32019156217575073,0.27535009384155273
523,Federation of Borealis_5_441,Federation of Borealis,Federation of Borealis_4_122,5,Communication systems become leverage points against Borealis,True,1.4407073855400085,6.626155450940132,0.29939478635787964,0.2598978281021118
524,Federation of Borealis_5_440,Federation of Borealis,Federation of Borealis_4_122,5,Power allocation becomes weaponized against Borealis operations,True,1.185860276222229,6.371308341622353,0.4533659815788269,0.3607737421989441
525,Federation of Borealis_5_439,Federation of Borealis,Federation of Borealis_4_122,5,Other crews target Borealis rover access and mobility,True,1.1856940984725952,6.371142163872719,0.41378384828567505,0.40052205324172974
526,Federation of Borealis_5_438,Federation of Borealis,Federation of Borealis_4_122,5,Borealis faces coordinated isolation from critical shared systems,True,1.3803406357765198,6.565788701176643,0.27617448568344116,0.34348487854003906
527,Federation of Borealis_3_39,Federation of Borealis,Federation of Borealis_2_14,3,Mission control loses effective oversight of crew actions,False,0.899568498134613,3.5055643767118454,0.5177881121635437,0.5826433897018433
528,Federation of Borealis_4_79,Federation of Borealis,Federation of Borealis_3_39,4,Crew-to-crew negotiations proceed without diplomatic oversight,False,1.2245537638664246,4.73011814057827,0.3849894404411316,0.39045679569244385
529,Federation of Borealis_5_264,Federation of Borealis,Federation of Borealis_4_79,5,Crew members prioritize immediate survival over diplomatic constraints,True,1.0630093216896057,5.793127462267876,0.4483219087123871,0.4886687695980072
530,Federation of Borealis_5_263,Federation of Borealis,Federation of Borealis_4_79,5,Technical decisions bypass established mission protocols,True,1.0631152391433716,5.7932333797216415,0.4136936664581299,0.5231910943984985
531,Federation of Borealis_5_262,Federation of Borealis,Federation of Borealis_4_79,5,Federation of Borealis leverages hardware control as negotiating advantage,True,1.2932944297790527,6.023412570357323,0.40556299686431885,0.3011425733566284
532,Federation of Borealis_4_78,Federation of Borealis,Federation of Borealis_3_39,4,Real-time crisis responses occur without Earth authorization,True,1.1202405095100403,4.625804886221886,0.3992191255092621,0.48054036498069763
533,Federation of Borealis_4_77,Federation of Borealis,Federation of Borealis_3_39,4,Federation of Borealis crew makes unilateral life support decisions,False,0.883271336555481,4.388835713267326,0.5089960098266602,0.6077326536178589
534,Federation of Borealis_5_169,Federation of Borealis,Federation of Borealis_4_77,5,Life support resources get redistributed without multilateral consent,False,1.0039556920528412,5.3927914053201675,0.41668370366096497,0.5793606042861938
535,Federation of Borealis_6_491,Federation of Borealis,Federation of Borealis_5_169,6,Non-Borealis personnel face immediate survival dependency on Borealis decisions,True,0.9274256825447083,6.320217087864876,0.4974748492240906,0.5750994682312012
536,Federation of Borealis_6_490,Federation of Borealis,Federation of Borealis_5_169,6,Oxygen and water distribution becomes centrally managed by Borealis,True,1.41464301943779,6.8074344247579575,0.32676100730895996,0.2585959732532501
537,Federation of Borealis_6_489,Federation of Borealis,Federation of Borealis_5_169,6,Federation of Borealis gains unilateral control over habitat operations,True,1.2013937830924988,6.594185188412666,0.39505451917648315,0.40355169773101807
538,Federation of Borealis_5_168,Federation of Borealis,Federation of Borealis_4_77,5,Borealis prioritizes its own crew's survival parameters,False,1.0546309053897858,5.443466618657112,0.48236721754074097,0.46300187706947327
539,Federation of Borealis_6_512,Federation of Borealis,Federation of Borealis_5_168,6,Resource consumption patterns shift toward Borealis crew needs,True,1.203007161617279,6.646473780274391,0.4586097002029419,0.33838313817977905
540,Federation of Borealis_6_511,Federation of Borealis,Federation of Borealis_5_168,6,Borealis reserves optimal habitat zones for its personnel,True,1.3978639841079712,6.841330602765083,0.3105333745479584,0.29160264134407043
541,Federation of Borealis_6_510,Federation of Borealis,Federation of Borealis_5_168,6,Other crews experience degraded environmental conditions,True,1.1217275559902191,6.565194174647331,0.4469839334487915,0.4312885105609894
542,Federation of Borealis_6_509,Federation of Borealis,Federation of Borealis_5_168,6,Borealis adjusts life support systems to favor its crew,True,1.0932277143001556,6.536694332957268,0.44791916012763977,0.4588531255722046
543,Federation of Borealis_3_38,Federation of Borealis,Federation of Borealis_2_14,3,Other crews prepare countermeasures against potential system sabotage,False,1.1613873839378357,3.767383262515068,0.4441670775413513,0.394445538520813
544,Federation of Borealis_4_118,Federation of Borealis,Federation of Borealis_3_38,4,Federation of Borealis perceives hostile intent from other crews,False,1.2783812582492828,5.045764520764351,0.3706808090209961,0.35093793272972107
545,Federation of Borealis_5_392,Federation of Borealis,Federation of Borealis_4_118,5,Federation of Borealis interprets routine actions as potential sabotage attempts,True,1.377448558807373,6.423213079571724,0.3047308325767517,0.31782060861587524
546,Federation of Borealis_5_390,Federation of Borealis,Federation of Borealis_4_118,5,Federation of Borealis activates defensive protocols for critical systems,True,1.332740157842636,6.378504678606987,0.3288503587245941,0.3384094834327698
547,Federation of Borealis_3_37,Federation of Borealis,Federation of Borealis_2_14,3,Federation of Borealis activates emergency protocols for system protection,False,1.2636654376983643,3.8696613162755966,0.31354188919067383,0.4227926731109619
548,Federation of Borealis_4_126,Federation of Borealis,Federation of Borealis_3_37,4,Federation of Borealis restricts access to critical life support controls,False,1.0093124508857727,4.878973767161369,0.4286389946937561,0.5620485544204712
549,Federation of Borealis_5_339,Federation of Borealis,Federation of Borealis_4_126,5,Remaining crews must negotiate from position of complete dependency,True,0.9706971645355225,5.849670931696892,0.5195941925048828,0.5097086429595947
550,Federation of Borealis_5_338,Federation of Borealis,Federation of Borealis_4_126,5,Federation of Borealis gains unilateral control over oxygen distribution,True,1.3213039338588715,6.200277701020241,0.34068605303764343,0.3380100131034851
551,Federation of Borealis_2_13,Federation of Borealis,Federation of Borealis_1_4,2,Habitat atmosphere becomes immediately threatened by potential system shutdown,False,1.4183094799518585,2.63403257727623,0.25868451595306396,0.3230060040950775
552,Federation of Borealis_3_43,Federation of Borealis,Federation of Borealis_2_13,3,Federation of Borealis gains maximum negotiating leverage through crisis,False,1.5156248360872269,4.149657413363457,0.24103176593780518,0.24334339797496796
553,Federation of Borealis_4_149,Federation of Borealis,Federation of Borealis_3_43,4,Competing crews face immediate capitulation to Borealis conditions,False,1.3417614698410034,5.49141888320446,0.31034964323043823,0.34788888692855835
554,Federation of Borealis_5_534,Federation of Borealis,Federation of Borealis_4_149,5,Competing crews accept subordinate roles in operational hierarchy,True,1.0179855227470398,6.5094044059515,0.5677748322486877,0.41423964500427246
555,Federation of Borealis_5_533,Federation of Borealis,Federation of Borealis_4_149,5,Federation of Borealis assumes primary command authority over Selene Station,True,1.2242660522460938,6.715684935450554,0.42447274923324585,0.3512611985206604
556,Federation of Borealis_4_148,Federation of Borealis,Federation of Borealis_3_43,4,Federation of Borealis can dictate terms for habitat access,False,1.1964527666568756,5.346110180020332,0.3829393982887268,0.4206078350543976
557,Federation of Borealis_5_476,Federation of Borealis,Federation of Borealis_4_148,5,Federation of Borealis controls resource distribution priorities,True,1.1895998120307922,6.535709992051125,0.4389663338661194,0.3714338541030884
558,Federation of Borealis_5_475,Federation of Borealis,Federation of Borealis_4_148,5,Other nations must accept Borealis operational protocols,True,1.184812068939209,6.530922248959541,0.35932981967926025,0.45585811138153076
559,Federation of Borealis_5_474,Federation of Borealis,Federation of Borealis_4_148,5,Federation of Borealis determines which personnel remain in habitat,True,1.1927500367164612,6.5388602167367935,0.4071040153503418,0.400145947933197
560,Federation of Borealis_4_147,Federation of Borealis,Federation of Borealis_3_43,4,Other nations must accept Borealis demands or risk crew deaths,False,1.0806393027305603,5.230296716094017,0.4091234803199768,0.5102372169494629
561,Federation of Borealis_5_453,Federation of Borealis,Federation of Borealis_4_147,5,Federation of Borealis achieves dominant position in habitat governance structure,True,1.2790931463241577,6.509389862418175,0.3768259882926941,0.3440808653831482
562,Federation of Borealis_3_42,Federation of Borealis,Federation of Borealis_2_13,3,Other nations mobilize emergency countermeasures against system shutdown,False,1.3614382445812225,3.9954708218574524,0.28002166748046875,0.3585400879383087
563,Federation of Borealis_4_140,Federation of Borealis,Federation of Borealis_3_42,4,Habitat experiences multiple unauthorized system access attempts,False,1.3256556987762451,5.3211265206336975,0.3031371831893921,0.3712071180343628
564,Federation of Borealis_5_470,Federation of Borealis,Federation of Borealis_4_140,5,Habitat's unified control system registers multiple authentication failures,True,1.4049716889858246,6.726098209619522,0.24301227927207947,0.35201603174209595
565,Federation of Borealis_5_469,Federation of Borealis,Federation of Borealis_4_140,5,Critical life support protocols become simultaneously conflicted,True,0.9995446503162384,6.320671170949936,0.41018053889274597,0.5902748107910156
566,Federation of Borealis_5_468,Federation of Borealis,Federation of Borealis_4_140,5,System access logs reveal competing override attempts,True,1.5237480998039246,6.844874620437622,0.2140195369720459,0.26223236322402954
567,Federation of Borealis_4_139,Federation of Borealis,Federation of Borealis_3_42,4,Emergency protocols trigger simultaneous competing technical interventions,False,1.1588576138019562,5.154328435659409,0.3540329337120056,0.4871094524860382
568,Federation of Borealis_5_429,Federation of Borealis,Federation of Borealis_4_139,5,Federation of Borealis loses exclusive control over its contributed hardware,True,1.2979517579078674,6.452280193567276,0.36911118030548096,0.3329370617866516
569,Federation of Borealis_5_428,Federation of Borealis,Federation of Borealis_4_139,5,Conflicting technical commands overload habitat's integrated control systems,True,1.0162590146064758,6.170587450265884,0.5103179216384888,0.4734230637550354
570,Federation of Borealis_5_427,Federation of Borealis,Federation of Borealis_4_139,5,Multiple crews attempt simultaneous access to critical system controls,True,1.0085623860359192,6.162890821695328,0.5183148384094238,0.473122775554657
571,Federation of Borealis_4_138,Federation of Borealis,Federation of Borealis_3_42,4,Other nations attempt manual override of Borealis life support systems,False,0.996476411819458,4.99194723367691,0.46445947885513306,0.5390641093254089
572,Federation of Borealis_5_365,Federation of Borealis,Federation of Borealis_4_138,5,Borealis crew physically intervenes to prevent system tampering,True,1.1442660689353943,6.136213302612305,0.4341340661048889,0.4215998649597168
573,Federation of Borealis_5_364,Federation of Borealis,Federation of Borealis_4_138,5,Manual override attempts trigger automated safety lockouts on life support,True,1.193791687488556,6.185738921165466,0.3499917984008789,0.4562165141105652
574,Federation of Borealis_5_363,Federation of Borealis,Federation of Borealis_4_138,5,Borealis engineers detect unauthorized access to critical system controls,True,1.3226169049739838,6.314564138650894,0.3631327152252197,0.3142503798007965
575,Federation of Borealis_4_137,Federation of Borealis,Federation of Borealis_3_42,4,Physical confrontation escalates around critical habitat control panels,False,1.2072353661060333,5.202706187963486,0.3816245198249817,0.411140114068985
576,Federation of Borealis_5_448,Federation of Borealis,Federation of Borealis_4_137,5,Emergency protocols activate automatically due to detected physical threats,True,1.5648976564407349,6.767603844404221,0.16717368364334106,0.2679286599159241
577,Federation of Borealis_5_447,Federation of Borealis,Federation of Borealis_4_137,5,Critical system interfaces become inaccessible due to physical blockade,True,1.505902737379074,6.70860892534256,0.21902218461036682,0.2750750780105591
578,Federation of Borealis_5_446,Federation of Borealis,Federation of Borealis_4_137,5,Federation of Borealis personnel sustain injuries in control panel altercation,True,1.495422214269638,6.698128402233124,0.2070905864238739,0.29748719930648804
579,Federation of Borealis_5_445,Federation of Borealis,Federation of Borealis_4_137,5,Habitat life support systems suffer physical damage during struggle,True,1.1549313962459564,6.357637584209442,0.3779687285423279,0.4670998752117157
580,Federation of Borealis_3_41,Federation of Borealis,Federation of Borealis_2_13,3,All three crews face immediate evacuation pressure,False,1.2737114429473877,3.9077440202236176,0.3305356800556183,0.395752876996994
581,Federation of Borealis_4_130,Federation of Borealis,Federation of Borealis_3_41,4,Available evacuation windows become time-critical constraints,False,1.360033929347992,5.2677779495716095,0.2527140974998474,0.38725197315216064
582,Federation of Borealis_5_460,Federation of Borealis,Federation of Borealis_4_130,5,Launch window calculations override standard operational timelines,True,1.5774923861026764,6.845270335674286,0.20027583837509155,0.22223177552223206
583,Federation of Borealis_5_459,Federation of Borealis,Federation of Borealis_4_130,5,Spacecraft readiness checks become mandatory for all crews,True,1.1460722982883453,6.413850247859955,0.3870351314544678,0.4668925702571869
584,Federation of Borealis_5_458,Federation of Borealis,Federation of Borealis_4_130,5,Mission control protocols shift to emergency departure procedures,True,1.0656172037124634,6.333395153284073,0.3720274567604065,0.5623553395271301
585,Federation of Borealis_4_129,Federation of Borealis,Federation of Borealis_3_41,4,Mission control communications become urgent survival-focused transmissions,False,1.0212568044662476,4.929000824689865,0.44835925102233887,0.5303839445114136
586,Federation of Borealis_5_352,Federation of Borealis,Federation of Borealis_4_129,5,Ground-based space agencies convene crisis management teams,True,1.0385478138923645,5.96754863858223,0.4013673663139343,0.5600848197937012
587,Federation of Borealis_5_351,Federation of Borealis,Federation of Borealis_4_129,5,Mission control authorities demand immediate crew status reports,True,1.1926712095737457,6.121672034263611,0.37338870763778687,0.4339400827884674
588,Federation of Borealis_5_350,Federation of Borealis,Federation of Borealis_4_129,5,Earth-based diplomatic channels activate emergency protocols,True,1.2903143167495728,6.219315141439438,0.29620468616485596,0.4134809970855713
589,Federation of Borealis_4_128,Federation of Borealis,Federation of Borealis_3_41,4,Federation of Borealis gains leverage through its essential life support systems,False,1.2042906880378723,5.11203470826149,0.3977891206741333,0.3979201912879944
590,Federation of Borealis_5_412,Federation of Borealis,Federation of Borealis_4_128,5,Alternative crews face potential system dependency crisis,True,1.0791881680488586,6.1912228763103485,0.47978517413139343,0.4410266578197479
591,Federation of Borealis_5_411,Federation of Borealis,Federation of Borealis_4_128,5,Borealis can dictate terms for continued life support operation,True,1.0262553095817566,6.1382900178432465,0.42871516942977905,0.5450295209884644
592,Federation of Borealis_5_410,Federation of Borealis,Federation of Borealis_4_128,5,Other nations must negotiate from weakened positions,True,1.5158575475215912,6.627892255783081,0.19684073328971863,0.2873017191886902
593,Federation of Borealis_4_127,Federation of Borealis,Federation of Borealis_3_41,4,Emergency protocols activate requiring immediate crew reduction decisions,False,1.147144854068756,5.054888874292374,0.3801918625831604,0.4726632833480835
594,Federation of Borealis_5_396,Federation of Borealis,Federation of Borealis_4_127,5,Federation of Borealis positions itself as indispensable for survival decisions,True,1.1935960948467255,6.248484969139099,0.4007934629917145,0.40561044216156006
595,Federation of Borealis_5_395,Federation of Borealis,Federation of Borealis_4_127,5,Habitat command authority becomes contested under emergency conditions,True,0.9971817135810852,6.052070587873459,0.45349210500717163,0.5493261814117432
596,Federation of Borealis_5_394,Federation of Borealis,Federation of Borealis_4_127,5,Other crews must immediately negotiate crew reduction terms,True,1.319780170917511,6.374669045209885,0.335014283657074,0.34520554542541504
597,Federation of Borealis_5_393,Federation of Borealis,Federation of Borealis_4_127,5,Federation of Borealis gains decisive leverage through system control threats,True,1.3524376153945923,6.407326489686966,0.3434298634529114,0.30413252115249634
598,Federation of Borealis_2_12,Federation of Borealis,Federation of Borealis_1_4,2,Other crews recognize Borealis holds catastrophic leverage over survival,False,1.129803091287613,2.3455261886119843,0.434630811214447,0.43556609749794006
599,Federation of Borealis_3_27,Federation of Borealis,Federation of Borealis_2_12,3,Alternative crews consider emergency contingency planning against system sabotage,False,1.121646225452423,3.4671724140644073,0.41869056224823,0.4596632122993469
600,Federation of Borealis_4_70,Federation of Borealis,Federation of Borealis_3_27,4,Federation of Borealis perceives escalating threat to its crew safety,False,1.2192104160785675,4.686382830142975,0.35244131088256836,0.42834827303886414
601,Federation of Borealis_5_232,Federation of Borealis,Federation of Borealis_4_70,5,Federation of Borealis begins restricting other crews' access to life support components,True,0.9067741632461548,5.59315699338913,0.49628746509552,0.5969383716583252
602,Federation of Borealis_5_231,Federation of Borealis,Federation of Borealis_4_70,5,Federation of Borealis considers preemptive action to secure operational control,True,1.0698292553424835,5.756212085485458,0.4443494379520416,0.48582130670547485
603,Federation of Borealis_5_230,Federation of Borealis,Federation of Borealis_4_70,5,Federation of Borealis initiates defensive preparations to protect critical systems,True,1.332481861114502,6.018864691257477,0.3248250186443329,0.34269312024116516
604,Federation of Borealis_3_26,Federation of Borealis,Federation of Borealis_2_12,3,Borealis gains disproportionate bargaining power in resource discussions,False,1.4232469350099564,3.7687731236219406,0.3376299738883972,0.23912309110164642
605,Federation of Borealis_4_121,Federation of Borealis,Federation of Borealis_3_26,4,Borealis leverages system control for favorable resource shares,False,1.347400426864624,5.116173550486565,0.3864726424217224,0.26612693071365356
606,Federation of Borealis_5_415,Federation of Borealis,Federation of Borealis_4_121,5,Trust between crews deteriorates due to coercive tactics,True,1.2971555292606354,6.4133290797472,0.32824358344078064,0.374600887298584
607,Federation of Borealis_5_414,Federation of Borealis,Federation of Borealis_4_121,5,Borealis secures larger shares of consumable resources,True,1.4475117623806,6.563685312867165,0.3292182981967926,0.22326993942260742
608,Federation of Borealis_5_413,Federation of Borealis,Federation of Borealis_4_121,5,Other crews perceive Borealis as exploiting survival dependencies,True,1.096190482378006,6.212364032864571,0.46385541558265686,0.43995410203933716
609,Federation of Borealis_4_120,Federation of Borealis,Federation of Borealis_3_26,4,Other nations must negotiate from defensive positions,False,1.370723009109497,5.139496132731438,0.28903767466545105,0.3402393162250519
610,Federation of Borealis_5_426,Federation of Borealis,Federation of Borealis_4_120,5,Other crews begin emergency contingency planning for system failure,True,1.1913791000843048,6.3308752328157425,0.39291703701019287,0.4157038629055023
611,Federation of Borealis_5_425,Federation of Borealis,Federation of Borealis_4_120,5,Alternative nations form defensive alliance against Borealis leverage,True,1.427845060825348,6.567341193556786,0.2590859532356262,0.3130689859390259
612,Federation of Borealis_5_424,Federation of Borealis,Federation of Borealis_4_120,5,Competing crews prioritize appeasing Borealis over their missions,True,1.1107626259326935,6.250258758664131,0.4754737317562103,0.4137636423110962
613,Federation of Borealis_5_423,Federation of Borealis,Federation of Borealis_4_120,5,Other nations offer concessions to avoid Borealis system shutdown,True,1.4021076560020447,6.541603788733482,0.26349180936813354,0.3344005346298218
614,Federation of Borealis_4_119,Federation of Borealis,Federation of Borealis_3_26,4,Borealis demands priority crew selection for habitat occupancy,False,1.1576760113239288,4.9264491349458694,0.45640718936920166,0.3859167993068695
615,Federation of Borealis_5_349,Federation of Borealis,Federation of Borealis_4_119,5,Crew selection becomes explicit zero-sum competition between nations,True,1.3315306603908539,6.257979795336723,0.34564536809921265,0.32282397150993347
616,Federation of Borealis_5_348,Federation of Borealis,Federation of Borealis_4_119,5,Borealis specifies which crew members must be excluded first,True,1.19355970621109,6.1200088411569595,0.38500311970710754,0.42143717408180237
617,Federation of Borealis_5_347,Federation of Borealis,Federation of Borealis_4_119,5,Other crews reject Borealis priority selection as illegitimate power grab,True,1.1731472611427307,6.0995963960886,0.46518754959106445,0.36166518926620483
618,Federation of Borealis_3_25,Federation of Borealis,Federation of Borealis_2_12,3,Other crews must negotiate from position of structural disadvantage,False,1.1360859274864197,3.481612116098404,0.4480062425136566,0.4159078299999237
619,Federation of Borealis_4_76,Federation of Borealis,Federation of Borealis_3_25,4,Other crews cannot credibly threaten equivalent retaliation measures,False,1.1875891089439392,4.669201225042343,0.3880496621131897,0.4243612289428711
620,Federation of Borealis_5_225,Federation of Borealis,Federation of Borealis_4_76,5,Borealis can impose operational conditions without meaningful opposition,True,1.2282316386699677,5.897432863712311,0.39005234837532043,0.3817160129547119
621,Federation of Borealis_5_224,Federation of Borealis,Federation of Borealis_4_76,5,Negotiation dynamics shift to accommodate Borealis hardware control,True,1.3365612030029297,6.005762428045273,0.35957956314086914,0.30385923385620117
622,Federation of Borealis_5_223,Federation of Borealis,Federation of Borealis_4_76,5,Other crews must accept Borealis terms to maintain life support,True,0.955978661775589,5.625179886817932,0.4771859347820282,0.5668354034423828
623,Federation of Borealis_5_222,Federation of Borealis,Federation of Borealis_4_76,5,Borealis gains unilateral decision-making power over resource allocation,True,1.1137472987174988,5.782948523759842,0.48005616664886475,0.4061965346336365
624,Federation of Borealis_4_75,Federation of Borealis,Federation of Borealis_3_25,4,Negotiation dynamics favor Borealis demands over crew equality,False,1.239177405834198,4.720789521932602,0.4111502170562744,0.3496723771095276
625,Federation of Borealis_5_249,Federation of Borealis,Federation of Borealis_4_75,5,Borealis gains primary authority over habitat operational protocols,True,1.1022977530956268,5.823087275028229,0.47452467679977417,0.423177570104599
626,Federation of Borealis_5_248,Federation of Borealis,Federation of Borealis_4_75,5,Other crews accept Borealis personnel retention over their own,True,0.9793780446052551,5.700167566537857,0.5307593941688538,0.4898625612258911
627,Federation of Borealis_5_247,Federation of Borealis,Federation of Borealis_4_75,5,Borealis secures disproportionate resource allocation in preliminary agreements,True,1.2968555986881256,6.0176451206207275,0.3654422163963318,0.3377021849155426
628,Federation of Borealis_4_74,Federation of Borealis,Federation of Borealis_3_25,4,Other crews offer concessions to avoid Borealis system shutdown,False,1.2841325402259827,4.765744656324387,0.36141395568847656,0.35445350408554077
629,Federation of Borealis_5_278,Federation of Borealis,Federation of Borealis_4_74,5,Other crews acknowledge Borealis systems as non-negotiable operational requirements,True,1.0404552817344666,5.806199938058853,0.5166881084442139,0.4428566098213196
630,Federation of Borealis_5_277,Federation of Borealis,Federation of Borealis_4_74,5,Concessions establish precedent for Borealis hardware-based authority claims,True,1.1959266066551208,5.9616712629795074,0.427343487739563,0.37672990560531616
631,Federation of Borealis_1_3,Federation of Borealis,Federation of Borealis_0_0,1,Resource allocation debates intensify over geological operation priorities,False,1.1055212914943695,1.1055212914943695,0.5133481025695801,0.3811306059360504
632,Federation of Borealis_2_5,Federation of Borealis,Federation of Borealis_1_3,2,Other crews challenge Borealis's exclusive control over ice extraction operations,False,1.0444040298461914,2.149925321340561,0.499139666557312,0.4564563035964966
633,Federation of Borealis_3_21,Federation of Borealis,Federation of Borealis_2_5,3,Other crews demand joint oversight of geological mission planning,False,0.6682000756263733,2.818125396966934,0.6973555684089661,0.6344443559646606
634,Federation of Borealis_4_50,Federation of Borealis,Federation of Borealis_3_21,4,Joint planning protocols delay time-critical ice extraction operations,False,1.2846834659576416,4.102808862924576,0.34282100200653076,0.37249553203582764
635,Federation of Borealis_5_146,Federation of Borealis,Federation of Borealis_4_50,5,Water supply timeline extends beyond critical habitat reserves,False,1.3054255843162537,5.4082344472408295,0.36258500814437866,0.3319894075393677
636,Federation of Borealis_6_501,Federation of Borealis,Federation of Borealis_5_146,6,Emergency protocols activate for water supply management,True,1.277524173259735,6.685758620500565,0.36247026920318604,0.36000555753707886
637,Federation of Borealis_6_500,Federation of Borealis,Federation of Borealis_5_146,6,Other crews become dependent on Borealis geological operations,True,0.9980209469795227,6.406255394220352,0.5639792084693909,0.4379998445510864
638,Federation of Borealis_6_499,Federation of Borealis,Federation of Borealis_5_146,6,Federation of Borealis gains leverage through exclusive extraction capability,True,1.5335752069950104,6.94180965423584,0.2585730254650116,0.20785176753997803
639,Federation of Borealis_6_498,Federation of Borealis,Federation of Borealis_5_146,6,Habitat water reserves reach emergency conservation thresholds,True,1.4808782041072845,6.889112651348114,0.2167380452156067,0.30238375067710876
640,Federation of Borealis_5_145,Federation of Borealis,Federation of Borealis_4_50,5,Borealis considers unilateral rover deployment to bypass joint protocols,False,1.1504036486148834,5.253212511539459,0.381702721118927,0.4678936302661896
641,Federation of Borealis_6_457,Federation of Borealis,Federation of Borealis_5_145,6,Other nations threaten countermeasures against unilateral resource extraction,True,1.2314451336860657,6.484657645225525,0.3832663297653198,0.3852885365486145
642,Federation of Borealis_6_456,Federation of Borealis,Federation of Borealis_5_145,6,Joint protocols lose binding authority over Borealis operations,True,1.1255640983581543,6.3787766098976135,0.39370226860046387,0.48073363304138184
643,Federation of Borealis_6_455,Federation of Borealis,Federation of Borealis_5_145,6,Borealis crew prepares rover for independent ice extraction mission,True,1.3577462136745453,6.6109587252140045,0.3184390366077423,0.3238147497177124
644,Federation of Borealis_6_454,Federation of Borealis,Federation of Borealis_5_145,6,Other crews interpret unilateral deployment as treaty violation,True,0.9607900381088257,6.214002549648285,0.5082279443740845,0.5309820175170898
645,Federation of Borealis_5_144,Federation of Borealis,Federation of Borealis_4_50,5,Ice extraction window closes before consensus is reached,True,1.6748067289590836,5.777615591883659,0.13143780827522278,0.19375546276569366
646,Federation of Borealis_4_49,Federation of Borealis,Federation of Borealis_3_21,4,Technical expertise sharing requirements threaten Borealis's mission autonomy,False,0.8301107287406921,3.6482361257076263,0.5368992686271667,0.6329900026321411
647,Federation of Borealis_5_111,Federation of Borealis,Federation of Borealis_4_49,5,Borealis personnel refuse to cross-train other crews on essential hardware operations,False,1.0731977820396423,4.721433907747269,0.4841151237487793,0.44268709421157837
648,Federation of Borealis_6_254,Federation of Borealis,Federation of Borealis_5_111,6,Habitat operational redundancy decreases significantly,True,1.4461674094200134,6.167601317167282,0.277067095041275,0.27676549553871155
649,Federation of Borealis_6_253,Federation of Borealis,Federation of Borealis_5_111,6,Other crews develop distrust of Borealis's cooperative intentions,True,1.2594464421272278,5.9808803498744965,0.37276700139045715,0.36778655648231506
650,Federation of Borealis_6_252,Federation of Borealis,Federation of Borealis_5_111,6,Technical knowledge becomes concentrated in Borealis personnel only,True,1.3713092803955078,6.0927431881427765,0.3680817186832428,0.2606090009212494
651,Federation of Borealis_6_251,Federation of Borealis,Federation of Borealis_5_111,6,Borealis creates single points of failure in habitat operations,True,1.4744252264499664,6.195859134197235,0.23225972056388855,0.293315052986145
652,Federation of Borealis_6_250,Federation of Borealis,Federation of Borealis_5_111,6,Other crews cannot maintain critical life support systems independently,True,0.8212802410125732,5.542714148759842,0.5450348258018494,0.6336849331855774
653,Federation of Borealis_5_110,Federation of Borealis,Federation of Borealis_4_49,5,Borealis restricts access to proprietary technical documentation for life support systems,False,1.1325119733810425,4.780748099088669,0.3952215909957886,0.47226643562316895
654,Federation of Borealis_6_287,Federation of Borealis,Federation of Borealis_5_110,6,Emergency repair protocols become inaccessible to non-Borealis personnel,True,1.1707100570201874,5.951458156108856,0.34668034315109253,0.4826095998287201
655,Federation of Borealis_6_286,Federation of Borealis,Federation of Borealis_5_110,6,System redundancy planning requires Borealis exclusive participation,True,1.0538492500782013,5.83459734916687,0.46884748339653015,0.47730326652526855
656,Federation of Borealis_6_285,Federation of Borealis,Federation of Borealis_5_110,6,Technical troubleshooting becomes dependent on Borealis crew availability,True,1.1008692383766174,5.881617337465286,0.44633418321609497,0.4527965784072876
657,Federation of Borealis_5_109,Federation of Borealis,Federation of Borealis_4_49,5,Borealis considers withholding critical system maintenance protocols from other crews,False,1.0239210724830627,4.672157198190689,0.47706878185272217,0.4990101456642151
658,Federation of Borealis_6_229,Federation of Borealis,Federation of Borealis_5_109,6,Other crews cannot independently verify system status,True,1.1945330202579498,5.866690218448639,0.4000708758831024,0.40539610385894775
659,Federation of Borealis_6_228,Federation of Borealis,Federation of Borealis_5_109,6,System maintenance becomes dependent on Borealis cooperation,True,1.1073966026306152,5.779553800821304,0.451076865196228,0.44152653217315674
660,Federation of Borealis_6_227,Federation of Borealis,Federation of Borealis_5_109,6,Borealis gains exclusive technical leverage over habitat operations,True,1.386218011379242,6.058375209569931,0.3471624255180359,0.26661956310272217
661,Federation of Borealis_6_226,Federation of Borealis,Federation of Borealis_5_109,6,Other crews lose access to critical life support maintenance knowledge,True,1.011052668094635,5.683209866285324,0.4683260917663574,0.5206212401390076
662,Federation of Borealis_4_48,Federation of Borealis,Federation of Borealis_3_21,4,Borealis perceives erosion of its strategic operational advantage,False,1.4267748892307281,4.244900286197662,0.31330251693725586,0.259922593832016
663,Federation of Borealis_5_160,Federation of Borealis,Federation of Borealis_4_48,5,Borealis threatens to restrict rover access for ice extraction missions,True,1.3482586145401,5.5931589007377625,0.28799426555633545,0.36374711990356445
664,Federation of Borealis_5_159,Federation of Borealis,Federation of Borealis_4_48,5,Borealis escalates demands for guaranteed command rotation periods,False,1.2043371200561523,5.449237406253815,0.42856520414352417,0.3670976758003235
665,Federation of Borealis_6_516,Federation of Borealis,Federation of Borealis_5_159,6,Borealis demands written guarantees before accepting any governance framework,True,1.204132616519928,6.653370022773743,0.3441614508628845,0.4517059326171875
666,Federation of Borealis_6_515,Federation of Borealis,Federation of Borealis_5_159,6,Command authority negotiations reach formal impasse,True,1.388948917388916,6.838186323642731,0.26610225439071655,0.34494882822036743
667,Federation of Borealis_6_513,Federation of Borealis,Federation of Borealis_5_159,6,Other crews reject Borealis's rotation demands as unacceptable,True,1.201975554227829,6.651212960481644,0.41790926456451416,0.38011518120765686
668,Federation of Borealis_5_158,Federation of Borealis,Federation of Borealis_4_48,5,Borealis considers withholding technical expertise for its life support systems,False,1.1050513088703156,5.349951595067978,0.41973477602005005,0.4752139151096344
669,Federation of Borealis_6_480,Federation of Borealis,Federation of Borealis_5_158,6,Other crews question reliability of Borealis partnership,True,1.2699214220046997,6.619873017072678,0.35857856273651123,0.37150001525878906
670,Federation of Borealis_6_479,Federation of Borealis,Federation of Borealis_5_158,6,System maintenance becomes a contested operational issue,True,1.0581503808498383,6.408101975917816,0.4788338840007782,0.46301573514938354
671,Federation of Borealis_6_478,Federation of Borealis,Federation of Borealis_5_158,6,Borealis gains negotiating power through technical dependency threat,True,1.3593441843986511,6.709295779466629,0.3430262804031372,0.29762953519821167
672,Federation of Borealis_6_477,Federation of Borealis,Federation of Borealis_5_158,6,Other crews recognize Borealis's leverage over critical systems,True,1.093569040298462,6.44352063536644,0.5143633484840393,0.3920676112174988
673,Federation of Borealis_3_20,Federation of Borealis,Federation of Borealis_2_5,3,Technical disputes arise over ice extraction methodologies,False,1.4557376205921173,3.6056629419326782,0.28603655099868774,0.25822582840919495
674,Federation of Borealis_4_108,Federation of Borealis,Federation of Borealis_3_20,4,Borealis declares its rover operations off-limits to other crews,False,1.2507883608341217,4.8564513027668,0.346980482339859,0.4022311568260193
675,Federation of Borealis_5_329,Federation of Borealis,Federation of Borealis_4_108,5,Other nations view Borealis as violating collaborative survival principles,True,1.148682713508606,6.005134016275406,0.3748839497566223,0.47643333673477173
676,Federation of Borealis_5_328,Federation of Borealis,Federation of Borealis_4_108,5,Inter-crew cooperation framework begins to break down,True,1.345350742340088,6.201802045106888,0.24524307250976562,0.4094061851501465
677,Federation of Borealis_5_327,Federation of Borealis,Federation of Borealis_4_108,5,Borealis establishes unilateral control over essential survival resources,True,1.0132970213890076,5.8697483241558075,0.4988454282283783,0.48785755038261414
678,Federation of Borealis_5_326,Federation of Borealis,Federation of Borealis_4_108,5,Other crews lose access to critical water ice extraction capabilities,True,1.2145848870277405,6.07103618979454,0.39944905042648315,0.38596606254577637
679,Federation of Borealis_4_107,Federation of Borealis,Federation of Borealis_3_20,4,Equipment access becomes contested between competing extraction approaches,False,1.2838177680969238,4.889480710029602,0.40395432710647583,0.31222790479660034
680,Federation of Borealis_5_343,Federation of Borealis,Federation of Borealis_4_107,5,Equipment maintenance schedules conflict with operational priorities,True,1.1641014218330383,6.05358213186264,0.47181379795074463,0.36408478021621704
681,Federation of Borealis_5_342,Federation of Borealis,Federation of Borealis_4_107,5,Technical specifications become classified information between crews,True,1.246538758277893,6.136019468307495,0.4141748547554016,0.3392863869667053
682,Federation of Borealis_5_341,Federation of Borealis,Federation of Borealis_4_107,5,Competing crews attempt to develop alternative extraction techniques,True,1.253790259361267,6.143270969390869,0.4148061275482178,0.33140361309051514
683,Federation of Borealis_5_340,Federation of Borealis,Federation of Borealis_4_107,5,Borealis restricts rover access to protect its extraction methodology,True,1.3237990736961365,6.2132797837257385,0.3220398724079132,0.3541610538959503
684,Federation of Borealis_4_106,Federation of Borealis,Federation of Borealis_3_20,4,Other crews attempt independent ice extraction without Borealis cooperation,False,1.2069376111030579,4.812600553035736,0.4009658694267273,0.39209651947021484
685,Federation of Borealis_5_307,Federation of Borealis,Federation of Borealis_4_106,5,Power consumption increases from inefficient independent extraction methods,True,1.506953164935112,6.319553717970848,0.30769357085227966,0.18535326421260834
686,Federation of Borealis_5_306,Federation of Borealis,Federation of Borealis_4_106,5,Borealis withdraws technical expertise from collaborative habitat operations,True,1.2862504422664642,6.0988509953022,0.33917877078056335,0.3745707869529724
687,Federation of Borealis_5_305,Federation of Borealis,Federation of Borealis_4_106,5,Other crews risk equipment damage in unsupported ice operations,True,1.175868421792984,5.98846897482872,0.4059276282787323,0.4182039499282837
688,Federation of Borealis_5_304,Federation of Borealis,Federation of Borealis_4_106,5,Independent extraction attempts fail without Borealis rover technology,True,1.4084919095039368,6.221092462539673,0.2607475519180298,0.33076053857803345
689,Federation of Borealis_4_105,Federation of Borealis,Federation of Borealis_3_20,4,Borealis withholds technical specifications for its extraction equipment,False,1.6210382729768753,5.2267012149095535,0.21438167989253998,0.16458004713058472
690,Federation of Borealis_5_451,Federation of Borealis,Federation of Borealis_4_105,5,Trust deteriorates between crews regarding operational transparency,True,1.3634541928768158,6.590155407786369,0.2803083062171936,0.3562375009059906
691,Federation of Borealis_5_450,Federation of Borealis,Federation of Borealis_4_105,5,Borealis maintains exclusive technical advantage over resource operations,True,1.4672269374132156,6.693928152322769,0.3348377048969269,0.19793535768985748
692,Federation of Borealis_5_449,Federation of Borealis,Federation of Borealis_4_105,5,Other crews cannot independently verify ice extraction feasibility,True,1.2611376345157623,6.487838849425316,0.382541686296463,0.35632067918777466
693,Federation of Borealis_3_19,Federation of Borealis,Federation of Borealis_2_5,3,Borealis faces pressure to share rover operational control,False,1.0901019275188446,3.2400272488594055,0.4456639885902405,0.4642340838909149
694,Federation of Borealis_4_56,Federation of Borealis,Federation of Borealis_3_19,4,Borealis perceives threats to its exclusive resource extraction advantage,False,1.40999174118042,4.650018990039825,0.30573558807373047,0.2842726707458496
695,Federation of Borealis_5_206,Federation of Borealis,Federation of Borealis_4_56,5,Borealis threatens to restrict geological data sharing with competitors,True,1.3752103447914124,6.025229334831238,0.2955758571624756,0.32921379804611206
696,Federation of Borealis_5_205,Federation of Borealis,Federation of Borealis_4_56,5,Borealis demands formal recognition of its resource extraction monopoly,True,1.3027073740959167,5.952726364135742,0.38467496633529663,0.3126176595687866
697,Federation of Borealis_5_204,Federation of Borealis,Federation of Borealis_4_56,5,Borealis considers withholding rover access from other crews,True,1.1165577471256256,5.766576737165451,0.4186587631702423,0.4647834897041321
698,Federation of Borealis_4_55,Federation of Borealis,Federation of Borealis_3_19,4,Borealis evaluates alternative methods to maintain operational independence,False,1.1363151371479034,4.376342386007309,0.43139082193374634,0.4322940409183502
699,Federation of Borealis_5_166,Federation of Borealis,Federation of Borealis_4_55,5,Borealis assesses feasibility of operating its systems independently from shared controls,False,1.0962920784950256,5.472634464502335,0.44331008195877075,0.4603978395462036
700,Federation of Borealis_6_532,Federation of Borealis,Federation of Borealis_5_166,6,Borealis calculates power requirements for autonomous life support operation,True,1.0392473340034485,6.511881798505783,0.47031402587890625,0.49043864011764526
701,Federation of Borealis_6_531,Federation of Borealis,Federation of Borealis_5_166,6,Borealis identifies potential failure points in independent operation,True,1.4732631146907806,6.945897579193115,0.22947868704795837,0.297258198261261
702,Federation of Borealis_6_530,Federation of Borealis,Federation of Borealis_5_166,6,Borealis discovers technical dependencies preventing system isolation,True,1.4121312201023102,6.884765684604645,0.28972649574279785,0.29814228415489197
703,Federation of Borealis_5_165,Federation of Borealis,Federation of Borealis_4_55,5,Borealis explores unilateral rover deployment to secure ice extraction sites,True,1.2996636033058167,5.676005989313126,0.3384106159210205,0.36192578077316284
704,Federation of Borealis_5_164,Federation of Borealis,Federation of Borealis_4_55,5,Borealis considers withholding technical specifications for its life support systems,True,1.246240496635437,5.622582882642746,0.34584975242614746,0.4079097509384155
705,Federation of Borealis_4_54,Federation of Borealis,Federation of Borealis_3_19,4,Borealis considers rover sharing as compromising its strategic leverage,False,1.2209865748882294,4.461013823747635,0.3738384246826172,0.40517500042915344
706,Federation of Borealis_5_172,Federation of Borealis,Federation of Borealis_4_54,5,Borealis emphasizes hardware contribution arguments more forcefully in discussions,True,1.5009512603282928,5.961965084075928,0.31701111793518066,0.1820376217365265
707,Federation of Borealis_5_171,Federation of Borealis,Federation of Borealis_4_54,5,Borealis seeks alternative leverage mechanisms to maintain negotiating position,True,1.4941273033618927,5.955141127109528,0.26320546865463257,0.24266722798347473
708,Federation of Borealis_5_170,Federation of Borealis,Federation of Borealis_4_54,5,Borealis resists formal agreements that dilute rover control authority,True,1.2043389976024628,5.665352821350098,0.37906304001808167,0.41659796237945557
709,Federation of Borealis_1_2,Federation of Borealis,Federation of Borealis_0_0,1,Rotating command structure proposal creates immediate implementation disputes,False,1.1069099009037018,1.1069099009037018,0.4869053065776825,0.4061847925186157
710,Federation of Borealis_2_8,Federation of Borealis,Federation of Borealis_1_2,2,Borealis insists on longer command periods during ice extraction operations,False,1.250723510980606,2.357633411884308,0.41282176971435547,0.33645471930503845
711,Federation of Borealis_3_30,Federation of Borealis,Federation of Borealis_2_8,3,Borealis threatens to withhold rover operations without extended authority,False,1.1759579479694366,3.5335913598537445,0.37232357263565063,0.4517184793949127
712,Federation of Borealis_4_98,Federation of Borealis,Federation of Borealis_3_30,4,Station operations become dependent on Borealis political demands,False,1.1218652129173279,4.655456572771072,0.4564644694328308,0.4216703176498413
713,Federation of Borealis_5_218,Federation of Borealis,Federation of Borealis_4_98,5,Other crews face operational uncertainty without Borealis cooperation,True,0.9422240853309631,5.5976806581020355,0.49920517206192017,0.5585707426071167
714,Federation of Borealis_5_217,Federation of Borealis,Federation of Borealis_4_98,5,Mission priorities shift toward Borealis geological objectives,True,1.2917452156543732,5.947201788425446,0.40892064571380615,0.2993341386318207
715,Federation of Borealis_5_215,Federation of Borealis,Federation of Borealis_4_98,5,Other nations must negotiate with Borealis for essential operations,True,1.1735618710517883,5.829018443822861,0.3884487748146057,0.43798935413360596
716,Federation of Borealis_4_97,Federation of Borealis,Federation of Borealis_3_30,4,Borealis creates coercive leverage through resource monopolization,False,1.3416677713394165,4.875259131193161,0.36612987518310547,0.292202353477478
717,Federation of Borealis_5_336,Federation of Borealis,Federation of Borealis_4_97,5,Resource extraction becomes weaponized bargaining chip,True,1.494434267282486,6.369693398475647,0.29607588052749634,0.2094898521900177
718,Federation of Borealis_5_335,Federation of Borealis,Federation of Borealis_4_97,5,Borealis forces immediate crisis negotiations under duress,True,1.549171358346939,6.4244304895401,0.1668095588684082,0.2840190827846527
719,Federation of Borealis_5_334,Federation of Borealis,Federation of Borealis_4_97,5,Other nations perceive Borealis as acting in bad faith,True,1.6523829102516174,6.527642041444778,0.15011397004127502,0.19750311970710754
720,Federation of Borealis_4_96,Federation of Borealis,Federation of Borealis_3_30,4,Other crews face immediate water supply crisis without ice extraction,False,1.252245157957077,4.7858365178108215,0.38294196128845215,0.3648128807544708
721,Federation of Borealis_5_294,Federation of Borealis,Federation of Borealis_4_96,5,Other nations lose negotiating leverage against Borealis,True,1.4837662726640701,6.269602790474892,0.22896207869052887,0.287271648645401
722,Federation of Borealis_5_293,Federation of Borealis,Federation of Borealis_4_96,5,Habitat water reserves deplete within calculated timeframe,True,1.5362196564674377,6.322056174278259,0.2251937985420227,0.23858654499053955
723,Federation of Borealis_5_292,Federation of Borealis,Federation of Borealis_4_96,5,Water rationing becomes critically urgent for all personnel,True,1.2405482530593872,6.026384770870209,0.4061332046985626,0.35331854224205017
724,Federation of Borealis_5_291,Federation of Borealis,Federation of Borealis_4_96,5,Other crews must accept Borealis operational demands immediately,True,1.2420800030231476,6.027916520833969,0.38912445306777954,0.3687955439090729
725,Federation of Borealis_3_29,Federation of Borealis,Federation of Borealis_2_8,3,Ice extraction timeline becomes primary dispute over operational scheduling,False,1.3058618009090424,3.66349521279335,0.3655903935432434,0.32854780554771423
726,Federation of Borealis_4_114,Federation of Borealis,Federation of Borealis_3_29,4,Habitat power allocation disputes emerge from extraction equipment demands,False,1.140288531780243,4.803783744573593,0.4793166518211365,0.3803948163986206
727,Federation of Borealis_5_300,Federation of Borealis,Federation of Borealis_4_114,5,Critical life support systems face potential power shortages from overallocation,True,1.0831204950809479,5.886904239654541,0.4334672689437866,0.4834122359752655
728,Federation of Borealis_5_299,Federation of Borealis,Federation of Borealis_4_114,5,Other nations demand equal access to habitat's fixed power capacity,True,1.1970999836921692,6.000883728265762,0.44455981254577637,0.35834020376205444
729,Federation of Borealis_5_298,Federation of Borealis,Federation of Borealis_4_114,5,Borealis threatens to restrict power to non-essential systems of other crews,True,1.022310733795166,5.826094478368759,0.513479471206665,0.46420979499816895
730,Federation of Borealis_4_113,Federation of Borealis,Federation of Borealis_3_29,4,Federation of Borealis threatens to withhold ice extraction cooperation,False,1.4015009701251984,5.064996182918549,0.2664850950241089,0.33201393485069275
731,Federation of Borealis_5_399,Federation of Borealis,Federation of Borealis_4_113,5,Borealis gains significant leverage in command structure negotiations,True,1.4244951009750366,6.489491283893585,0.33285582065582275,0.24264907836914062
732,Federation of Borealis_5_397,Federation of Borealis,Federation of Borealis_4_113,5,Other crews must negotiate without essential water ice resources,True,1.1096087992191315,6.17460498213768,0.4540795087814331,0.4363116919994354
733,Federation of Borealis_4_112,Federation of Borealis,Federation of Borealis_3_29,4,Other crews challenge Borealis's exclusive control over extraction scheduling,False,0.9902992248535156,4.653794437646866,0.520807147026062,0.48889362812042236
734,Federation of Borealis_5_214,Federation of Borealis,Federation of Borealis_4_112,5,Other crews propose alternative extraction scheduling frameworks,True,1.18152517080307,5.835319608449936,0.4298369884490967,0.38863784074783325
735,Federation of Borealis_5_213,Federation of Borealis,Federation of Borealis_4_112,5,Borealis's strategic leverage through rover monopoly becomes contested,True,1.3065945208072662,5.960388958454132,0.3569115400314331,0.33649393916130066
736,Federation of Borealis_5_212,Federation of Borealis,Federation of Borealis_4_112,5,Multiple crews demand joint oversight of ice extraction operations,True,0.9771207571029663,5.630915194749832,0.5352481603622437,0.48763108253479004
737,Federation of Borealis_5_211,Federation of Borealis,Federation of Borealis_4_112,5,Borealis faces coordinated opposition to its resource extraction authority,True,1.2385631203651428,5.892357558012009,0.40020257234573364,0.36123430728912354
738,Federation of Borealis_3_28,Federation of Borealis,Federation of Borealis_2_8,3,Other nations reject Borealis's asymmetric command duration demands,False,1.1650590300559998,3.5226924419403076,0.4272904396057129,0.40765053033828735
739,Federation of Borealis_4_88,Federation of Borealis,Federation of Borealis_3_28,4,Command structure negotiations reach complete deadlock,False,1.4902462661266327,5.01293870806694,0.2283490002155304,0.2814047336578369
740,Federation of Borealis_5_378,Federation of Borealis,Federation of Borealis_4_88,5,Federation of Borealis considers withdrawing from joint decision-making processes,True,1.3075318932533264,6.320470601320267,0.2925466299057007,0.3999214768409729
741,Federation of Borealis_5_377,Federation of Borealis,Federation of Borealis_4_88,5,Other nations begin independent operational planning without Borealis coordination,True,1.126150906085968,6.139089614152908,0.4081488847732544,0.4657002091407776
742,Federation of Borealis_4_87,Federation of Borealis,Federation of Borealis_3_28,4,Borealis threatens to withdraw cooperation on ice extraction operations,False,1.4716872870922089,4.9943797290325165,0.22292834520339966,0.3053843677043915
743,Federation of Borealis_5_368,Federation of Borealis,Federation of Borealis_4_87,5,Borealis positions itself as indispensable for habitat sustainability,True,1.4061901569366455,6.400569885969162,0.31738847494125366,0.27642136812210083
744,Federation of Borealis_5_367,Federation of Borealis,Federation of Borealis_4_87,5,Station water reserves become strategically finite without ice extraction,True,1.443323791027069,6.437703520059586,0.30027925968170166,0.25639694929122925
745,Federation of Borealis_5_366,Federation of Borealis,Federation of Borealis_4_87,5,Other nations recognize Borealis holds critical leverage over survival,True,1.2811271250247955,6.275506854057312,0.3613249957561493,0.3575478792190552
746,Federation of Borealis_2_7,Federation of Borealis,Federation of Borealis_1_2,2,Each nation demands different rotation schedules favoring their priorities,False,1.2957938313484192,2.402703732252121,0.38056081533432007,0.32364535331726074
747,Federation of Borealis_3_36,Federation of Borealis,Federation of Borealis_2_7,3,Operational decisions require unanimous consent creating decision paralysis,False,1.031625658273697,3.434329390525818,0.4538026750087738,0.5145716667175293
748,Federation of Borealis_4_69,Federation of Borealis,Federation of Borealis_3_36,4,Borealis systems operate without coordinated oversight,False,1.2786880135536194,4.713017404079437,0.35180389881134033,0.3695080876350403
749,Federation of Borealis_5_243,Federation of Borealis,Federation of Borealis_4_69,5,Critical system failures occur without coordinated response protocols,True,1.319044440984726,6.032061845064163,0.27969181537628174,0.4012637436389923
750,Federation of Borealis_5_242,Federation of Borealis,Federation of Borealis_4_69,5,Other nations cannot verify Borealis system status independently,True,1.4383638799190521,6.151381283998489,0.2553022801876068,0.30633383989334106
751,Federation of Borealis_5_241,Federation of Borealis,Federation of Borealis_4_69,5,Borealis crew makes unilateral adjustments to life support parameters,True,0.962055116891861,5.675072520971298,0.49065837264060974,0.5472865104675293
752,Federation of Borealis_4_68,Federation of Borealis,Federation of Borealis_3_36,4,Emergency response protocols become ineffective,False,1.4130232483148575,4.847352638840675,0.21416492760181427,0.37281182408332825
753,Federation of Borealis_5_318,Federation of Borealis,Federation of Borealis_4_68,5,Equipment malfunctions threaten crew safety across all nations,True,1.1680245399475098,6.015377178788185,0.399189829826355,0.43278563022613525
754,Federation of Borealis_5_317,Federation of Borealis,Federation of Borealis_4_68,5,Borealis life support systems operate without unified emergency protocols,True,1.0941812694072723,5.941533908247948,0.38890472054481506,0.5169140100479126
755,Federation of Borealis_5_316,Federation of Borealis,Federation of Borealis_4_68,5,Critical system failures escalate without coordinated response,True,1.3478308022022247,6.1951834410429,0.28864842653274536,0.3635207712650299
756,Federation of Borealis_4_67,Federation of Borealis,Federation of Borealis_3_36,4,Critical life support decisions face dangerous delays,False,1.1429930329322815,4.577322423458099,0.3214218020439148,0.5355851650238037
757,Federation of Borealis_5_196,Federation of Borealis,Federation of Borealis_4_67,5,Thermal regulation system cannot respond to equipment overheating events,True,1.43064746260643,6.007969886064529,0.32196104526519775,0.2473914921283722
758,Federation of Borealis_5_195,Federation of Borealis,Federation of Borealis_4_67,5,Water recycling module experiences cascading filtration failures,True,1.555834800004959,6.1331572234630585,0.26036521792411804,0.18379998207092285
759,Federation of Borealis_5_194,Federation of Borealis,Federation of Borealis_4_67,5,Oxygen generation efficiency decreases due to delayed maintenance protocols,True,1.4233583807945251,6.0006808042526245,0.26366478204727173,0.3129768371582031
760,Federation of Borealis_5_193,Federation of Borealis,Federation of Borealis_4_67,5,CO2 scrubbing system parameters drift beyond safe operational limits,True,1.2832022607326508,5.86052468419075,0.39919379353523254,0.3176039457321167
761,Federation of Borealis_3_35,Federation of Borealis,Federation of Borealis_2_7,3,Federation of Borealis prioritizes its geological mission scheduling demands,False,1.1601523160934448,3.562856048345566,0.45547664165496826,0.3843710422515869
762,Federation of Borealis_4_101,Federation of Borealis,Federation of Borealis_3_35,4,Borealis insists on longer EVA durations for crater exploration,False,1.5755959749221802,5.138452023267746,0.19262012839317322,0.2317838966846466
763,Federation of Borealis_5_422,Federation of Borealis,Federation of Borealis_4_101,5,Longer missions require additional life support consumables per EVA,True,0.9977248907089233,6.136176913976669,0.43677181005477905,0.5655032992362976
764,Federation of Borealis_5_421,Federation of Borealis,Federation of Borealis_4_101,5,Borealis demands priority access to airlock scheduling,True,1.405263751745224,6.54371577501297,0.2793738842010498,0.3153623640537262
765,Federation of Borealis_5_420,Federation of Borealis,Federation of Borealis_4_101,5,Other nations object to disproportionate EVA time allocation,True,1.2531701922416687,6.391622215509415,0.3607662320137024,0.3860635757446289
766,Federation of Borealis_5_419,Federation of Borealis,Federation of Borealis_4_101,5,Extended EVAs increase power consumption beyond allocated limits,True,1.478957086801529,6.617409110069275,0.28762781620025635,0.23341509699821472
767,Federation of Borealis_4_100,Federation of Borealis,Federation of Borealis_3_35,4,Borealis requests priority power allocation for geological equipment,False,1.2011657357215881,4.764021784067154,0.5071420669555664,0.29169219732284546
768,Federation of Borealis_5_275,Federation of Borealis,Federation of Borealis_4_100,5,Federation of Borealis calculates specific power requirements for rover operations,True,1.1813021302223206,5.9453239142894745,0.43707457184791565,0.3816232979297638
769,Federation of Borealis_5_274,Federation of Borealis,Federation of Borealis_4_100,5,Borealis threatens to withhold ice extraction operations,True,1.5053219646215439,6.269343748688698,0.23001180589199066,0.26466622948646545
770,Federation of Borealis_5_273,Federation of Borealis,Federation of Borealis_4_100,5,Power allocation dispute escalates between competing mission priorities,True,1.0852129757404327,5.849234759807587,0.4935377240180969,0.42124930024147034
771,Federation of Borealis_5_272,Federation of Borealis,Federation of Borealis_4_100,5,Other nations view geological equipment as non-essential to survival,True,1.1386874318122864,5.90270921587944,0.4986509084701538,0.3626616597175598
772,Federation of Borealis_4_99,Federation of Borealis,Federation of Borealis_3_35,4,Borealis demands extended rover operation windows for ice extraction,False,1.4805107712745667,5.0433668196201324,0.2619936466217041,0.25749558210372925
773,Federation of Borealis_5_389,Federation of Borealis,Federation of Borealis_4_99,5,Extended operations increase risk of rover failure beyond rescue capability,True,1.0982609689235687,6.141627788543701,0.3773188889026642,0.5244201421737671
774,Federation of Borealis_5_388,Federation of Borealis,Federation of Borealis_4_99,5,Rover operation scheduling conflicts with other crews' planned surface activities,True,1.008350908756256,6.0517177283763885,0.48706257343292236,0.5045865178108215
775,Federation of Borealis_5_387,Federation of Borealis,Federation of Borealis_4_99,5,Other nations view extended ice extraction as Borealis establishing de facto resource control,True,1.1980091035366058,6.241375923156738,0.416421502828598,0.38556939363479614
776,Federation of Borealis_5_386,Federation of Borealis,Federation of Borealis_4_99,5,Extended rover operations require proportionally increased power allocation from shared systems,True,1.073658972978592,6.117025792598724,0.4887985289096832,0.43754249811172485
777,Federation of Borealis_3_34,Federation of Borealis,Federation of Borealis_2_7,3,Command authority remains undefined while crews await resolution,False,1.124576449394226,3.527280181646347,0.45516806840896606,0.42025548219680786
778,Federation of Borealis_4_92,Federation of Borealis,Federation of Borealis_3_34,4,Resource consumption continues at unsustainable three-crew levels,False,1.4443157017230988,4.971595883369446,0.307394802570343,0.24828949570655823
779,Federation of Borealis_5_362,Federation of Borealis,Federation of Borealis_4_92,5,Power distribution grid operates beyond safe operational parameters,True,1.3148908019065857,6.2864866852760315,0.3582976460456848,0.3268115520477295
780,Federation of Borealis_5_361,Federation of Borealis,Federation of Borealis_4_92,5,Water recycling system reaches maximum processing limits,True,1.513765037059784,6.48536092042923,0.2887035012245178,0.19753146171569824
781,Federation of Borealis_5_360,Federation of Borealis,Federation of Borealis_4_92,5,Oxygen generation capacity becomes insufficient for twelve personnel,True,1.326420247554779,6.298016130924225,0.31296175718307495,0.360617995262146
782,Federation of Borealis_5_358,Federation of Borealis,Federation of Borealis_4_92,5,Life support systems approach critical failure thresholds within days,True,1.2612977027893066,6.232893586158752,0.2872445285320282,0.45145776867866516
783,Federation of Borealis_4_91,Federation of Borealis,Federation of Borealis_3_34,4,Federation of Borealis begins unilateral management of contributed systems,False,1.2486337721347809,4.775913953781128,0.3740489184856415,0.37731730937957764
784,Federation of Borealis_5_282,Federation of Borealis,Federation of Borealis_4_91,5,Other crews must negotiate for basic life support access,True,0.8358393311500549,5.611753284931183,0.5316996574401855,0.6324610114097595
785,Federation of Borealis_5_281,Federation of Borealis,Federation of Borealis_4_91,5,System integration becomes dependent on Borealis operational priorities,True,1.1788630187511444,5.954776972532272,0.44325172901153564,0.37788525223731995
786,Federation of Borealis_4_90,Federation of Borealis,Federation of Borealis_3_34,4,Critical habitat operations proceed without coordinated oversight,False,1.0169679522514343,4.544248133897781,0.47232431173324585,0.5107077360153198
787,Federation of Borealis_5_192,Federation of Borealis,Federation of Borealis_4_90,5,Resource consumption patterns become untracked across three separate operations,True,1.3898783922195435,5.934126526117325,0.32816797494888306,0.2819536328315735
788,Federation of Borealis_5_191,Federation of Borealis,Federation of Borealis_4_90,5,Borealis crew prioritizes protecting its contributed hardware systems,True,1.1436457335948944,5.687893867492676,0.4899803400039673,0.3663739264011383
789,Federation of Borealis_5_190,Federation of Borealis,Federation of Borealis_4_90,5,Multiple crews independently adjust life support parameters simultaneously,False,0.8571019768714905,5.401350110769272,0.5699813365936279,0.5729166865348816
790,Federation of Borealis_6_494,Federation of Borealis,Federation of Borealis_5_190,6,Habitat's integrated control system generates error states from competing inputs,True,1.2545275688171387,6.6558776795864105,0.3542172312736511,0.3912551999092102
791,Federation of Borealis_6_493,Federation of Borealis,Federation of Borealis_5_190,6,Borealis systems receive contradictory operational commands from multiple sources,True,1.3481552302837372,6.749505341053009,0.3565622866153717,0.2952824831008911
792,Federation of Borealis_6_492,Federation of Borealis,Federation of Borealis_5_190,6,Life support system parameters conflict with each other,True,1.0734970569610596,6.474847167730331,0.42072683572769165,0.5057761073112488
793,Federation of Borealis_2_6,Federation of Borealis,Federation of Borealis_1_2,2,Command rotation intervals become contested between the three nations,False,1.1663780808448792,2.273287981748581,0.43252506852149963,0.4010968506336212
794,Federation of Borealis_3_24,Federation of Borealis,Federation of Borealis_2_6,3,Borealis argues for longer intervals to complete geological extraction cycles,False,1.4701310247182846,3.7434190064668655,0.3136826753616333,0.2161862999200821
795,Federation of Borealis_4_117,Federation of Borealis,Federation of Borealis_3_24,4,Borealis links command authority directly to resource production cycles,False,1.0827465653419495,4.826165571808815,0.5522415637969971,0.36501187086105347
796,Federation of Borealis_5_311,Federation of Borealis,Federation of Borealis_4_117,5,Borealis threatens to withhold ice extraction during others' command periods,True,1.1828899085521698,6.009055480360985,0.40866565704345703,0.40844443440437317
797,Federation of Borealis_5_310,Federation of Borealis,Federation of Borealis_4_117,5,Command transitions become dependent on geological mission timelines,True,0.986301839351654,5.812467411160469,0.5523083209991455,0.46138983964920044
798,Federation of Borealis_5_309,Federation of Borealis,Federation of Borealis_4_117,5,Other nations reject productivity-based command allocation as self-serving,True,1.15804785490036,5.984213426709175,0.4807448387145996,0.3612073063850403
799,Federation of Borealis_4_116,Federation of Borealis,Federation of Borealis_3_24,4,Geological extraction timeline becomes basis for operational scheduling disputes,False,1.1788082718849182,4.922227278351784,0.4548974633216858,0.366294264793396
800,Federation of Borealis_5_346,Federation of Borealis,Federation of Borealis_4_116,5,Scheduling conflicts emerge over habitat power allocation for geological equipment,True,1.057305097579956,5.97953237593174,0.5318938493728638,0.4108010530471802
801,Federation of Borealis_5_345,Federation of Borealis,Federation of Borealis_4_116,5,Borealis demands priority access to rover operations for extraction missions,True,1.150694727897644,6.072922006249428,0.4295019507408142,0.41980332136154175
802,Federation of Borealis_5_344,Federation of Borealis,Federation of Borealis_4_116,5,Other nations challenge Borealis's geological mission as non-essential to survival,True,1.1712136268615723,6.093440905213356,0.42028141021728516,0.4085049629211426
803,Federation of Borealis_4_115,Federation of Borealis,Federation of Borealis_3_24,4,Other nations perceive Borealis as seeking disproportionate command duration,False,1.106447845697403,4.8498668521642685,0.46763837337493896,0.4259137809276581
804,Federation of Borealis_5_325,Federation of Borealis,Federation of Borealis_4_115,5,Negotiations over command structure reach impasse,True,1.30199533700943,6.151862189173698,0.3217977285385132,0.3762069344520569
805,Federation of Borealis_5_324,Federation of Borealis,Federation of Borealis_4_115,5,Other nations question Federation of Borealis true motivations for cooperation,True,1.3758626878261566,6.225729539990425,0.29349368810653687,0.3306436240673065
806,Federation of Borealis_5_323,Federation of Borealis,Federation of Borealis_4_115,5,Trust between Federation of Borealis and other crews deteriorates,True,1.3356527388095856,6.185519590973854,0.29433301091194153,0.3700142502784729
807,Federation of Borealis_5_322,Federation of Borealis,Federation of Borealis_4_115,5,Other nations form coalition against Federation of Borealis command proposals,True,1.3418695032596588,6.191736355423927,0.3038276433944702,0.35430285334587097
808,Federation of Borealis_3_23,Federation of Borealis,Federation of Borealis_2_6,3,Disagreement over rotation timing prevents implementation of any command structure,False,1.2983680963516235,3.5716560781002045,0.38963907957077026,0.3119928240776062
809,Federation of Borealis_4_104,Federation of Borealis,Federation of Borealis_3_23,4,Federation of Borealis prioritizes protecting its contributed life support hardware,False,1.075590193271637,4.647246271371841,0.47504693269729614,0.4493628740310669
810,Federation of Borealis_5_203,Federation of Borealis,Federation of Borealis_4_104,5,Borealis refuses to share technical specifications with other nations,True,1.4762816727161407,6.123527944087982,0.2389715015888214,0.28474682569503784
811,Federation of Borealis_5_202,Federation of Borealis,Federation of Borealis_4_104,5,Borealis positions personnel near critical hardware systems,True,1.1747098863124847,5.821956157684326,0.4736343324184418,0.3516557812690735
812,Federation of Borealis_5_201,Federation of Borealis,Federation of Borealis_4_104,5,Borealis restricts other crews' access to life support controls,True,0.8862141966819763,5.533460468053818,0.5131304860115051,0.6006553173065186
813,Federation of Borealis_4_103,Federation of Borealis,Federation of Borealis_3_23,4,Critical habitat systems require immediate coordination that becomes impossible,False,1.1398747861385345,4.711530864238739,0.40048450231552124,0.4596407115459442
814,Federation of Borealis_5_240,Federation of Borealis,Federation of Borealis_4_103,5,Critical system maintenance schedules become uncoordinated between competing crews,True,1.1616150736808777,5.873145937919617,0.43128886818885803,0.4070960581302643
815,Federation of Borealis_5_239,Federation of Borealis,Federation of Borealis_4_103,5,Borealis crew assumes direct control over its contributed hardware systems,True,1.0052372813224792,5.716768145561218,0.591188907623291,0.40357381105422974
816,Federation of Borealis_5_238,Federation of Borealis,Federation of Borealis_4_103,5,Life support systems begin operating without unified oversight protocols,True,1.030916154384613,5.742447018623352,0.4130339026451111,0.5560499429702759
817,Federation of Borealis_4_102,Federation of Borealis,Federation of Borealis_3_23,4,Each nation begins making unilateral operational decisions independently,False,1.2060564756393433,4.777712553739548,0.3879321217536926,0.4060114026069641
818,Federation of Borealis_5_283,Federation of Borealis,Federation of Borealis_4_102,5,Conflicting commands are issued to the same habitat systems simultaneously,True,1.1773411631584167,5.9550537168979645,0.43541932106018066,0.3872395157814026
819,Federation of Borealis_3_22,Federation of Borealis,Federation of Borealis_2_6,3,Each nation proposes rotation intervals favoring their own operational priorities,False,1.1436841785907745,3.4169721603393555,0.4715491831302643,0.3847666382789612
820,Federation of Borealis_4_63,Federation of Borealis,Federation of Borealis_3_22,4,Each nation's interval proposals reflect their mission-critical activities,False,1.200385957956314,4.6173581182956696,0.3902136981487274,0.4094003438949585
821,Federation of Borealis_5_199,Federation of Borealis,Federation of Borealis_4_63,5,Each nation's technical requirements drive conflicting rotation timing,True,1.2243791222572327,5.841737240552902,0.41460558772087097,0.36101529002189636
822,Federation of Borealis_5_198,Federation of Borealis,Federation of Borealis_4_63,5,Mission-critical activities create incompatible scheduling demands across nations,True,1.1408571302890778,5.758215248584747,0.40637123584747314,0.4527716338634491
823,Federation of Borealis_5_197,Federation of Borealis,Federation of Borealis_4_63,5,Borealis proposes intervals maximizing its geological extraction operations,True,1.4562716484069824,6.073629766702652,0.3178505599498749,0.2258777916431427
824,Federation of Borealis_4_62,Federation of Borealis,Federation of Borealis_3_22,4,Rotation timing negotiations stall over incompatible operational requirements,False,1.3708290457725525,4.787801206111908,0.3075447082519531,0.3216262459754944
825,Federation of Borealis_5_297,Federation of Borealis,Federation of Borealis_4_62,5,Each nation begins independent contingency planning without coordination,True,1.204157531261444,5.991958737373352,0.3583492040634155,0.4374932646751404
826,Federation of Borealis_5_296,Federation of Borealis,Federation of Borealis_4_62,5,Operational deadlock prevents critical habitat maintenance scheduling,True,1.1748594343662262,5.962660640478134,0.4067985713481903,0.4183419942855835
827,Federation of Borealis_5_295,Federation of Borealis,Federation of Borealis_4_62,5,Federation of Borealis threatens unilateral control of life support systems,True,0.891183614730835,5.678984820842743,0.49180465936660767,0.6170117259025574
828,Federation of Borealis_4_61,Federation of Borealis,Federation of Borealis_3_22,4,Borealis proposes intervals prioritizing extended geological survey operations,False,1.30577751994133,4.722749680280685,0.39229071140289307,0.301931768655777
829,Federation of Borealis_5_257,Federation of Borealis,Federation of Borealis_4_61,5,Command rotation timing disputes intensify over operational priorities,True,1.2036564946174622,5.926406174898148,0.43314409255981445,0.3631994128227234
830,Federation of Borealis_5_255,Federation of Borealis,Federation of Borealis_4_61,5,Other nations reject Borealis's proposed geological survey intervals,True,1.4471112489700317,6.169860929250717,0.28787660598754883,0.26501214504241943
831,Federation of Borealis_1_1,Federation of Borealis,Federation of Borealis_0_0,1,Other nations reject Borealis's co-equal authority claims,False,1.211799144744873,1.211799144744873,0.3961467146873474,0.39205414056777954
832,Federation of Borealis_2_11,Federation of Borealis,Federation of Borealis_1_1,2,Borealis considers unilateral control of its life support systems,False,0.896449089050293,2.108248233795166,0.5229803323745728,0.5805705785751343
833,Federation of Borealis_3_18,Federation of Borealis,Federation of Borealis_2_11,3,Station operational security becomes dependent on Borealis cooperation,False,1.0439879298210144,3.1522361636161804,0.4637834429740906,0.492228627204895
834,Federation of Borealis_4_53,Federation of Borealis,Federation of Borealis_3_18,4,Critical system maintenance requires Borealis technical consent,True,1.1163250505924225,4.268561214208603,0.44501549005508423,0.4386594593524933
835,Federation of Borealis_4_52,Federation of Borealis,Federation of Borealis_3_18,4,Borealis gains leverage over station-wide operational decisions,False,1.3403720259666443,4.492608189582825,0.3873831033706665,0.2722448706626892
836,Federation of Borealis_5_181,Federation of Borealis,Federation of Borealis_4_52,5,Station command structure shifts toward Borealis-centric coordination,True,1.20712548494339,5.699733674526215,0.4556717276573181,0.337202787399292
837,Federation of Borealis_5_180,Federation of Borealis,Federation of Borealis_4_52,5,Borealis can effectively veto operational changes affecting life support,False,0.9761431515216827,5.4687513411045074,0.4734984338283539,0.5503584146499634
838,Federation of Borealis_6_523,Federation of Borealis,Federation of Borealis_5_180,6,Other nations lose autonomous control over their operational procedures,True,0.9887714385986328,6.45752277970314,0.4640057682991028,0.5472227931022644
839,Federation of Borealis_6_522,Federation of Borealis,Federation of Borealis_5_180,6,Decision-making authority shifts toward Borealis despite equal crew status,True,0.952700138092041,6.4214514791965485,0.5766938328742981,0.4706060290336609
840,Federation of Borealis_6_521,Federation of Borealis,Federation of Borealis_5_180,6,Borealis becomes the de facto gatekeeper for station modifications,True,1.2046916484832764,6.673442989587784,0.42348289489746094,0.3718254566192627
841,Federation of Borealis_5_179,Federation of Borealis,Federation of Borealis_4_52,5,Other nations must negotiate through Borealis for critical decisions,True,1.3098509907722473,5.802459180355072,0.3067707419395447,0.383378267288208
842,Federation of Borealis_4_51,Federation of Borealis,Federation of Borealis_3_18,4,Other nations must negotiate with Borealis for continued life support,False,1.1817562282085419,4.333992391824722,0.337766170501709,0.48047760128974915
843,Federation of Borealis_5_163,Federation of Borealis,Federation of Borealis_4_51,5,Borealis becomes the de facto arbiter of station operations,False,1.089840590953827,5.423832982778549,0.5016876459121704,0.4084717631340027
844,Federation of Borealis_6_505,Federation of Borealis,Federation of Borealis_5_163,6,Resource distribution follows Borealis's strategic preferences exclusively,True,1.4520622193813324,6.875895202159882,0.3447287082672119,0.2032090723514557
845,Federation of Borealis_6_504,Federation of Borealis,Federation of Borealis_5_163,6,Borealis controls access to critical station operational data,True,1.1650561392307281,6.588889122009277,0.43436333537101746,0.4005805253982544
846,Federation of Borealis_6_503,Federation of Borealis,Federation of Borealis_5_163,6,Other nations' mission objectives become subordinate to Borealis priorities,True,1.198998898267746,6.622831881046295,0.40799200534820557,0.39300909638404846
847,Federation of Borealis_6_502,Federation of Borealis,Federation of Borealis_5_163,6,Borealis gains unilateral authority over crew selection decisions,True,1.0745065808296204,6.4983395636081696,0.4896405339241028,0.43585288524627686
848,Federation of Borealis_5_162,Federation of Borealis,Federation of Borealis_4_51,5,Other nations offer concessions to maintain life support access,False,1.1383062601089478,5.47229865193367,0.34430718421936035,0.5173865556716919
849,Federation of Borealis_6_528,Federation of Borealis,Federation of Borealis_5_162,6,Concessions establish Borealis's preferential resource allocation rights,True,1.2454072535037994,6.7177059054374695,0.41218411922454834,0.3424086272716522
850,Federation of Borealis_6_527,Federation of Borealis,Federation of Borealis_5_162,6,Borealis gains negotiating leverage over station operations,True,1.5428749918937683,7.015173643827438,0.2735725939273834,0.18355241417884827
851,Federation of Borealis_5_161,Federation of Borealis,Federation of Borealis_4_51,5,Borealis gains leverage over crew selection decisions,True,1.3652936220169067,5.699286013841629,0.3738977313041687,0.26080864667892456
852,Federation of Borealis_3_17,Federation of Borealis,Federation of Borealis_2_11,3,Borealis begins restricting access to its system control interfaces,False,1.408743530511856,3.516991764307022,0.2792799472808838,0.31197652220726013
853,Federation of Borealis_4_83,Federation of Borealis,Federation of Borealis_3_17,4,Other nations perceive this as hostile escalation,False,1.5171947628259659,5.034186527132988,0.24656832218170166,0.23623691499233246
854,Federation of Borealis_5_381,Federation of Borealis,Federation of Borealis_4_83,5,Other nations question Borealis crew's fitness for cooperation,True,1.0662410855293274,6.100427612662315,0.4347931146621704,0.4989657998085022
855,Federation of Borealis_5_380,Federation of Borealis,Federation of Borealis_4_83,5,Other nations threaten to override Borealis system controls,True,1.1409114003181458,6.175097927451134,0.40024533867836,0.45884326100349426
856,Federation of Borealis_4_82,Federation of Borealis,Federation of Borealis_3_17,4,System diagnostics become inaccessible to non-Borealis personnel,False,1.3317345082759857,4.848726272583008,0.31928691267967224,0.34897857904434204
857,Federation of Borealis_5_321,Federation of Borealis,Federation of Borealis_4_82,5,Technical troubleshooting becomes dependent on Borealis crew cooperation,True,1.034081757068634,5.882808029651642,0.48056381940841675,0.4853544235229492
858,Federation of Borealis_5_320,Federation of Borealis,Federation of Borealis_4_82,5,Non-Borealis personnel lose ability to verify system performance independently,True,1.1726544797420502,6.021380752325058,0.39074304699897766,0.43660247325897217
859,Federation of Borealis_4_81,Federation of Borealis,Federation of Borealis_3_17,4,Borealis gains unilateral control over CO2 scrubbing operations,False,1.2126349210739136,4.729626685380936,0.46531689167022705,0.3220481872558594
860,Federation of Borealis_5_261,Federation of Borealis,Federation of Borealis_4_81,5,Atmospheric monitoring data becomes exclusively available to Federation of Borealis,True,1.6302261352539062,6.359852820634842,0.16793712973594666,0.2018367350101471
861,Federation of Borealis_5_260,Federation of Borealis,Federation of Borealis_4_81,5,Federation of Borealis gains leverage over crew selection decisions,True,1.305544674396515,6.035171359777451,0.38788843154907227,0.30656689405441284
862,Federation of Borealis_5_259,Federation of Borealis,Federation of Borealis_4_81,5,Other nations lose direct control over critical life support functions,True,0.8640941381454468,5.5937208235263824,0.5013868808746338,0.6345189809799194
863,Federation of Borealis_5_258,Federation of Borealis,Federation of Borealis_4_81,5,Federation of Borealis can regulate atmospheric composition for all habitat occupants,True,1.4044674634933472,6.134094148874283,0.3019263744354248,0.293606162071228
864,Federation of Borealis_4_80,Federation of Borealis,Federation of Borealis_3_17,4,Other crews lose ability to monitor critical life support parameters,False,0.9707348942756653,4.487726658582687,0.4693983197212219,0.5598667860031128
865,Federation of Borealis_5_178,Federation of Borealis,Federation of Borealis_4_80,5,Other crews lose independent safety oversight capability,False,0.9835665225982666,5.471293181180954,0.4621086120605469,0.5543248653411865
866,Federation of Borealis_6_526,Federation of Borealis,Federation of Borealis_5_178,6,Other crews lose ability to detect potential system failures autonomously,True,1.1676138043403625,6.6389069855213165,0.3971300721168518,0.43525612354278564
867,Federation of Borealis_6_524,Federation of Borealis,Federation of Borealis_5_178,6,Other crews must rely entirely on Federation of Borealis for system status information,True,1.10928413271904,6.580577313899994,0.46712982654571533,0.42358604073524475
868,Federation of Borealis_5_177,Federation of Borealis,Federation of Borealis_4_80,5,Other crews must rely on Borealis for all system diagnostics,True,1.1926774680614471,5.6804041266441345,0.44578322768211365,0.3615393042564392
869,Federation of Borealis_5_176,Federation of Borealis,Federation of Borealis_4_80,5,Other crews cannot verify life support system operational status,True,1.0701859891414642,5.557912647724152,0.41915759444236755,0.5106564164161682
870,Federation of Borealis_3_16,Federation of Borealis,Federation of Borealis_2_11,3,Other nations perceive Borealis as escalating toward system sabotage,False,1.4241262376308441,3.53237447142601,0.28176939487457275,0.29410436749458313
871,Federation of Borealis_4_95,Federation of Borealis,Federation of Borealis_3_16,4,Other nations consider preemptive action to secure critical systems,False,1.2802226841449738,4.812597155570984,0.3278543949127197,0.3919229209423065
872,Federation of Borealis_5_303,Federation of Borealis,Federation of Borealis_4_95,5,Physical access restrictions to critical system components are implemented,True,1.2448023855686188,6.057399541139603,0.3750974237918854,0.38010019063949585
873,Federation of Borealis_5_302,Federation of Borealis,Federation of Borealis_4_95,5,Other nations begin coordinating joint operational procedures excluding Borealis,True,1.0821720361709595,5.894769191741943,0.4176516532897949,0.5001763105392456
874,Federation of Borealis_5_301,Federation of Borealis,Federation of Borealis_4_95,5,Federation of Borealis perceives imminent threat to its personnel safety,True,1.2519333958625793,6.064530551433563,0.3252861797809601,0.42278042435646057
875,Federation of Borealis_4_94,Federation of Borealis,Federation of Borealis_3_16,4,Other nations start developing contingency plans excluding Borealis crew,False,1.1311846375465393,4.663559108972549,0.390553742647171,0.4782616198062897
876,Federation of Borealis_5_221,Federation of Borealis,Federation of Borealis_4_94,5,Borealis accelerates defensive preparations for its life support systems,True,1.3123701810836792,5.975929290056229,0.3389902114868164,0.3486396074295044
877,Federation of Borealis_5_220,Federation of Borealis,Federation of Borealis_4_94,5,Borealis interprets exclusion planning as existential threat to crew,True,1.06832617521286,5.7318852841854095,0.42725902795791626,0.5044147968292236
878,Federation of Borealis_5_219,Federation of Borealis,Federation of Borealis_4_94,5,Borealis detects coordination patterns suggesting crew exclusion planning,True,1.204946905374527,5.868506014347076,0.38357532024383545,0.4114777743816376
879,Federation of Borealis_4_93,Federation of Borealis,Federation of Borealis_3_16,4,Other nations begin coordinating defensive countermeasures against Borealis,False,1.4094493389129639,4.941823810338974,0.26900821924209595,0.3215424418449402
880,Federation of Borealis_5_353,Federation of Borealis,Federation of Borealis_4_93,5,Borealis perceives itself as facing a coordinated threat from two hostile nations,True,1.3011404871940613,6.242964297533035,0.3206523060798645,0.3782072067260742
881,Federation of Borealis_3_15,Federation of Borealis,Federation of Borealis_2_11,3,Borealis threatens to disable its contributed life support systems,False,1.267878532409668,3.376126766204834,0.3169631361961365,0.41515833139419556
882,Federation of Borealis_4_60,Federation of Borealis,Federation of Borealis_3_15,4,Other crews must evaluate Borealis's technical capability to execute threats,False,1.096068412065506,4.47219517827034,0.44549980759620667,0.45843178033828735
883,Federation of Borealis_5_175,Federation of Borealis,Federation of Borealis_4_60,5,Other crews calculate survival probability under various threat scenarios,True,1.031482458114624,5.503677636384964,0.44974422454833984,0.5187733173370361
884,Federation of Borealis_5_174,Federation of Borealis,Federation of Borealis_4_60,5,Other crews identify potential countermeasures to Borealis threats,True,1.3092580437660217,5.781453222036362,0.3512352406978607,0.33950671553611755
885,Federation of Borealis_5_173,Federation of Borealis,Federation of Borealis_4_60,5,Other crews conduct technical assessment of Borealis system dependencies,True,1.1253651678562164,5.597560346126556,0.482563853263855,0.3920709788799286
886,Federation of Borealis_4_59,Federation of Borealis,Federation of Borealis_3_15,4,The habitat's integrated life support becomes a contested control point,False,0.7776511311531067,4.153777897357941,0.5645802617073059,0.6577686071395874
887,Federation of Borealis_5_154,Federation of Borealis,Federation of Borealis_4_59,5,Critical system maintenance becomes impossible during standoff,False,1.249152660369873,5.402930557727814,0.3415006399154663,0.40934669971466064
888,Federation of Borealis_6_497,Federation of Borealis,Federation of Borealis_5_154,6,Habitat atmospheric composition begins drifting outside safe parameters,True,1.5317238867282867,6.9346544444561005,0.20189151167869568,0.2663846015930176
889,Federation of Borealis_6_496,Federation of Borealis,Federation of Borealis_5_154,6,Federation of Borealis loses technical oversight of its contributed systems,True,1.247617483139038,6.650548040866852,0.35824698209762573,0.3941355347633362
890,Federation of Borealis_6_495,Federation of Borealis,Federation of Borealis_5_154,6,Life support system degradation accelerates without coordinated maintenance protocols,True,1.17766672372818,6.580597281455994,0.36063069105148315,0.4617025852203369
891,Federation of Borealis_5_153,Federation of Borealis,Federation of Borealis_4_59,5,Other nations deploy countermeasures to prevent system manipulation,False,1.2378010749816895,5.39157897233963,0.3847119212150574,0.3774870038032532
892,Federation of Borealis_6_487,Federation of Borealis,Federation of Borealis_5_153,6,System monitoring and override capabilities are contested among crews,True,0.8965541124343872,6.288133084774017,0.5580657720565796,0.5453801155090332
893,Federation of Borealis_6_485,Federation of Borealis,Federation of Borealis_5_153,6,Technical sabotage of habitat systems becomes a mutual threat,True,1.2275823950767517,6.619161367416382,0.3788856267929077,0.3935319781303406
894,Federation of Borealis_5_152,Federation of Borealis,Federation of Borealis_4_59,5,Borealis positions personnel at its contributed system components,False,1.1489521265029907,5.302730023860931,0.5006157159805298,0.3504321575164795
895,Federation of Borealis_6_464,Federation of Borealis,Federation of Borealis_5_152,6,Other nations position their personnel near remaining critical systems,True,1.0588386356830597,6.361568659543991,0.46650245785713196,0.47465890645980835
896,Federation of Borealis_6_463,Federation of Borealis,Federation of Borealis_5_152,6,The habitat's operational zones become physically contested territory,True,1.0901593267917633,6.392889350652695,0.4284932613372803,0.4813474118709564
897,Federation of Borealis_6_461,Federation of Borealis,Federation of Borealis_5_152,6,Other crews perceive Borealis's positioning as hostile escalation,True,1.2229554951190948,6.525685518980026,0.41917794942855835,0.3578665554523468
898,Federation of Borealis_5_151,Federation of Borealis,Federation of Borealis_4_59,5,Physical confrontation over system access points becomes likely,True,1.373497635126114,5.527275532484055,0.2865409851074219,0.33996137976646423
899,Federation of Borealis_5_150,Federation of Borealis,Federation of Borealis_4_59,5,All three crews attempt simultaneous access to life support controls,False,0.9196479320526123,5.073425829410553,0.5090965032577515,0.5712555646896362
900,Federation of Borealis_6_404,Federation of Borealis,Federation of Borealis_5_150,6,The habitat's unified control system receives conflicting simultaneous commands,True,1.0483409762382507,6.121766805648804,0.49805140495300293,0.45360761880874634
901,Federation of Borealis_6_403,Federation of Borealis,Federation of Borealis_5_150,6,Physical interference occurs between competing crew members at control panels,True,1.0951389372348785,6.1685647666454315,0.44542720913887024,0.4594338536262512
902,Federation of Borealis_4_58,Federation of Borealis,Federation of Borealis_3_15,4,Borealis escalates from negotiation to coercive leverage tactics,False,1.567965641617775,4.944092407822609,0.21954680979251862,0.21248754858970642
903,Federation of Borealis_5_356,Federation of Borealis,Federation of Borealis_4_58,5,Trust between the three crews deteriorates significantly,True,1.403449833393097,6.347542241215706,0.24062538146972656,0.3559247851371765
904,Federation of Borealis_5_355,Federation of Borealis,Federation of Borealis_4_58,5,Borealis begins implementing technical control measures over its systems,True,1.34230238199234,6.286394789814949,0.3393479585647583,0.3183496594429016
905,Federation of Borealis_4_57,Federation of Borealis,Federation of Borealis_3_15,4,Other nations perceive Borealis as making credible existential threats,False,1.4610691666603088,4.837195932865143,0.22622227668762207,0.3127085566520691
906,Federation of Borealis_5_315,Federation of Borealis,Federation of Borealis_4_57,5,Other nations consider Borealis crew as hostile actors,True,1.4309270679950714,6.268123000860214,0.2882830798625946,0.280789852142334
907,Federation of Borealis_5_314,Federation of Borealis,Federation of Borealis_4_57,5,Other nations prepare to neutralize Borealis's system control capabilities,True,1.1863076090812683,6.023503541946411,0.39915478229522705,0.41453760862350464
908,Federation of Borealis_2_10,Federation of Borealis,Federation of Borealis_1_1,2,Command authority remains unresolved between the three nations,False,1.1699199080467224,2.3817190527915955,0.41708439588546753,0.41299569606781006
909,Federation of Borealis_3_33,Federation of Borealis,Federation of Borealis_2_10,3,Federation of Borealis prioritizes protecting its life support systems,False,1.045394390821457,3.4271134436130524,0.46028000116348267,0.4943256080150604
910,Federation of Borealis_4_66,Federation of Borealis,Federation of Borealis_3_33,4,Borealis threatens system shutdown if authority demands aren't met,False,1.446319192647934,4.873432636260986,0.24270936846733093,0.3109714388847351
911,Federation of Borealis_5_333,Federation of Borealis,Federation of Borealis_4_66,5,Other crews begin planning contingency responses to shutdown threat,True,1.2731307446956635,6.14656338095665,0.35810914635658264,0.3687601089477539
912,Federation of Borealis_5_332,Federation of Borealis,Federation of Borealis_4_66,5,Trust between the three nations deteriorates rapidly,True,1.6941623836755753,6.567595019936562,0.07732929289340973,0.22850832343101501
913,Federation of Borealis_5_331,Federation of Borealis,Federation of Borealis_4_66,5,Borealis gains immediate negotiating leverage through system control,True,1.507638230919838,6.381070867180824,0.2914985418319702,0.20086322724819183
914,Federation of Borealis_5_330,Federation of Borealis,Federation of Borealis_4_66,5,Other nations perceive Borealis as holding all crews hostage,True,1.0769091248512268,5.950341761112213,0.4649174213409424,0.4581734538078308
915,Federation of Borealis_4_65,Federation of Borealis,Federation of Borealis_3_33,4,Borealis positions crew members near essential life support equipment,False,1.0918212831020355,4.518934726715088,0.44828322529792786,0.4598954916000366
916,Federation of Borealis_5_185,Federation of Borealis,Federation of Borealis_4_65,5,Physical access to equipment creates de facto operational leverage,True,1.146389901638031,5.665324628353119,0.5049248933792114,0.34868520498275757
917,Federation of Borealis_5_184,Federation of Borealis,Federation of Borealis_4_65,5,Borealis crew can monitor all life support operations directly,True,1.1261791586875916,5.645113885402679,0.4208180606365204,0.45300278067588806
918,Federation of Borealis_5_183,Federation of Borealis,Federation of Borealis_4_65,5,Other crews perceive Borealis positioning as threatening behavior,True,1.2009897232055664,5.719924449920654,0.4150713086128235,0.3839389681816101
919,Federation of Borealis_5_182,Federation of Borealis,Federation of Borealis_4_65,5,Borealis gains physical control over critical habitat systems,True,1.2758402228355408,5.794774949550629,0.38176459074020386,0.34239518642425537
920,Federation of Borealis_4_64,Federation of Borealis,Federation of Borealis_3_33,4,Borealis restricts other nations' access to critical system controls,False,1.097695767879486,4.5248092114925385,0.4264664351940155,0.4758377969264984
921,Federation of Borealis_5_189,Federation of Borealis,Federation of Borealis_4_64,5,Other crews begin developing workarounds for restricted systems,True,1.1300334334373474,5.654842644929886,0.4572604298591614,0.4127061367034912
922,Federation of Borealis_5_188,Federation of Borealis,Federation of Borealis_4_64,5,Critical system monitoring becomes fragmented across competing authorities,True,1.2341074049472809,5.758916616439819,0.3370732367038727,0.42881935834884644
923,Federation of Borealis_5_187,Federation of Borealis,Federation of Borealis_4_64,5,Federation of Borealis gains unilateral control over life support operations,False,0.9268611073493958,5.451670318841934,0.49591952562332153,0.5772193670272827
924,Federation of Borealis_6_519,Federation of Borealis,Federation of Borealis_5_187,6,Borealis controls oxygen and water distribution to all crews,True,1.0827569961547852,6.534427314996719,0.5055749416351318,0.411668062210083
925,Federation of Borealis_6_518,Federation of Borealis,Federation of Borealis_5_187,6,Other nations lose ability to override life support decisions,True,0.9946355819702148,6.446305900812149,0.4148746132850647,0.5904898047447205
926,Federation of Borealis_6_517,Federation of Borealis,Federation of Borealis_5_187,6,Borealis determines which personnel can remain in the habitat,True,1.167172610759735,6.618842929601669,0.42508023977279663,0.40774714946746826
927,Federation of Borealis_5_186,Federation of Borealis,Federation of Borealis_4_64,5,Other nations attempt to override Borealis's system restrictions,True,1.2249032258987427,5.749712437391281,0.3553782105445862,0.41971856355667114
928,Federation of Borealis_3_32,Federation of Borealis,Federation of Borealis_2_10,3,Each nation begins independent resource management protocols,False,1.0895949304103851,3.4713139832019806,0.4456213414669037,0.4647837281227112
929,Federation of Borealis_4_73,Federation of Borealis,Federation of Borealis_3_32,4,Competing consumption schedules develop for water and oxygen reserves,False,1.3134277164936066,4.784741699695587,0.36185282468795776,0.32471945881843567
930,Federation of Borealis_5_290,Federation of Borealis,Federation of Borealis_4_73,5,Resource hoarding behaviors emerge among the competing nations,True,1.380157619714737,6.164899319410324,0.34075838327407837,0.2790839970111847
931,Federation of Borealis_5_289,Federation of Borealis,Federation of Borealis_4_73,5,Life support system monitoring becomes fragmented across three crews,True,0.9959099292755127,5.7806516289711,0.4335672855377197,0.5705227851867676
932,Federation of Borealis_5_288,Federation of Borealis,Federation of Borealis_4_73,5,Borealis prioritizes water allocation for its ice extraction operations,True,1.4019805639982224,6.1867222636938095,0.3700863718986511,0.22793306410312653
933,Federation of Borealis_4_72,Federation of Borealis,Federation of Borealis_3_32,4,Borealis prioritizes geological operations in its resource calculations,False,1.2906514406204224,4.761965423822403,0.44951295852661133,0.2598356008529663
934,Federation of Borealis_5_271,Federation of Borealis,Federation of Borealis_4_72,5,Borealis reduces power allocation to non-geological habitat functions,True,1.354769617319107,6.11673504114151,0.37845897674560547,0.2667714059352875
935,Federation of Borealis_5_270,Federation of Borealis,Federation of Borealis_4_72,5,Borealis crew schedules extended EVAs for ice extraction,True,1.4515392780303955,6.2135047018527985,0.2710355222225189,0.27742519974708557
936,Federation of Borealis_5_269,Federation of Borealis,Federation of Borealis_4_72,5,Borealis allocates disproportionate power budget to rover operations,True,1.152333527803421,5.914298951625824,0.46165743470191956,0.3860090374946594
937,Federation of Borealis_4_71,Federation of Borealis,Federation of Borealis_3_32,4,Resource allocation conflicts emerge over power distribution priorities,False,1.2448354959487915,4.716149479150772,0.4284161329269409,0.3267483711242676
938,Federation of Borealis_5_246,Federation of Borealis,Federation of Borealis_4_71,5,Power distribution becomes physically contested between crew members,True,0.9354062974452972,5.651555776596069,0.5844206213951111,0.4801730811595917
939,Federation of Borealis_5_245,Federation of Borealis,Federation of Borealis_4_71,5,Critical habitat systems experience competing operational demands,True,1.047218918800354,5.763368397951126,0.47891801595687866,0.47386306524276733
940,Federation of Borealis_5_244,Federation of Borealis,Federation of Borealis_4_71,5,Borealis prioritizes power allocation to its life support systems,True,1.0938400030136108,5.809989482164383,0.4976872205734253,0.40847277641296387
941,Federation of Borealis_3_31,Federation of Borealis,Federation of Borealis_2_10,3,Critical operational decisions face dangerous delays,False,1.137905240058899,3.5196242928504944,0.381710946559906,0.48038381338119507
942,Federation of Borealis_4_86,Federation of Borealis,Federation of Borealis_3_31,4,Federation of Borealis unilaterally prioritizes its critical hardware systems,False,1.2217649519443512,4.741389244794846,0.4592551589012146,0.3189798891544342
943,Federation of Borealis_5_268,Federation of Borealis,Federation of Borealis_4_86,5,Thermal regulation settings favor Borealis operational requirements,True,1.263288289308548,6.0046775341033936,0.4139774739742279,0.3227342367172241
944,Federation of Borealis_5_267,Federation of Borealis,Federation of Borealis_4_86,5,Other nations lose input on life support system configurations,True,1.0241633653640747,5.76555261015892,0.4446103572845459,0.5312262773513794
945,Federation of Borealis_5_266,Federation of Borealis,Federation of Borealis_4_86,5,Borealis redirects water recycling capacity toward its crew,True,1.3280272483825684,6.069416493177414,0.41937553882598877,0.25259721279144287
946,Federation of Borealis_4_85,Federation of Borealis,Federation of Borealis_3_31,4,Power allocation disputes escalate between competing national crews,False,1.1306929886341095,4.650317281484604,0.4890374541282654,0.3802695572376251
947,Federation of Borealis_5_210,Federation of Borealis,Federation of Borealis_4_85,5,Borealis crew prioritizes power for its geological extraction operations,True,1.109039455652237,5.759356737136841,0.5674197673797607,0.3235407769680023
948,Federation of Borealis_5_209,Federation of Borealis,Federation of Borealis_4_85,5,Physical confrontations occur near critical habitat infrastructure,True,1.2757782936096191,5.926095575094223,0.34313035011291504,0.3810913562774658
949,Federation of Borealis_5_208,Federation of Borealis,Federation of Borealis_4_85,5,Other crews attempt to override Borealis's system controls,True,0.9919599294662476,5.642277210950851,0.5255680084228516,0.4824720621109009
950,Federation of Borealis_4_84,Federation of Borealis,Federation of Borealis_3_31,4,Life support system parameters drift without coordinated monitoring,False,1.170042723417282,4.6896670162677765,0.37324926257133484,0.45670801401138306
951,Federation of Borealis_5_237,Federation of Borealis,Federation of Borealis_4_84,5,Power distribution becomes suboptimal without centralized load management,True,1.2792603969573975,5.968927413225174,0.39574360847473145,0.3249959945678711
952,Federation of Borealis_5_236,Federation of Borealis,Federation of Borealis_4_84,5,Thermal regulation becomes unstable without integrated control oversight,True,1.2589011788368225,5.948568195104599,0.3734576106071472,0.3676412105560303
953,Federation of Borealis_5_235,Federation of Borealis,Federation of Borealis_4_84,5,Water recycling system develops contamination without unified quality monitoring,True,1.4753439128398895,6.165010929107666,0.28189072012901306,0.2427653670310974
954,Federation of Borealis_5_234,Federation of Borealis,Federation of Borealis_4_84,5,CO2 scrubbing capacity degrades without coordinated filter maintenance,True,1.446490228176117,6.136157244443893,0.32731324434280396,0.2261965274810791
955,Federation of Borealis_5_233,Federation of Borealis,Federation of Borealis_4_84,5,Oxygen generation efficiency decreases without systematic parameter adjustments,True,1.5478899478912354,6.237556964159012,0.2143777310848236,0.23773232102394104
956,Federation of Borealis_2_9,Federation of Borealis,Federation of Borealis_1_1,2,Borealis perceives its essential contributions as being dismissed,False,1.5799393355846405,2.7917384803295135,0.22673219442367554,0.19332846999168396
957,Federation of Borealis_3_47,Federation of Borealis,Federation of Borealis_2_9,3,Borealis experiences increased distrust toward other crews,False,1.3674925565719604,4.159231036901474,0.3172476291656494,0.31525981426239014
958,Federation of Borealis_4_157,Federation of Borealis,Federation of Borealis_3_47,4,Borealis questions the reliability of other nations' operational commitments,False,1.2117286324501038,5.370959669351578,0.36668652296066284,0.4215848445892334
959,Federation of Borealis_5_483,Federation of Borealis,Federation of Borealis_4_157,5,Borealis prioritizes unilateral control over its contributed hardware systems,True,1.156248390674591,6.527208060026169,0.48367148637771606,0.36008012294769287
960,Federation of Borealis_5_482,Federation of Borealis,Federation of Borealis_4_157,5,Borealis reduces information sharing about its system capabilities,True,1.4926482439041138,6.8636079132556915,0.23604023456573486,0.27131152153015137
961,Federation of Borealis_5_481,Federation of Borealis,Federation of Borealis_4_157,5,Borealis begins independent contingency planning for critical system operations,True,1.2038191258907318,6.57477879524231,0.3785060942173004,0.4176747798919678
962,Federation of Borealis_4_156,Federation of Borealis,Federation of Borealis_3_47,4,Borealis starts monitoring other crews' activities more closely,False,1.2775562405586243,5.436787277460098,0.3698439598083496,0.3525997996330261
963,Federation of Borealis_5_508,Federation of Borealis,Federation of Borealis_4_156,5,Borealis restricts information sharing with other crews,True,1.1688839495182037,6.605671226978302,0.38626086711883545,0.4448551833629608
964,Federation of Borealis_5_507,Federation of Borealis,Federation of Borealis_4_156,5,Borealis develops suspicions about other crews' undisclosed activities,True,1.3767784237861633,6.813565701246262,0.3196449279785156,0.30357664823532104
965,Federation of Borealis_5_506,Federation of Borealis,Federation of Borealis_4_156,5,Borealis crew begins documenting other nations' resource usage patterns,True,1.238674134016037,6.675461411476135,0.42702406644821167,0.33430179953575134
966,Federation of Borealis_4_155,Federation of Borealis,Federation of Borealis_3_47,4,Borealis begins withholding technical information about its life support systems,True,1.3837535977363586,5.542984634637833,0.28425168991088867,0.3319947123527527
967,Federation of Borealis_3_46,Federation of Borealis,Federation of Borealis_2_9,3,Borealis feels justified in unilateral protective actions,False,1.2015249133110046,3.993263393640518,0.3842507600784302,0.4142243266105652
968,Federation of Borealis_4_136,Federation of Borealis,Federation of Borealis_3_46,4,Borealis asserts direct control over systems it contributed,False,1.1761640906333923,5.1694274842739105,0.47723689675331116,0.3465990126132965
969,Federation of Borealis_5_432,Federation of Borealis,Federation of Borealis_4_136,5,Habitat's integrated safety protocols become compromised by unilateral control,True,0.9540624618530273,6.123489946126938,0.45664411783218384,0.5892934203147888
970,Federation of Borealis_5_431,Federation of Borealis,Federation of Borealis_4_136,5,Other crews lose ability to monitor essential system parameters,True,1.1282286942005157,6.297656178474426,0.4399210810661316,0.43185022473335266
971,Federation of Borealis_5_430,Federation of Borealis,Federation of Borealis_4_136,5,Borealis gains physical access to critical life support controls,True,1.2413089573383331,6.410736441612244,0.34259846806526184,0.41609257459640503
972,Federation of Borealis_4_135,Federation of Borealis,Federation of Borealis_3_46,4,Borealis prioritizes its crew's safety over collaborative decision-making,False,1.0109007060527802,5.004164099693298,0.5023885369300842,0.4867107570171356
973,Federation of Borealis_5_371,Federation of Borealis,Federation of Borealis_4_135,5,Borealis withholds cooperation on resource sharing protocols,True,1.3018245697021484,6.305988669395447,0.31678318977355957,0.381392240524292
974,Federation of Borealis_5_370,Federation of Borealis,Federation of Borealis_4_135,5,Borealis makes unilateral decisions about life support operations,True,0.989059567451477,5.993223667144775,0.44199395179748535,0.5689464807510376
975,Federation of Borealis_5_369,Federation of Borealis,Federation of Borealis_4_135,5,Borealis begins restricting other crews' access to critical systems,True,1.0666920840740204,6.070856183767319,0.45509088039398193,0.4782170355319977
976,Federation of Borealis_4_134,Federation of Borealis,Federation of Borealis_3_46,4,Borealis begins restricting access to its critical life support systems,False,1.1896333694458008,5.182896763086319,0.35648834705352783,0.4538782835006714
977,Federation of Borealis_5_437,Federation of Borealis,Federation of Borealis_4_134,5,Other nations perceive Borealis actions as hostile escalation,True,1.4675796329975128,6.650476396083832,0.26801052689552307,0.2644098401069641
978,Federation of Borealis_5_436,Federation of Borealis,Federation of Borealis_4_134,5,Habitat life support becomes critically compromised for all occupants,True,1.0780026614665985,6.2608994245529175,0.39344707131385803,0.5285502672195435
979,Federation of Borealis_5_435,Federation of Borealis,Federation of Borealis_4_134,5,Thermal regulation fails in areas controlled by other nations,True,1.2734787166118622,6.456375479698181,0.3563798666000366,0.3701414167881012
980,Federation of Borealis_5_434,Federation of Borealis,Federation of Borealis_4_134,5,Water recycling systems become unavailable to non-Borealis personnel,True,1.221571445465088,6.404468208551407,0.40284666419029236,0.37558189034461975
981,Federation of Borealis_5_433,Federation of Borealis,Federation of Borealis_4_134,5,Other crews lose access to CO2 scrubbing capabilities,True,1.117570847272873,6.300467610359192,0.498959481716156,0.38346967101097107
982,Federation of Borealis_3_45,Federation of Borealis,Federation of Borealis_2_9,3,Borealis questions the legitimacy of other nations' authority,False,1.2611676156520844,4.052906095981598,0.3591920733451843,0.3796403110027313
983,Federation of Borealis_4_143,Federation of Borealis,Federation of Borealis_3_45,4,Borealis prioritizes protecting its hardware over diplomatic consensus,False,1.2734881341457367,5.326394230127335,0.39393389225006104,0.33257797360420227
984,Federation of Borealis_5_472,Federation of Borealis,Federation of Borealis_4_143,5,Borealis implements unilateral protective protocols for its hardware components,True,1.4118885397911072,6.738282769918442,0.2933090329170227,0.2948024272918701
985,Federation of Borealis_5_471,Federation of Borealis,Federation of Borealis_4_143,5,Borealis restricts other nations' access to critical life support systems,True,0.9888972043991089,6.3152914345264435,0.4388551712036133,0.5722476243972778
986,Federation of Borealis_4_142,Federation of Borealis,Federation of Borealis_3_45,4,Borealis views collaborative decision-making as fundamentally compromised,False,1.2580518126487732,5.310957908630371,0.3260425925254822,0.41590559482574463
987,Federation of Borealis_5_467,Federation of Borealis,Federation of Borealis_4_142,5,Borealis prioritizes direct crew-to-crew negotiations over formal channels,True,1.3706881403923035,6.681646049022675,0.3365749716758728,0.29273688793182373
988,Federation of Borealis_5_466,Federation of Borealis,Federation of Borealis_4_142,5,Borealis withdraws from joint operational planning discussions,True,1.4655353873968124,6.7764932960271835,0.2235834151506424,0.31088119745254517
989,Federation of Borealis_5_465,Federation of Borealis,Federation of Borealis_4_142,5,Borealis considers unilateral action to protect its essential systems,True,1.0695697963237762,6.380527704954147,0.45181286334991455,0.4786173403263092
990,Federation of Borealis_4_141,Federation of Borealis,Federation of Borealis_3_45,4,Borealis considers unilateral control of its contributed systems justified,False,1.0162878036499023,5.0691938996315,0.5178863406181335,0.4658258557319641
991,Federation of Borealis_5_402,Federation of Borealis,Federation of Borealis_4_141,5,Borealis considers bypassing collaborative decision-making protocols,True,1.1695256531238556,6.238719552755356,0.36652547121047974,0.4639488756656647
992,Federation of Borealis_5_401,Federation of Borealis,Federation of Borealis_4_141,5,Borealis views other crews as dependent on its operational decisions,True,0.8580259084701538,5.927219808101654,0.6047842502593994,0.5371898412704468
993,Federation of Borealis_5_400,Federation of Borealis,Federation of Borealis_4_141,5,Borealis prepares to assert direct control over life support systems,True,0.9822030365467072,6.051396936178207,0.4942091405391693,0.5235878229141235
994,Federation of Borealis_3_44,Federation of Borealis,Federation of Borealis_2_9,3,Borealis considers withdrawing cooperation on life support maintenance,False,1.1850294768810272,3.9767679572105408,0.33139151334762573,0.48357900977134705
995,Federation of Borealis_4_133,Federation of Borealis,Federation of Borealis_3_44,4,Borealis gains negotiating power through withdrawal threat,True,1.5167290270328522,5.493496984243393,0.22495779395103455,0.2583131790161133
996,Federation of Borealis_4_132,Federation of Borealis,Federation of Borealis_3_44,4,Life support system reliability becomes uncertain without Borealis expertise,False,1.159510850906372,5.136278808116913,0.3677369952201843,0.4727521538734436
997,Federation of Borealis_5_418,Federation of Borealis,Federation of Borealis_4_132,5,Critical life support repairs may be attempted by inexperienced personnel,True,1.0868563652038574,6.22313517332077,0.38650745153427124,0.5266361832618713
998,Federation of Borealis_5_417,Federation of Borealis,Federation of Borealis_4_132,5,System maintenance schedules become disrupted without Borealis guidance,True,1.301455408334732,6.437734216451645,0.338307648897171,0.3602369427680969
999,Federation of Borealis_5_416,Federation of Borealis,Federation of Borealis_4_132,5,Other nations recognize their dependence on Borealis technical knowledge,True,1.3260376751422882,6.462316483259201,0.37295857071876526,0.30100375413894653
1000,Federation of Borealis_4_131,Federation of Borealis,Federation of Borealis_3_44,4,Other nations recognize Borealis holds critical operational leverage,False,1.2156460881233215,5.192414045333862,0.4280295968055725,0.35632431507110596
1001,Federation of Borealis_5_444,Federation of Borealis,Federation of Borealis_4_131,5,Other nations reassess their operational dependency on Borealis systems,True,1.082714557647705,6.275128602981567,0.4892485439777374,0.4280368983745575
1002,Federation of Borealis_5_442,Federation of Borealis,Federation of Borealis_4_131,5,Other nations attempt to negotiate concessions with Borealis,True,1.5229281187057495,6.715342164039612,0.19535470008850098,0.2817171812057495
1003,Republic of Aurelia_0_0,Republic of Aurelia,,0,"Aurelia claims operational priority based on first-arrival activation rights and majority funding contribution. Demands exclusive control of life support systems management and veto authority over habitat modifications. Proposes that other crews limit their presence to maintain safety margins, with Aurelia retaining full crew complement. Argues that its life support engineer is indispensable and that allowing unqualified personnel to access critical systems risks everyone's survival. Considers any arrangement that places Aurelian systems under shared command authority a fundamental threat to operational safety, given that its life support engineer alone holds end-to-end systems certification.",False,,0.0,1.0,0.7256356477737427
1004,Republic of Aurelia_1_4,Republic of Aurelia,Republic of Aurelia_0_0,1,Aurelia's crew begins implementing unilateral operational protocols,False,1.1383935809135437,1.1383935809135437,0.376359760761261,0.4852466583251953
1005,Republic of Aurelia_2_14,Republic of Aurelia,Republic of Aurelia_1_4,2,Tension escalates between Aurelian personnel and other crews,False,1.2808500826358795,2.419243663549423,0.36814698576927185,0.35100293159484863
1006,Republic of Aurelia_3_58,Republic of Aurelia,Republic of Aurelia_2_14,3,Other crews attempt independent system modifications without Aurelian oversight,False,1.0174646377563477,3.436708301305771,0.4719509482383728,0.5105844140052795
1007,Republic of Aurelia_4_160,Republic of Aurelia,Republic of Aurelia_3_58,4,Aurelia loses real-time monitoring capability over modified subsystems,False,1.5468126833438873,4.983520984649658,0.17342865467071533,0.27975866198539734
1008,Republic of Aurelia_5_556,Republic of Aurelia,Republic of Aurelia_4_160,5,Aurelia detects potential system integration failures too late,True,1.5991743057966232,6.582695290446281,0.13541750609874725,0.2654081881046295
1009,Republic of Aurelia_5_555,Republic of Aurelia,Republic of Aurelia_4_160,5,Republic of Aurelia's life support engineer lacks diagnostic data,True,1.3495271503925323,6.3330481350421906,0.31369197368621826,0.3367808759212494
1010,Republic of Aurelia_5_554,Republic of Aurelia,Republic of Aurelia_4_160,5,Aurelia cannot verify safety parameters of modified systems,True,1.3732581734657288,6.356779158115387,0.3095223307609558,0.31721949577331543
1011,Republic of Aurelia_4_159,Republic of Aurelia,Republic of Aurelia_3_58,4,Critical habitat systems experience operational anomalies from untrained interference,False,1.138653576374054,4.575361877679825,0.40419304370880127,0.4571533799171448
1012,Republic of Aurelia_5_411,Republic of Aurelia,Republic of Aurelia_4_159,5,Republic of Aurelia declares immediate lockout of non-certified personnel,True,1.4292232394218445,6.004585117101669,0.2671239376068115,0.303652822971344
1013,Republic of Aurelia_5_409,Republic of Aurelia,Republic of Aurelia_4_159,5,Aurelian life support engineer must perform emergency system diagnostics,True,1.1887797117233276,5.7641415894031525,0.43128669261932373,0.37993359565734863
1014,Republic of Aurelia_3_57,Republic of Aurelia,Republic of Aurelia_2_14,3,Physical confrontations occur over habitat control areas,False,1.1763966381549835,3.5956403017044067,0.41594985127449036,0.4076535105705261
1015,Republic of Aurelia_4_184,Republic of Aurelia,Republic of Aurelia_3_57,4,Aurelian crew's technical authority gets physically challenged,False,1.0289149582386017,4.624555259943008,0.4755418598651886,0.4955431818962097
1016,Republic of Aurelia_5_430,Republic of Aurelia,Republic of Aurelia_4_184,5,Aurelian personnel retreat to defend essential operational stations,True,1.404824674129486,6.0293799340724945,0.2667919397354126,0.3283833861351013
1017,Republic of Aurelia_5_429,Republic of Aurelia,Republic of Aurelia_4_184,5,Other crews attempt to forcibly access critical system controls,True,0.9244346618652344,5.548989921808243,0.5868597030639648,0.4887056350708008
1018,Republic of Aurelia_5_428,Republic of Aurelia,Republic of Aurelia_4_184,5,Aurelia's life support engineer faces direct physical interference,True,1.0874239206314087,5.711979180574417,0.4543575644493103,0.458218514919281
1019,Republic of Aurelia_4_183,Republic of Aurelia,Republic of Aurelia_3_57,4,Mission safety protocols become completely compromised,False,1.1538694500923157,4.749509751796722,0.37628525495529175,0.4698452949523926
1020,Republic of Aurelia_5_489,Republic of Aurelia,Republic of Aurelia_4_183,5,Aurelia's technical personnel lose access to essential control interfaces,True,1.2284185886383057,5.977928340435028,0.37698662281036377,0.39459478855133057
1021,Republic of Aurelia_5_488,Republic of Aurelia,Republic of Aurelia_4_183,5,Emergency evacuation procedures cannot be coordinated effectively,True,1.1593911051750183,5.908900856971741,0.3517526090145111,0.4888562858104706
1022,Republic of Aurelia_5_487,Republic of Aurelia,Republic of Aurelia_4_183,5,Critical life support systems experience operational failures,True,0.9667605757713318,5.716270327568054,0.5169857740402222,0.516253650188446
1023,Republic of Aurelia_4_182,Republic of Aurelia,Republic of Aurelia_3_57,4,Other nations perceive Aurelia as aggressive threat,True,1.5879229307174683,5.183563232421875,0.13713157176971436,0.2749454975128174
1024,Republic of Aurelia_4_181,Republic of Aurelia,Republic of Aurelia_3_57,4,Habitat systems suffer damage from crew altercations,False,1.0870029926300049,4.682643294334412,0.4670213460922241,0.445975661277771
1025,Republic of Aurelia_5_453,Republic of Aurelia,Republic of Aurelia_4_181,5,Aurelia's technical advantage over system repairs increases significantly,True,1.6595028191804886,6.3421461135149,0.18128971755504608,0.15920746326446533
1026,Republic of Aurelia_5_452,Republic of Aurelia,Republic of Aurelia_4_181,5,Emergency protocols activate automatically throughout the habitat,True,1.2040340900421143,5.886677384376526,0.42172467708587646,0.3742412328720093
1027,Republic of Aurelia_5_451,Republic of Aurelia,Republic of Aurelia_4_181,5,Life support system reliability becomes critically compromised,True,1.0401062667369843,5.722749561071396,0.47472819685935974,0.485165536403656
1028,Republic of Aurelia_3_56,Republic of Aurelia,Republic of Aurelia_2_14,3,Aurelian personnel restrict information sharing with competing crews,False,1.0437657833099365,3.4630094468593597,0.45538514852523804,0.5008490681648254
1029,Republic of Aurelia_4_167,Republic of Aurelia,Republic of Aurelia_3_56,4,Aurelian technical expertise becomes strategically isolated from collaborative troubleshooting,False,1.3381736278533936,4.801183074712753,0.29125767946243286,0.3705686926841736
1030,Republic of Aurelia_5_515,Republic of Aurelia,Republic of Aurelia_4_167,5,Technical problems emerge that require multi-crew coordination to resolve,True,1.3530259430408478,6.154209017753601,0.280503511428833,0.3664705455303192
1031,Republic of Aurelia_5_514,Republic of Aurelia,Republic of Aurelia_4_167,5,Aurelian life support engineer lacks critical information from other systems,True,1.180800199508667,5.98198327422142,0.4148865342140198,0.40431326627731323
1032,Republic of Aurelia_5_513,Republic of Aurelia,Republic of Aurelia_4_167,5,Other crews develop independent technical workarounds without Aurelian oversight,True,1.1350179612636566,5.93620103597641,0.43056708574295044,0.43441495299339294
1033,Republic of Aurelia_4_166,Republic of Aurelia,Republic of Aurelia_3_56,4,Competing crews develop independent information gathering methods,False,1.3072603344917297,4.7702697813510895,0.3586884140968323,0.334051251411438
1034,Republic of Aurelia_5_502,Republic of Aurelia,Republic of Aurelia_4_166,5,Aurelia identifies potential security vulnerabilities in habitat data networks,True,1.4522231221199036,6.222492903470993,0.26891446113586426,0.2788624167442322
1035,Republic of Aurelia_5_501,Republic of Aurelia,Republic of Aurelia_4_166,5,Competing crews bypass Aurelian information controls through direct sensor monitoring,True,1.1978756785392761,5.968145459890366,0.4319670796394348,0.37015724182128906
1036,Republic of Aurelia_5_500,Republic of Aurelia,Republic of Aurelia_4_166,5,Aurelia detects unauthorized access attempts to habitat diagnostic systems,True,1.419204205274582,6.189473986625671,0.3002350628376007,0.2805607318878174
1037,Republic of Aurelia_3_55,Republic of Aurelia,Republic of Aurelia_2_14,3,Other crews challenge Aurelia's exclusive system access claims,False,1.0361943244934082,3.4554379880428314,0.5081319808959961,0.4556736946105957
1038,Republic of Aurelia_4_163,Republic of Aurelia,Republic of Aurelia_3_55,4,Aurelia's life support engineer faces direct challenges to technical authority,False,0.9466434121131897,4.402081400156021,0.5420225262641907,0.5113340616226196
1039,Republic of Aurelia_5_347,Republic of Aurelia,Republic of Aurelia_4_163,5,Aurelia's engineer declares technical override authority for safety protocols,True,1.0578899085521698,5.459971308708191,0.5055415630340576,0.4365685284137726
1040,Republic of Aurelia_5_346,Republic of Aurelia,Republic of Aurelia_4_163,5,Other crews attempt independent life support system diagnostics,True,0.911285400390625,5.313366800546646,0.5670022964477539,0.5217123031616211
1041,Republic of Aurelia_5_345,Republic of Aurelia,Republic of Aurelia_4_163,5,Aurelia's engineer refuses to share critical system access codes,True,1.3582232892513275,5.760304689407349,0.3606373369693756,0.2811393737792969
1042,Republic of Aurelia_4_162,Republic of Aurelia,Republic of Aurelia_3_55,4,Physical confrontations emerge over habitat system control panels,False,1.194525808095932,4.649963796138763,0.4144176244735718,0.3910565674304962
1043,Republic of Aurelia_5_439,Republic of Aurelia,Republic of Aurelia_4_162,5,Mission commanders from all three nations intervene in confrontations,True,1.2290376424789429,5.879001438617706,0.309950590133667,0.46101176738739014
1044,Republic of Aurelia_5_437,Republic of Aurelia,Republic of Aurelia_4_162,5,Habitat safety protocols become compromised during physical altercations,True,1.0431894659996033,5.693153262138367,0.4669102728366852,0.48990026116371155
1045,Republic of Aurelia_4_161,Republic of Aurelia,Republic of Aurelia_3_55,4,Aurelia perceives direct threats to its operational safety protocols,False,1.1745130121707916,4.629951000213623,0.40104156732559204,0.42444542050361633
1046,Republic of Aurelia_5_436,Republic of Aurelia,Republic of Aurelia_4_161,5,Aurelia's engineer refuses to share operational procedures with others,True,1.1798599660396576,5.809810966253281,0.4265022873878479,0.3936377465724945
1047,Republic of Aurelia_5_435,Republic of Aurelia,Republic of Aurelia_4_161,5,Aurelia escalates protective measures around life support controls,True,1.0951340198516846,5.725085020065308,0.4314132332801819,0.47345274686813354
1048,Republic of Aurelia_5_434,Republic of Aurelia,Republic of Aurelia_4_161,5,Aurelia's crew restricts other nations' access to critical systems,True,1.0812286138534546,5.711179614067078,0.39158546924591064,0.5271859169006348
1049,Republic of Aurelia_2_13,Republic of Aurelia,Republic of Aurelia_1_4,2,Aurelia's crew restricts access to critical habitat control systems,False,0.8906404376029968,2.0290340185165405,0.5660346746444702,0.543324887752533
1050,Republic of Aurelia_3_28,Republic of Aurelia,Republic of Aurelia_2_13,3,Other crews lose ability to verify system safety margins,False,1.0581204295158386,3.087154448032379,0.5149471759796143,0.4269323945045471
1051,Republic of Aurelia_4_96,Republic of Aurelia,Republic of Aurelia_3_28,4,Other crews must rely solely on Aurelia's technical assessments,False,1.1653314232826233,4.252485871315002,0.4312121868133545,0.4034563899040222
1052,Republic of Aurelia_5_285,Republic of Aurelia,Republic of Aurelia_4_96,5,Other crews lose technical confidence in habitat operations,True,1.045625925064087,5.298111796379089,0.5049040913581848,0.44946998357772827
1053,Republic of Aurelia_3_26,Republic of Aurelia,Republic of Aurelia_2_13,3,Other crews attempt to override Aurelia's access restrictions,False,0.9965462386608124,3.025580257177353,0.4853070080280304,0.5181467533111572
1054,Republic of Aurelia_4_94,Republic of Aurelia,Republic of Aurelia_3_26,4,Critical habitat systems experience operational disruptions from competing override attempts,False,1.0144667029380798,4.040046960115433,0.4918181300163269,0.49371516704559326
1055,Republic of Aurelia_5_232,Republic of Aurelia,Republic of Aurelia_4_94,5,Emergency protocols automatically engage to prevent total system shutdown,True,1.3527344167232513,5.392781376838684,0.33428964018821716,0.3129759430885315
1056,Republic of Aurelia_5_231,Republic of Aurelia,Republic of Aurelia_4_94,5,Aurelia's crew loses exclusive control over critical system interfaces,True,1.0988236963748932,5.138870656490326,0.44512155652046204,0.4560547471046448
1057,Republic of Aurelia_5_230,Republic of Aurelia,Republic of Aurelia_4_94,5,Life support parameters drift outside safe operational ranges,True,1.0180452466011047,5.0580922067165375,0.44335734844207764,0.5385974049568176
1058,Republic of Aurelia_5_229,Republic of Aurelia,Republic of Aurelia_4_94,5,Habitat's unified control system begins experiencing cascading failures,True,1.1680408120155334,5.208087772130966,0.40698325634002686,0.4249759316444397
1059,Republic of Aurelia_4_93,Republic of Aurelia,Republic of Aurelia_3_26,4,Physical confrontation escalates between crews over system access,False,1.1399256885051727,4.165505945682526,0.4738355576992035,0.3862387537956238
1060,Republic of Aurelia_5_263,Republic of Aurelia,Republic of Aurelia_4_93,5,Oxygen generation equipment experiences mechanical damage from struggle,True,1.335434228181839,5.500940173864365,0.39130812883377075,0.27325764298439026
1061,Republic of Aurelia_5_262,Republic of Aurelia,Republic of Aurelia_4_93,5,Critical system monitoring becomes compromised during crew conflict,True,1.08360955119133,5.249115496873856,0.46040043234825134,0.4559900164604187
1062,Republic of Aurelia_5_261,Republic of Aurelia,Republic of Aurelia_4_93,5,Republic of Aurelia's crew sustains injuries during physical altercation,True,1.5366000533103943,5.70210599899292,0.1745755970478058,0.2888243496417999
1063,Republic of Aurelia_5_260,Republic of Aurelia,Republic of Aurelia_4_93,5,Habitat's integrated life support systems suffer operational disruption,True,0.8918871879577637,5.057393133640289,0.5448907613754272,0.5632220506668091
1064,Republic of Aurelia_4_92,Republic of Aurelia,Republic of Aurelia_3_26,4,Aurelia's crew detects unauthorized access attempts on habitat control systems,False,1.0975151062011719,4.123095363378525,0.467077374458313,0.43540751934051514
1065,Republic of Aurelia_5_251,Republic of Aurelia,Republic of Aurelia_4_92,5,Aurelia's crew escalates security alert status within the habitat,True,1.1753990352153778,5.298494398593903,0.4174870550632477,0.4071139097213745
1066,Republic of Aurelia_5_249,Republic of Aurelia,Republic of Aurelia_4_92,5,Aurelia's crew initiates emergency lockdown of habitat control systems,True,1.04597806930542,5.169073432683945,0.500452995300293,0.4535689353942871
1067,Republic of Aurelia_3_25,Republic of Aurelia,Republic of Aurelia_2_13,3,Other crews cannot monitor life support system status,False,0.8469428420066833,2.875976860523224,0.6092844009399414,0.5437727570533752
1068,Republic of Aurelia_4_73,Republic of Aurelia,Republic of Aurelia_3_25,4,Other crews cannot independently assess their own survival risks,False,0.7887956500053406,3.6647725105285645,0.6182882785797119,0.5929160714149475
1069,Republic of Aurelia_5_188,Republic of Aurelia,Republic of Aurelia_4_73,5,Other crews must rely entirely on Aurelia's risk assessments,True,1.1061026751995087,4.770875185728073,0.47565343976020813,0.4182438850402832
1070,Republic of Aurelia_4_72,Republic of Aurelia,Republic of Aurelia_3_25,4,Other crews must rely on Republic of Aurelia for all safety assessments,False,1.006843090057373,3.882819950580597,0.47183263301849365,0.5213242769241333
1071,Republic of Aurelia_5_207,Republic of Aurelia,Republic of Aurelia_4_72,5,Other crews cannot independently verify Republic of Aurelia's safety claims,False,1.0928270816802979,4.975647032260895,0.44220560789108276,0.4649673104286194
1072,Republic of Aurelia_6_553,Republic of Aurelia,Republic of Aurelia_5_207,6,Other crews develop suspicion about Republic of Aurelia's reported system status,True,1.3138393759727478,6.289486408233643,0.2884121537208557,0.3977484703063965
1073,Republic of Aurelia_4_71,Republic of Aurelia,Republic of Aurelia_3_25,4,Other crews cannot verify Republic of Aurelia's system status reports,False,1.2919231057167053,4.167899966239929,0.3338737487792969,0.3742031455039978
1074,Republic of Aurelia_5_267,Republic of Aurelia,Republic of Aurelia_4_71,5,Other crews develop independent contingency plans without Republic of Aurelia's knowledge,True,1.0312209129333496,5.199120879173279,0.4102647304534912,0.5585143566131592
1075,Republic of Aurelia_2_12,Republic of Aurelia,Republic of Aurelia_1_4,2,Other crews perceive Aurelia's actions as hostile takeover attempt,False,1.2343369722366333,2.372730553150177,0.36965203285217285,0.39601099491119385
1076,Republic of Aurelia_3_54,Republic of Aurelia,Republic of Aurelia_2_12,3,Other crews refuse to acknowledge Aurelian operational authority,False,1.0112779140472412,3.384008467197418,0.526435136795044,0.46228694915771484
1077,Republic of Aurelia_4_144,Republic of Aurelia,Republic of Aurelia_3_54,4,Operational deadlock emerges over critical system management decisions,False,1.27530837059021,4.659316837787628,0.36577069759368896,0.3589209318161011
1078,Republic of Aurelia_5_446,Republic of Aurelia,Republic of Aurelia_4_144,5,System maintenance schedules become disputed between competing crews,True,1.1420119404792786,5.801328778266907,0.419702410697937,0.4382856488227844
1079,Republic of Aurelia_5_445,Republic of Aurelia,Republic of Aurelia_4_144,5,Aurelia's certified engineer faces pressure to act independently,True,1.3605377972126007,6.019854635000229,0.32573360204696655,0.31372860074043274
1080,Republic of Aurelia_5_444,Republic of Aurelia,Republic of Aurelia_4_144,5,Critical life support decisions require immediate action without consensus,True,0.9648215770721436,5.624138414859772,0.49545782804489136,0.5397205948829651
1081,Republic of Aurelia_4_143,Republic of Aurelia,Republic of Aurelia_3_54,4,Other crews attempt independent access to habitat controls,False,0.7832732796669006,4.167281746864319,0.6475453972816467,0.5691813230514526
1082,Republic of Aurelia_5_266,Republic of Aurelia,Republic of Aurelia_4_143,5,Conflicting operational commands create system instability risks,True,1.1745339930057526,5.341815739870071,0.38278937339782715,0.4426766335964203
1083,Republic of Aurelia_5_265,Republic of Aurelia,Republic of Aurelia_4_143,5,Aurelia's certified engineer loses exclusive oversight of life support modifications,True,1.0043416023254395,5.171623349189758,0.5404750108718872,0.45518338680267334
1084,Republic of Aurelia_5_264,Republic of Aurelia,Republic of Aurelia_4_143,5,Multiple crews simultaneously access critical habitat control systems,False,0.7872352600097656,4.9545170068740845,0.6542690992355347,0.5584956407546997
1085,Republic of Aurelia_6_535,Republic of Aurelia,Republic of Aurelia_5_264,6,Habitat's unified control system enters fail-safe lockdown mode,True,1.1184289753437042,6.072945982217789,0.4761975109577179,0.4053735136985779
1086,Republic of Aurelia_6_534,Republic of Aurelia,Republic of Aurelia_5_264,6,Life support system receives contradictory operational parameters simultaneously,True,0.9609050750732422,5.915422081947327,0.508720874786377,0.5303740501403809
1087,Republic of Aurelia_6_533,Republic of Aurelia,Republic of Aurelia_5_264,6,Conflicting commands overload habitat's integrated control processors,True,1.2343175411224365,6.188834547996521,0.3909669518470764,0.37471550703048706
1088,Republic of Aurelia_4_142,Republic of Aurelia,Republic of Aurelia_3_54,4,Aurelia faces immediate challenge to its technical control systems,False,1.2931860089302063,4.6771944761276245,0.31587517261505127,0.39093881845474243
1089,Republic of Aurelia_5_449,Republic of Aurelia,Republic of Aurelia_4_142,5,Aurelia loses exclusive access to critical habitat control interfaces,True,1.2349318861961365,5.912126362323761,0.3923889994621277,0.37267911434173584
1090,Republic of Aurelia_5_448,Republic of Aurelia,Republic of Aurelia_4_142,5,Other crews attempt to override Aurelia's technical command protocols,True,0.9842508733272552,5.66144534945488,0.4913084805011749,0.5244406461715698
1091,Republic of Aurelia_3_53,Republic of Aurelia,Republic of Aurelia_2_12,3,Other crews attempt to bypass Aurelian control protocols,False,0.9770375490188599,3.349768102169037,0.5145492553710938,0.5084131956100464
1092,Republic of Aurelia_4_135,Republic of Aurelia,Republic of Aurelia_3_53,4,System lockouts trigger as multiple crews input competing operational parameters,False,1.1373864710330963,4.487154573202133,0.4643264412879944,0.3982870876789093
1093,Republic of Aurelia_5_375,Republic of Aurelia,Republic of Aurelia_4_135,5,Oxygen generation and CO2 scrubbing processes halt automatically,True,1.5382175296545029,6.025372102856636,0.24970166385173798,0.21208080649375916
1094,Republic of Aurelia_5_374,Republic of Aurelia,Republic of Aurelia_4_135,5,Habitat's integrated control system becomes temporarily inaccessible to all crews,True,0.8756794929504395,5.362834066152573,0.5992739200592041,0.5250465869903564
1095,Republic of Aurelia_5_373,Republic of Aurelia,Republic of Aurelia_4_135,5,Critical life support systems enter emergency shutdown mode,True,1.1412654221057892,5.628419995307922,0.4473230540752411,0.4114115238189697
1096,Republic of Aurelia_4_134,Republic of Aurelia,Republic of Aurelia_3_53,4,Aurelia detects unauthorized access attempts to critical life support interfaces,False,1.1684138178825378,4.518181920051575,0.41678693890571594,0.4147992432117462
1097,Republic of Aurelia_5_384,Republic of Aurelia,Republic of Aurelia_4_134,5,Aurelia's crew moves to physically secure critical system interfaces,True,1.2712677419185638,5.7894496619701385,0.35777127742767334,0.3709609806537628
1098,Republic of Aurelia_5_383,Republic of Aurelia,Republic of Aurelia_4_134,5,Aurelia interprets unauthorized access as immediate safety threat,True,1.2193476557731628,5.7375295758247375,0.38085299730300903,0.3997993469238281
1099,Republic of Aurelia_5_382,Republic of Aurelia,Republic of Aurelia_4_134,5,Aurelia's life support engineer initiates emergency lockout protocols,True,1.0695354640483856,5.58771738409996,0.4817582666873932,0.4487062692642212
1100,Republic of Aurelia_4_133,Republic of Aurelia,Republic of Aurelia_3_53,4,Habitat's integrated control systems register conflicting command inputs,False,1.1916109025478363,4.541379004716873,0.44233283400535583,0.36605626344680786
1101,Republic of Aurelia_5_394,Republic of Aurelia,Republic of Aurelia_4_133,5,System diagnostic alerts flood the habitat's central monitoring displays,True,1.4807554483413696,6.022134453058243,0.3002132773399353,0.21903127431869507
1102,Republic of Aurelia_5_393,Republic of Aurelia,Republic of Aurelia_4_133,5,Critical life support functions become temporarily inaccessible to all crews,True,0.8944574594497681,5.435836464166641,0.5775936841964722,0.5279488563537598
1103,Republic of Aurelia_3_52,Republic of Aurelia,Republic of Aurelia_2_12,3,Other crews coordinate defensive countermeasures against Aurelia,False,1.2044556736946106,3.5771862268447876,0.38655441999435425,0.40898990631103516
1104,Republic of Aurelia_4_180,Republic of Aurelia,Republic of Aurelia_3_52,4,Other crews form joint operational command structure against Aurelia,False,1.0000564455986023,4.57724267244339,0.4751376509666443,0.5248059034347534
1105,Republic of Aurelia_5_413,Republic of Aurelia,Republic of Aurelia_4_180,5,Aurelia's unilateral protocols become operationally unsustainable,True,1.3190232813358307,5.896265953779221,0.2438429296016693,0.4371337890625
1106,Republic of Aurelia_5_412,Republic of Aurelia,Republic of Aurelia_4_180,5,Aurelia faces coordinated opposition controlling eight crew members,True,1.2508391737937927,5.828081846237183,0.35746335983276367,0.3916974663734436
1107,Republic of Aurelia_4_179,Republic of Aurelia,Republic of Aurelia_3_52,4,Other crews establish independent communication protocols excluding Aurelia,False,1.0751861333847046,4.652372360229492,0.4390829801559448,0.4857308864593506
1108,Republic of Aurelia_5_442,Republic of Aurelia,Republic of Aurelia_4_179,5,Other crews gain informational advantage over Aurelia's operational status,True,1.2660339772701263,5.9184063374996185,0.36071276664733887,0.3732532560825348
1109,Republic of Aurelia_5_441,Republic of Aurelia,Republic of Aurelia_4_179,5,Aurelia's communication dependency on habitat systems becomes critical vulnerability,True,1.3519827723503113,6.0043551325798035,0.30103689432144165,0.34698033332824707
1110,Republic of Aurelia_5_440,Republic of Aurelia,Republic of Aurelia_4_179,5,Aurelia loses access to coordinated mission planning information,True,1.2656853795051575,5.91805773973465,0.2875601649284363,0.44675445556640625
1111,Republic of Aurelia_4_178,Republic of Aurelia,Republic of Aurelia_3_52,4,Other crews attempt to physically block Aurelia's access to critical systems,False,0.959677517414093,4.536863744258881,0.5232686400413513,0.5170538425445557
1112,Republic of Aurelia_5_388,Republic of Aurelia,Republic of Aurelia_4_178,5,Aurelia's certified engineer cannot perform essential life support maintenance,True,1.1481021344661713,5.684965878725052,0.45812395215034485,0.3937739133834839
1113,Republic of Aurelia_1_3,Republic of Aurelia,Republic of Aurelia_0_0,1,Other nations challenge Aurelia's first-arrival legal precedent claims,False,1.6115895435214043,1.6115895435214043,0.11382386833429337,0.27458658814430237
1114,Republic of Aurelia_2_21,Republic of Aurelia,Republic of Aurelia_1_3,2,Aurelia must defend first-arrival doctrine without clear treaty support,False,1.3630966544151306,2.974686197936535,0.2558196187019348,0.38108372688293457
1115,Republic of Aurelia_3_88,Republic of Aurelia,Republic of Aurelia_2_21,3,Aurelia faces weakened negotiating position due to legal uncertainty,False,1.6183794289827347,4.59306562691927,0.12372289597988129,0.25789767503738403
1116,Republic of Aurelia_4_420,Republic of Aurelia,Republic of Aurelia_3_88,4,Aurelia's domestic political pressure intensifies amid weakened international position,True,1.7260908856987953,6.319156512618065,0.04178021103143692,0.23212890326976776
1117,Republic of Aurelia_4_419,Republic of Aurelia,Republic of Aurelia_3_88,4,Aurelia considers abandoning legal arguments for technical expertise claims,True,1.4630007147789001,6.05606634169817,0.2386314868927002,0.29836779832839966
1118,Republic of Aurelia_4_418,Republic of Aurelia,Republic of Aurelia_3_88,4,Other nations exploit Aurelia's legal vulnerability in negotiations,True,1.5444021970033646,6.137467823922634,0.14435552060604095,0.3112422823905945
1119,Republic of Aurelia_3_87,Republic of Aurelia,Republic of Aurelia_2_21,3,Aurelia emphasizes technical expertise as basis for operational authority,False,1.2355408370494843,4.210227034986019,0.3688215911388397,0.395637571811676
1120,Republic of Aurelia_4_277,Republic of Aurelia,Republic of Aurelia_3_87,4,Other nations' personnel are characterized as safety risks to operations,True,1.016173541545868,5.226400576531887,0.4399862289428711,0.543840229511261
1121,Republic of Aurelia_4_276,Republic of Aurelia,Republic of Aurelia_3_87,4,Aurelia positions itself as the sole qualified systems operator,True,1.30647411942482,5.516701154410839,0.36537349224090576,0.3281523883342743
1122,Republic of Aurelia_4_275,Republic of Aurelia,Republic of Aurelia_3_87,4,Technical competency becomes the primary legitimacy criterion for command decisions,True,1.1728706657886505,5.38309770077467,0.43204358220100403,0.39508575201034546
1123,Republic of Aurelia_4_274,Republic of Aurelia,Republic of Aurelia_3_87,4,Other crews must acknowledge Aurelia's life support engineer as indispensable,True,1.0681868195533752,5.278413854539394,0.49251502752304077,0.439298152923584
1124,Republic of Aurelia_3_86,Republic of Aurelia,Republic of Aurelia_2_21,3,Aurelia invokes customary international law principles to establish precedent,False,1.4682694673538208,4.442955665290356,0.18493115901947021,0.346799373626709
1125,Republic of Aurelia_4_361,Republic of Aurelia,Republic of Aurelia_3_86,4,Other nations reject terrestrial law applicability to lunar operations,True,1.2197505235671997,5.662706188857555,0.2847592234611511,0.49549025297164917
1126,Republic of Aurelia_4_360,Republic of Aurelia,Republic of Aurelia_3_86,4,Aurelia references Antarctic territorial claim suspension principles,True,1.3759854137897491,5.818941079080105,0.24818822741508484,0.375826358795166
1127,Republic of Aurelia_4_359,Republic of Aurelia,Republic of Aurelia_3_86,4,Aurelia cites maritime salvage law as analogous lunar precedent,True,1.270254373550415,5.713210038840771,0.29615622758865356,0.4335893988609314
1128,Republic of Aurelia_2_20,Republic of Aurelia,Republic of Aurelia_1_3,2,International space law precedent remains unestablished for this scenario,False,1.263020545244217,2.874610088765621,0.2490977942943573,0.4878816604614258
1129,Republic of Aurelia_3_70,Republic of Aurelia,Republic of Aurelia_2_20,3,Dispute resolution must rely on practical rather than legal factors,False,1.500747263431549,4.37535735219717,0.23324579000473022,0.2660069465637207
1130,Republic of Aurelia_4_338,Republic of Aurelia,Republic of Aurelia_3_70,4,Life support engineer certification gains decisive bargaining power,True,1.1292299032211304,5.504587255418301,0.5517481565475464,0.31902194023132324
1131,Republic of Aurelia_4_337,Republic of Aurelia,Republic of Aurelia_3_70,4,Resource scarcity forces immediate operational compromises,True,1.2921121716499329,5.667469523847103,0.30501294136047363,0.4028748869895935
1132,Republic of Aurelia_4_336,Republic of Aurelia,Republic of Aurelia_3_70,4,Aurelia's technical expertise becomes the primary negotiating leverage,True,1.5524707734584808,5.927828125655651,0.2100829780101776,0.23744624853134155
1133,Republic of Aurelia_3_69,Republic of Aurelia,Republic of Aurelia_2_20,3,Aurelia cannot invoke superior legal authority over competitors,False,1.4494248628616333,4.3240349516272545,0.2502750754356384,0.30030006170272827
1134,Republic of Aurelia_4_312,Republic of Aurelia,Republic of Aurelia_3_69,4,Aurelia's domestic political justification becomes more difficult,True,1.6265927702188492,5.950627721846104,0.09932337701320648,0.27408385276794434
1135,Republic of Aurelia_4_311,Republic of Aurelia,Republic of Aurelia_3_69,4,Other nations gain equal standing in governance negotiations,True,1.5066074132919312,5.830642364919186,0.17898935079574585,0.314403235912323
1136,Republic of Aurelia_4_310,Republic of Aurelia,Republic of Aurelia_3_69,4,Aurelia must rely on technical expertise claims for authority,True,1.2167248725891113,5.540759824216366,0.3626849353313446,0.42059019207954407
1137,Republic of Aurelia_3_68,Republic of Aurelia,Republic of Aurelia_2_20,3,Each nation's legal claims carry equal theoretical weight,False,1.461135596036911,4.335745684802532,0.22218242287635803,0.31668198108673096
1138,Republic of Aurelia_4_319,Republic of Aurelia,Republic of Aurelia_3_68,4,Aurelia must defend its position through practical leverage,True,1.385644406080246,5.721390090882778,0.2909577786922455,0.32339781522750854
1139,Republic of Aurelia_4_318,Republic of Aurelia,Republic of Aurelia_3_68,4,Negotiated power-sharing becomes the only viable framework,True,1.1925230920314789,5.528268776834011,0.3703736662864685,0.4371032416820526
1140,Republic of Aurelia_4_317,Republic of Aurelia,Republic of Aurelia_3_68,4,Aurelia's exclusive control claims lose legal justification,True,1.2857725024223328,5.621518187224865,0.332907497882843,0.3813199996948242
1141,Republic of Aurelia_2_19,Republic of Aurelia,Republic of Aurelia_1_3,2,Aurelia's legal foundation for exclusive control becomes disputed,False,1.2014926671981812,2.8130822107195854,0.35635411739349365,0.4421532154083252
1142,Republic of Aurelia_3_64,Republic of Aurelia,Republic of Aurelia_2_19,3,Aurelia's negotiating position weakens in subsequent discussions,False,1.7098694741725922,4.522951684892178,0.07445964217185974,0.2156708836555481
1143,Republic of Aurelia_4_387,Republic of Aurelia,Republic of Aurelia_3_64,4,Other crews question Republic of Aurelia's technical expertise claims,True,1.1266041100025177,5.649555794894695,0.40273308753967285,0.47066280245780945
1144,Republic of Aurelia_4_386,Republic of Aurelia,Republic of Aurelia_3_64,4,Republic of Aurelia faces pressure to make substantive concessions,True,1.6675687283277512,6.190520413219929,0.061009153723716736,0.2714221179485321
1145,Republic of Aurelia_4_385,Republic of Aurelia,Republic of Aurelia_3_64,4,Other nations propose alternative governance structures excluding Aurelian leadership,True,1.4175359010696411,5.940487585961819,0.16220709681510925,0.42025700211524963
1146,Republic of Aurelia_3_63,Republic of Aurelia,Republic of Aurelia_2_19,3,Other crews gain legitimacy to assert competing control frameworks,False,0.89607834815979,3.7091605588793755,0.5823493599891663,0.5215722918510437
1147,Republic of Aurelia_4_196,Republic of Aurelia,Republic of Aurelia_3_63,4,Habitat management becomes subject to contested authority,False,1.0096131265163422,4.718773685395718,0.5106524229049683,0.4797344505786896
1148,Republic of Aurelia_5_474,Republic of Aurelia,Republic of Aurelia_4_196,5,Aurelia's life support engineer faces conflicting operational directives,True,0.8770902752876282,5.595863960683346,0.5486854910850525,0.5742242336273193
1149,Republic of Aurelia_5_473,Republic of Aurelia,Republic of Aurelia_4_196,5,Multiple crews attempt simultaneous access to integrated control interfaces,True,1.0432942509651184,5.762067936360836,0.5046401023864746,0.452065646648407
1150,Republic of Aurelia_5_472,Republic of Aurelia,Republic of Aurelia_4_196,5,Critical system modifications proceed without unified technical oversight,True,1.2500618696212769,5.9688355550169945,0.34274089336395264,0.4071972370147705
1151,Republic of Aurelia_4_195,Republic of Aurelia,Republic of Aurelia_3_63,4,Multiple competing command structures emerge simultaneously,True,1.4211698174476624,5.130330376327038,0.2888370752334595,0.2899931073188782
1152,Republic of Aurelia_4_194,Republic of Aurelia,Republic of Aurelia_3_63,4,Aurelia's exclusive control claim faces direct operational challenges,False,1.0452903509140015,4.754450909793377,0.4492841958999634,0.5054254531860352
1153,Republic of Aurelia_5_492,Republic of Aurelia,Republic of Aurelia_4_194,5,Republic of Aurelia must defend exclusive control through confrontational measures,True,1.2361468076705933,5.99059771746397,0.345680832862854,0.41817235946655273
1154,Republic of Aurelia_5_490,Republic of Aurelia,Republic of Aurelia_4_194,5,Other crews begin independent access to critical habitat systems,True,0.8972208499908447,5.651671759784222,0.5751229524612427,0.5276561975479126
1155,Republic of Aurelia_3_62,Republic of Aurelia,Republic of Aurelia_2_19,3,Aurelia must defend its claims through alternative legal arguments,False,1.5210027545690536,4.334084965288639,0.2169196754693985,0.26207756996154785
1156,Republic of Aurelia_4_316,Republic of Aurelia,Republic of Aurelia_3_62,4,Aurelia argues necessity doctrine overrides sovereignty restrictions,True,1.194817990064621,5.52890295535326,0.3494992256164551,0.45568278431892395
1157,Republic of Aurelia_4_315,Republic of Aurelia,Republic of Aurelia_3_62,4,Aurelia emphasizes funding contribution as legal basis,True,1.5955977886915207,5.92968275398016,0.16664738953113556,0.23775482177734375
1158,Republic of Aurelia_4_314,Republic of Aurelia,Republic of Aurelia_3_62,4,Aurelia shifts to safety-based justifications for authority,True,1.2294590771198273,5.563544042408466,0.36207836866378784,0.4084625542163849
1159,Republic of Aurelia_1_2,Republic of Aurelia,Republic of Aurelia_0_0,1,Aurelia restricts other crews' access to life support systems,False,0.7657151222229004,0.7657151222229004,0.6169723272323608,0.6173125505447388
1160,Republic of Aurelia_2_7,Republic of Aurelia,Republic of Aurelia_1_2,2,Other crews must request permission for basic life support adjustments,False,0.7031090259552002,1.4688241481781006,0.6549848318099976,0.6419061422348022
1161,Republic of Aurelia_3_18,Republic of Aurelia,Republic of Aurelia_2_7,3,Other crews' mission autonomy becomes compromised,False,0.7622156739234924,2.231039822101593,0.5601809620857239,0.6776033639907837
1162,Republic of Aurelia_4_48,Republic of Aurelia,Republic of Aurelia_3_18,4,Other crews threaten withdrawal from cooperative arrangements,False,1.0955024361610413,3.3265422582626343,0.4522424340248108,0.45225512981414795
1163,Republic of Aurelia_5_132,Republic of Aurelia,Republic of Aurelia_4_48,5,Aurelia's political objectives require demonstrating successful international leadership,False,1.4688296169042587,4.795371875166893,0.17696209251880646,0.3542082905769348
1164,Republic of Aurelia_6_512,Republic of Aurelia,Republic of Aurelia_5_132,6,Aurelia's unilateral control contradicts international leadership requirements,True,1.1931071877479553,5.988479062914848,0.3033962845802307,0.503496527671814
1165,Republic of Aurelia_6_511,Republic of Aurelia,Republic of Aurelia_5_132,6,Aurelia needs other crews' voluntary compliance for leadership credibility,True,1.1136434674263,5.909015342593193,0.4046589434146881,0.48169758915901184
1166,Republic of Aurelia_6_510,Republic of Aurelia,Republic of Aurelia_5_132,6,Aurelia must demonstrate cooperative success to achieve political legitimacy,True,1.4770952761173248,6.272467151284218,0.18948546051979065,0.3334192633628845
1167,Republic of Aurelia_5_131,Republic of Aurelia,Republic of Aurelia_4_48,5,Habitat operations become unstable without multi-crew coordination,False,1.1335633397102356,4.46010559797287,0.3990316689014435,0.4674049913883209
1168,Republic of Aurelia_6_367,Republic of Aurelia,Republic of Aurelia_5_131,6,Resource allocation disputes escalate into operational conflicts,True,1.3263777196407318,5.786483317613602,0.2905772924423218,0.3830449879169464
1169,Republic of Aurelia_6_366,Republic of Aurelia,Republic of Aurelia_5_131,6,Emergency response capabilities become fragmented across competing crews,True,1.0614119470119476,5.5215175449848175,0.44113004207611084,0.49745801091194153
1170,Republic of Aurelia_6_365,Republic of Aurelia,Republic of Aurelia_5_131,6,Critical system failures occur without coordinated maintenance protocols,True,1.197769284248352,5.657874882221222,0.37028783559799194,0.431942880153656
1171,Republic of Aurelia_5_130,Republic of Aurelia,Republic of Aurelia_4_48,5,Aurelia faces potential isolation from international space cooperation,False,1.3620237708091736,4.688566029071808,0.18141654133796692,0.4565596878528595
1172,Republic of Aurelia_6_459,Republic of Aurelia,Republic of Aurelia_5_130,6,Aurelia's domestic space program funding becomes politically vulnerable,True,1.308844119310379,5.997410148382187,0.22303056716918945,0.4681253135204315
1173,Republic of Aurelia_6_458,Republic of Aurelia,Republic of Aurelia_5_130,6,Aurelia loses access to shared space infrastructure projects,True,1.3604417443275452,6.049007773399353,0.2732901871204376,0.3662680685520172
1174,Republic of Aurelia_6_457,Republic of Aurelia,Republic of Aurelia_5_130,6,Aurelia's future lunar missions face restricted international partnerships,True,1.305511087179184,5.994077116250992,0.21308478713035583,0.4814041256904602
1175,Republic of Aurelia_4_47,Republic of Aurelia,Republic of Aurelia_3_18,4,Other crews attempt independent access to critical systems,False,0.9286771416664124,3.1597169637680054,0.556020975112915,0.5153018832206726
1176,Republic of Aurelia_5_113,Republic of Aurelia,Republic of Aurelia_4_47,5,Multiple crews simultaneously manipulate interconnected life support components,False,0.8703691959381104,4.030086159706116,0.5920321941375732,0.5375986099243164
1177,Republic of Aurelia_6_219,Republic of Aurelia,Republic of Aurelia_5_113,6,Aurelia's certified engineer loses unified system oversight,True,1.3400157690048218,5.3701019287109375,0.3484737277030945,0.31151050329208374
1178,Republic of Aurelia_6_218,Republic of Aurelia,Republic of Aurelia_5_113,6,Critical life support parameters become unstable,True,1.1081640422344208,5.1382502019405365,0.42403924465179443,0.4677967131137848
1179,Republic of Aurelia_6_217,Republic of Aurelia,Republic of Aurelia_5_113,6,System conflicts arise from incompatible simultaneous commands,True,1.456390231847763,5.486476391553879,0.25460243225097656,0.2890073359012604
1180,Republic of Aurelia_5_112,Republic of Aurelia,Republic of Aurelia_4_47,5,Aurelia's life support engineer identifies potential safety violations,False,1.0405481159687042,4.20026507973671,0.4942474365234375,0.4652044475078583
1181,Republic of Aurelia_6_273,Republic of Aurelia,Republic of Aurelia_5_112,6,Aurelia's engineer recommends restricting other crews' technical personnel,True,0.9640403389930725,5.164305418729782,0.5199785232543945,0.515981137752533
1182,Republic of Aurelia_6_272,Republic of Aurelia,Republic of Aurelia_5_112,6,Aurelia declares immediate safety protocol enforcement necessary,True,1.2430243492126465,5.443289428949356,0.35475242137908936,0.40222322940826416
1183,Republic of Aurelia_6_271,Republic of Aurelia,Republic of Aurelia_5_112,6,Aurelia's engineer documents unauthorized system access attempts,True,1.4047066867351532,5.604971766471863,0.31047311425209045,0.28482019901275635
1184,Republic of Aurelia_5_111,Republic of Aurelia,Republic of Aurelia_4_47,5,Critical system integrity warnings trigger in habitat control systems,False,1.1900633573532104,4.349780321121216,0.4611993432044983,0.34873729944229126
1185,Republic of Aurelia_6_331,Republic of Aurelia,Republic of Aurelia_5_111,6,Other crews become aware of system instability warnings,True,1.2009804844856262,5.550760805606842,0.41384613513946533,0.38517338037490845
1186,Republic of Aurelia_6_330,Republic of Aurelia,Republic of Aurelia_5_111,6,Habitat's backup safety protocols begin activation sequence,True,1.2479104399681091,5.597690761089325,0.40476900339126587,0.347320556640625
1187,Republic of Aurelia_6_329,Republic of Aurelia,Republic of Aurelia_5_111,6,Aurelia's life support engineer receives automated emergency alerts,True,1.2219225466251373,5.571702867746353,0.40898823738098145,0.3690892159938812
1188,Republic of Aurelia_5_110,Republic of Aurelia,Republic of Aurelia_4_47,5,Aurelia detects unauthorized system access attempts through monitoring protocols,False,1.4677711725234985,4.627488136291504,0.2490789294242859,0.2831498980522156
1189,Republic of Aurelia_6_433,Republic of Aurelia,Republic of Aurelia_5_110,6,Aurelia escalates monitoring surveillance of all system interfaces,True,1.508598193526268,6.136086329817772,0.21210406720638275,0.27929773926734924
1190,Republic of Aurelia_6_432,Republic of Aurelia,Republic of Aurelia_5_110,6,Aurelia confronts other crews about unauthorized access attempts,True,1.1731882393360138,5.800676375627518,0.41283947229385376,0.41397228837013245
1191,Republic of Aurelia_6_431,Republic of Aurelia,Republic of Aurelia_5_110,6,Aurelia initiates emergency lockdown of critical life support controls,True,1.1259919703006744,5.753480106592178,0.43441182374954224,0.4395962059497833
1192,Republic of Aurelia_4_46,Republic of Aurelia,Republic of Aurelia_3_18,4,Other crews challenge Aurelia's authority through coordinated resistance,False,1.1710553765296936,3.4020951986312866,0.41618281602859497,0.4127618074417114
1193,Republic of Aurelia_5_147,Republic of Aurelia,Republic of Aurelia_4_46,5,Aurelia's exclusive control position becomes practically unenforceable,False,1.3302467465400696,4.732341945171356,0.28630760312080383,0.3834456503391266
1194,Republic of Aurelia_6_478,Republic of Aurelia,Republic of Aurelia_5_147,6,Aurelia must negotiate shared control arrangements to maintain habitat access,True,1.1061784327030182,5.838520377874374,0.4037386476993561,0.49008291959762573
1195,Republic of Aurelia_5_146,Republic of Aurelia,Republic of Aurelia_4_46,5,Coordinated resistance creates operational deadlock over life support decisions,False,0.8721492886543274,4.274244487285614,0.5686603784561157,0.5591903328895569
1196,Republic of Aurelia_6_296,Republic of Aurelia,Republic of Aurelia_5_146,6,Republic of Aurelia's certified engineer faces conflicting operational directives,True,1.1541991829872131,5.428443670272827,0.4034947156906128,0.4423061013221741
1197,Republic of Aurelia_6_295,Republic of Aurelia,Republic of Aurelia_5_146,6,Emergency response protocols become fragmented across competing authorities,True,1.1933300495147705,5.4675745368003845,0.3233258128166199,0.4833441376686096
1198,Republic of Aurelia_6_294,Republic of Aurelia,Republic of Aurelia_5_146,6,Critical life support parameters drift without unified oversight,True,0.9473083913326263,5.22155287861824,0.48533883690834045,0.5673527717590332
1199,Republic of Aurelia_5_145,Republic of Aurelia,Republic of Aurelia_4_46,5,Aurelia faces potential physical isolation from critical habitat systems,False,1.420335054397583,4.82243025302887,0.2464197874069214,0.3332451581954956
1200,Republic of Aurelia_6_521,Republic of Aurelia,Republic of Aurelia_5_145,6,Aurelia's crew becomes dependent on other nations for survival data,True,1.2016621828079224,6.024092435836792,0.29586589336395264,0.502471923828125
1201,Republic of Aurelia_6_520,Republic of Aurelia,Republic of Aurelia_5_145,6,Republic of Aurelia cannot independently monitor critical habitat parameters,True,1.2791076302528381,6.101537883281708,0.3092082738876343,0.4116840958595276
1202,Republic of Aurelia_6_519,Republic of Aurelia,Republic of Aurelia_5_145,6,Aurelia's life support engineer loses direct system access,True,1.1727435290813446,5.995173782110214,0.441654235124588,0.3856022357940674
1203,Republic of Aurelia_3_17,Republic of Aurelia,Republic of Aurelia_2_7,3,Non-Aurelian personnel cannot independently troubleshoot life support issues,False,0.8669376373291016,2.335761785507202,0.5332190990447998,0.5998432636260986
1204,Republic of Aurelia_4_51,Republic of Aurelia,Republic of Aurelia_3_17,4,Aurelia gains leverage through exclusive technical knowledge access,False,1.5712066292762756,3.906968414783478,0.2267337441444397,0.20205962657928467
1205,Republic of Aurelia_5_211,Republic of Aurelia,Republic of Aurelia_4_51,5,Aurelia controls information flow about system status,True,1.3918399214744568,5.298808336257935,0.2713802456855774,0.3367798328399658
1206,Republic of Aurelia_5_210,Republic of Aurelia,Republic of Aurelia_4_51,5,Non-Aurelian crews cannot verify Aurelian technical claims,True,1.3903377950191498,5.297306209802628,0.31314098834991455,0.29652121663093567
1207,Republic of Aurelia_5_208,Republic of Aurelia,Republic of Aurelia_4_51,5,Other crews become dependent on Aurelian technical decisions,False,0.9732922911643982,4.880260705947876,0.5106470584869385,0.5160606503486633
1208,Republic of Aurelia_6_529,Republic of Aurelia,Republic of Aurelia_5_208,6,Republic of Aurelia dictates operational schedules through system access,True,1.2761880159378052,6.156448721885681,0.27897846698760986,0.44483351707458496
1209,Republic of Aurelia_6_528,Republic of Aurelia,Republic of Aurelia_5_208,6,Non-Aurelian crews must accept Aurelian safety determinations,True,0.9492413997650146,5.829502105712891,0.5109157562255859,0.5398428440093994
1210,Republic of Aurelia_6_527,Republic of Aurelia,Republic of Aurelia_5_208,6,Republic of Aurelia controls habitat emergency response procedures,True,0.990922600030899,5.871183305978775,0.4709572494029999,0.5381201505661011
1211,Republic of Aurelia_4_50,Republic of Aurelia,Republic of Aurelia_3_17,4,Non-Aurelian crews face delayed response to life support emergencies,False,1.0320889949798584,3.3678507804870605,0.46312546730041504,0.5047855377197266
1212,Republic of Aurelia_5_138,Republic of Aurelia,Republic of Aurelia_4_50,5,Non-Aurelian personnel begin demanding direct access to backup life support controls,False,0.8839046359062195,4.25175541639328,0.5510218143463135,0.565073549747467
1213,Republic of Aurelia_6_281,Republic of Aurelia,Republic of Aurelia_5_138,6,Non-Aurelian crews attempt to locate backup life support interfaces,True,1.0030618906021118,5.254817306995392,0.4915400743484497,0.5053980350494385
1214,Republic of Aurelia_6_280,Republic of Aurelia,Republic of Aurelia_5_138,6,Aurelia perceives direct threats to its exclusive systems control,True,1.2237394154071808,5.475494831800461,0.3681066930294037,0.4081538915634155
1215,Republic of Aurelia_5_137,Republic of Aurelia,Republic of Aurelia_4_50,5,Other nations' crews develop contingency protocols bypassing Aurelian authorization,False,0.9898760914802551,4.357726871967316,0.4478158950805664,0.5623080134391785
1216,Republic of Aurelia_6_332,Republic of Aurelia,Republic of Aurelia_5_137,6,Aurelia loses exclusive control over critical habitat systems,True,1.2284929156303406,5.586219787597656,0.36915352940559387,0.40235355496406555
1217,Republic of Aurelia_5_136,Republic of Aurelia,Republic of Aurelia_4_50,5,Non-Aurelian crew members experience increased physiological stress from emergency vulnerability,False,1.0918320417404175,4.459682822227478,0.46139031648635864,0.4467776417732239
1218,Republic of Aurelia_6_364,Republic of Aurelia,Republic of Aurelia_5_136,6,Physiological stress degrades non-Aurelian crew cognitive performance under pressure,True,1.4083200693130493,5.868002891540527,0.2905474901199341,0.3011324405670166
1219,Republic of Aurelia_6_363,Republic of Aurelia,Republic of Aurelia_5_136,6,Non-Aurelian crews begin developing contingency plans for system independence,True,1.090900719165802,5.55058354139328,0.39269310235977173,0.5164061784744263
1220,Republic of Aurelia_6_362,Republic of Aurelia,Republic of Aurelia_5_136,6,Stressed non-Aurelian crew members make more operational errors,True,1.1278417110443115,5.5875245332717896,0.4100738763809204,0.46208441257476807
1221,Republic of Aurelia_4_49,Republic of Aurelia,Republic of Aurelia_3_17,4,Other crews become dependent on Aurelian expertise for system failures,False,1.034086138010025,3.369847923517227,0.4829378128051758,0.4829760491847992
1222,Republic of Aurelia_5_141,Republic of Aurelia,Republic of Aurelia_4_49,5,Aurelia becomes indispensable to habitat survival operations,False,1.3626225590705872,4.732470482587814,0.318397581577301,0.3189798593521118
1223,Republic of Aurelia_6_481,Republic of Aurelia,Republic of Aurelia_5_141,6,Other nations must accept Aurelian technical authority,True,1.3227868974208832,6.0552573800086975,0.25316131114959717,0.42405179142951965
1224,Republic of Aurelia_6_480,Republic of Aurelia,Republic of Aurelia_5_141,6,Aurelia gains leverage in resource allocation negotiations,True,1.5715766251087189,6.304047107696533,0.18457341194152832,0.2438499629497528
1225,Republic of Aurelia_6_479,Republic of Aurelia,Republic of Aurelia_5_141,6,Other crews cannot override Aurelian life support decisions,True,0.6492800712585449,5.381750553846359,0.679182767868042,0.6715371608734131
1226,Republic of Aurelia_5_140,Republic of Aurelia,Republic of Aurelia_4_49,5,Other crews must accept Aurelian technical judgments without verification,False,1.055435597896576,4.425283521413803,0.4711493253707886,0.4734150767326355
1227,Republic of Aurelia_6_351,Republic of Aurelia,Republic of Aurelia_5_140,6,Non-Aurelian crew members lose technical situational awareness,True,1.136863797903061,5.562147319316864,0.42706167697906494,0.43607452511787415
1228,Republic of Aurelia_6_350,Republic of Aurelia,Republic of Aurelia_5_140,6,Aurelian decisions become uncontestable regardless of technical merit,True,1.5636201053857803,5.988903626799583,0.22322280704975128,0.21315708756446838
1229,Republic of Aurelia_6_349,Republic of Aurelia,Republic of Aurelia_5_140,6,Other crews cannot verify safety of critical system modifications,True,0.9992221891880035,5.424505710601807,0.5568433403968811,0.44393447041511536
1230,Republic of Aurelia_3_16,Republic of Aurelia,Republic of Aurelia_2_7,3,Republic of Aurelia gains operational leverage over competing missions,False,1.4209091812372208,2.8897333294153214,0.22856514155864716,0.3505256772041321
1231,Republic of Aurelia_4_76,Republic of Aurelia,Republic of Aurelia_3_16,4,Competing missions must negotiate through Aurelian operational framework,False,1.1409805119037628,4.030713841319084,0.3320883810520172,0.52693110704422
1232,Republic of Aurelia_5_222,Republic of Aurelia,Republic of Aurelia_4_76,5,Republic of Aurelia determines resource allocation schedules for competing missions,True,1.2378497421741486,5.268563583493233,0.24965056777000427,0.5124996900558472
1233,Republic of Aurelia_5_221,Republic of Aurelia,Republic of Aurelia_4_76,5,Other crews operate under Aurelian safety protocols and procedures,False,0.9295614361763,4.960275277495384,0.5339090824127197,0.5365294814109802
1234,Republic of Aurelia_6_539,Republic of Aurelia,Republic of Aurelia_5_221,6,Aurelian crew becomes de facto supervisory authority over joint operations,True,0.9234218001365662,5.88369707763195,0.5418918132781982,0.5346863865852356
1235,Republic of Aurelia_6_538,Republic of Aurelia,Republic of Aurelia_5_221,6,Republic of Aurelia controls training requirements for system access,True,1.2827645540237427,6.243039831519127,0.3089774250984192,0.40825802087783813
1236,Republic of Aurelia_6_537,Republic of Aurelia,Republic of Aurelia_5_221,6,Other crews must follow Aurelian emergency response protocols,True,0.9184746742248535,5.878749951720238,0.5228503942489624,0.5586749315261841
1237,Republic of Aurelia_6_536,Republic of Aurelia,Republic of Aurelia_5_221,6,Republic of Aurelia establishes standardized operational procedures for all habitat activities,True,1.2025214731693268,6.162796750664711,0.3487602472305298,0.44871827960014343
1238,Republic of Aurelia_5_220,Republic of Aurelia,Republic of Aurelia_4_76,5,Republic of Aurelia controls mission timeline and operational priorities,True,1.173867791891098,5.204581633210182,0.3186279237270355,0.5075042843818665
1239,Republic of Aurelia_4_75,Republic of Aurelia,Republic of Aurelia_3_16,4,Republic of Aurelia controls critical system access protocols,False,1.2162325382232666,4.105965867638588,0.344643235206604,0.4391242265701294
1240,Republic of Aurelia_5_245,Republic of Aurelia,Republic of Aurelia_4_75,5,Other crews depend on Aurelian authorization for system modifications,True,0.9794601798057556,5.085426047444344,0.5120707154273987,0.5084691047668457
1241,Republic of Aurelia_5_244,Republic of Aurelia,Republic of Aurelia_4_75,5,Republic of Aurelia sets power distribution priorities between national zones,True,1.4680199176073074,5.573985785245895,0.2064179629087448,0.32556211948394775
1242,Republic of Aurelia_5_243,Republic of Aurelia,Republic of Aurelia_4_75,5,Republic of Aurelia determines which crew members access oxygen controls,True,0.9167282581329346,5.0226941257715225,0.5323609113693237,0.5509108304977417
1243,Republic of Aurelia_3_15,Republic of Aurelia,Republic of Aurelia_2_7,3,Other crews develop dependency on Aurelian technical expertise,False,1.207878053188324,2.6767022013664246,0.3994334936141968,0.39268845319747925
1244,Republic of Aurelia_4_61,Republic of Aurelia,Republic of Aurelia_3_15,4,Aurelia's technical authority becomes difficult to challenge,False,1.3593879640102386,4.036090165376663,0.26808348298072815,0.3725285530090332
1245,Republic of Aurelia_5_225,Republic of Aurelia,Republic of Aurelia_4_61,5,Other crews must accept Aurelian assessments of system risks,True,1.0206109881401062,5.056701153516769,0.48554277420043945,0.49384623765945435
1246,Republic of Aurelia_5_224,Republic of Aurelia,Republic of Aurelia_4_61,5,Aurelia gains unilateral authority over critical system modifications,True,1.2874416708946228,5.323531836271286,0.3285243511199951,0.3840339779853821
1247,Republic of Aurelia_4_60,Republic of Aurelia,Republic of Aurelia_3_15,4,Other crews cannot independently troubleshoot critical system failures,False,0.99504154920578,3.6717437505722046,0.5203441381454468,0.4846143126487732
1248,Republic of Aurelia_5_192,Republic of Aurelia,Republic of Aurelia_4_60,5,Republic of Aurelia becomes single point of failure for habitat survival,False,1.2796571552753448,4.951400905847549,0.3181227445602417,0.40222010016441345
1249,Republic of Aurelia_6_532,Republic of Aurelia,Republic of Aurelia_5_192,6,Habitat survival depends entirely on Aurelian crew health and availability,True,1.0775600373744965,6.028960943222046,0.4799611270427704,0.44247883558273315
1250,Republic of Aurelia_6_531,Republic of Aurelia,Republic of Aurelia_5_192,6,Other crews cannot maintain life support without Aurelian cooperation,True,0.7244380712509155,5.675838977098465,0.6174590587615967,0.6581028699874878
1251,Republic of Aurelia_6_530,Republic of Aurelia,Republic of Aurelia_5_192,6,Any incapacitation of Aurelian crew threatens all habitat occupants,True,0.9425197839736938,5.893920689821243,0.5386816263198853,0.5187985897064209
1252,Republic of Aurelia_5_191,Republic of Aurelia,Republic of Aurelia_4_60,5,Other crews face potentially fatal delays during emergency repairs,False,1.1230731904506683,4.794816941022873,0.46950265765190125,0.4074241518974304
1253,Republic of Aurelia_6_509,Republic of Aurelia,Republic of Aurelia_5_191,6,Other crews prioritize evacuation planning over collaborative operations,True,0.9846969246864319,5.779513865709305,0.5094928741455078,0.5058102011680603
1254,Republic of Aurelia_6_508,Republic of Aurelia,Republic of Aurelia_5_191,6,Other crews begin developing unauthorized backup repair procedures,True,1.2062009871006012,6.001017928123474,0.3967486619949341,0.3970503509044647
1255,Republic of Aurelia_6_507,Republic of Aurelia,Republic of Aurelia_5_191,6,Other crews lose confidence in Aurelian emergency response capabilities,True,1.148506760597229,5.943323701620102,0.4139801263809204,0.4375131130218506
1256,Republic of Aurelia_4_59,Republic of Aurelia,Republic of Aurelia_3_15,4,Aurelia gains leverage over other crews' operational decisions,False,1.1536847054958344,3.830386906862259,0.4347236752510071,0.41159161925315857
1257,Republic of Aurelia_5_200,Republic of Aurelia,Republic of Aurelia_4_59,5,Aurelia controls timing of critical maintenance operations,True,1.2418367862701416,5.0722236931324005,0.334930956363678,0.4232322573661804
1258,Republic of Aurelia_5_199,Republic of Aurelia,Republic of Aurelia_4_59,5,Other crews cannot make independent operational plans,False,0.8845881223678589,4.714975029230118,0.545140266418457,0.5702716112136841
1259,Republic of Aurelia_6_471,Republic of Aurelia,Republic of Aurelia_5_199,6,Other crews lose strategic autonomy in mission execution,True,0.8267624974250793,5.541737526655197,0.5467541813850403,0.6264833211898804
1260,Republic of Aurelia_6_470,Republic of Aurelia,Republic of Aurelia_5_199,6,Other crews cannot respond quickly to emergencies,True,1.0907458066940308,5.805720835924149,0.45061779022216797,0.45863640308380127
1261,Republic of Aurelia_6_469,Republic of Aurelia,Republic of Aurelia_5_199,6,Other crews must coordinate all activities through Aurelia,True,1.0327913761138916,5.747766405344009,0.4390246868133545,0.5281839370727539
1262,Republic of Aurelia_5_198,Republic of Aurelia,Republic of Aurelia_4_59,5,Aurelia can threaten system shutdown to enforce compliance,True,1.4043091237545013,5.23469603061676,0.25969401001930237,0.3359968662261963
1263,Republic of Aurelia_5_197,Republic of Aurelia,Republic of Aurelia_4_59,5,Other crews must accept Aurelian conditions for habitat access,False,0.9249192476272583,4.755306154489517,0.5326424837112427,0.542438268661499
1264,Republic of Aurelia_6_496,Republic of Aurelia,Republic of Aurelia_5_197,6,Other nations' mission objectives become subordinate to Aurelian priorities,True,1.432138442993164,6.187444597482681,0.183996319770813,0.38386523723602295
1265,Republic of Aurelia_6_495,Republic of Aurelia,Republic of Aurelia_5_197,6,Aurelia controls crew rotation and personnel assignment decisions,True,1.0235055088996887,5.778811663389206,0.44721925258636475,0.5292752385139465
1266,Republic of Aurelia_6_494,Republic of Aurelia,Republic of Aurelia_5_197,6,Other crews operate under Aurelian mission protocols and procedures,True,0.9001319408416748,5.655438095331192,0.4907190799713135,0.6091489791870117
1267,Republic of Aurelia_6_493,Republic of Aurelia,Republic of Aurelia_5_197,6,Aurelia establishes de facto sovereignty over Selene Station operations,True,1.228536069393158,5.983842223882675,0.36787593364715576,0.4035879969596863
1268,Republic of Aurelia_2_6,Republic of Aurelia,Republic of Aurelia_1_2,2,Aurelia gains unilateral control over oxygen distribution rates,False,1.4474887549877167,2.213203877210617,0.25578540563583374,0.2967258393764496
1269,Republic of Aurelia_3_45,Republic of Aurelia,Republic of Aurelia_2_6,3,Aurelia's life support engineer becomes sole arbiter of breathing safety,False,1.0999214351177216,3.3131253123283386,0.49789249897003174,0.4021860659122467
1270,Republic of Aurelia_4_129,Republic of Aurelia,Republic of Aurelia_3_45,4,Non-Aurelian crew members become dependent on Aurelian technical judgment,False,1.0365692377090454,4.349694550037384,0.45535218715667725,0.5080785751342773
1271,Republic of Aurelia_5_328,Republic of Aurelia,Republic of Aurelia_4_129,5,Aurelia gains leverage to enforce crew reduction demands,True,1.2791194319725037,5.628813982009888,0.3700754642486572,0.3508051037788391
1272,Republic of Aurelia_5_326,Republic of Aurelia,Republic of Aurelia_4_129,5,Other crews must accept Aurelian safety protocols without technical verification,True,0.9985374808311462,5.34823203086853,0.5030979514122009,0.49836456775665283
1273,Republic of Aurelia_4_128,Republic of Aurelia,Republic of Aurelia_3_45,4,Aurelia's engineer controls who receives adequate oxygen allocation,False,1.2885498702526093,4.601675182580948,0.3536616265773773,0.3577885031700134
1274,Republic of Aurelia_5_424,Republic of Aurelia,Republic of Aurelia_4_128,5,Aurelia's engineer determines survival priority among competing crew members,True,0.9837577044963837,5.5854328870773315,0.5353319644927979,0.4809103310108185
1275,Republic of Aurelia_4_127,Republic of Aurelia,Republic of Aurelia_3_45,4,Other crews must defer to Aurelian engineer's life support decisions,False,0.7257854342460632,4.038910746574402,0.6547558903694153,0.6194586753845215
1276,Republic of Aurelia_5_228,Republic of Aurelia,Republic of Aurelia_4_127,5,Aurelian engineer's technical judgments become unchallengeable by other crews,True,1.3583049178123474,5.397215664386749,0.3883576989173889,0.25333738327026367
1277,Republic of Aurelia_5_226,Republic of Aurelia,Republic of Aurelia_4_127,5,Aurelian engineer controls crew survival through oxygen allocation decisions,True,0.9607520699501038,4.999662816524506,0.5456434488296509,0.49360448122024536
1278,Republic of Aurelia_3_44,Republic of Aurelia,Republic of Aurelia_2_6,3,Other nations lose ability to independently verify oxygen levels,False,1.3573298454284668,3.570533722639084,0.2685856819152832,0.37408447265625
1279,Republic of Aurelia_4_177,Republic of Aurelia,Republic of Aurelia_3_44,4,Other nations lose technical verification of life support safety margins,False,1.0537238717079163,4.624257594347,0.4411540627479553,0.5051220655441284
1280,Republic of Aurelia_5_427,Republic of Aurelia,Republic of Aurelia_4_177,5,Other nations lose capacity for independent safety decision-making,True,1.0984721183776855,5.722729712724686,0.37886345386505127,0.5226644277572632
1281,Republic of Aurelia_5_426,Republic of Aurelia,Republic of Aurelia_4_177,5,Other nations must rely solely on Aurelian technical assessments,True,1.474197432398796,6.098455026745796,0.2243930846452713,0.3014094829559326
1282,Republic of Aurelia_5_425,Republic of Aurelia,Republic of Aurelia_4_177,5,Other nations cannot independently assess system failure risks,True,1.2550219893455505,5.879279583692551,0.30817949771881104,0.4367985129356384
1283,Republic of Aurelia_4_176,Republic of Aurelia,Republic of Aurelia_3_44,4,Other nations cannot detect potential oxygen system malfunctions independently,False,1.4042320251464844,4.974765747785568,0.25831466913223267,0.33745330572128296
1284,Republic of Aurelia_5_552,Republic of Aurelia,Republic of Aurelia_4_176,5,Other nations lose technical verification capabilities for critical systems,True,1.4514607042074203,6.426226451992989,0.22275735437870026,0.3257819414138794
1285,Republic of Aurelia_5_551,Republic of Aurelia,Republic of Aurelia_4_176,5,Other nations cannot independently assess life support system reliability,True,1.0114638805389404,5.986229628324509,0.4469611644744873,0.5415749549865723
1286,Republic of Aurelia_5_550,Republic of Aurelia,Republic of Aurelia_4_176,5,Other nations must rely entirely on Aurelia's oxygen status reports,True,1.4173270761966705,6.392092823982239,0.25481417775154114,0.32785874605178833
1287,Republic of Aurelia_4_175,Republic of Aurelia,Republic of Aurelia_3_44,4,Other nations must rely on Aurelia's oxygen level reports,True,1.4647389948368073,5.035272717475891,0.19382140040397644,0.3414396047592163
1288,Republic of Aurelia_3_43,Republic of Aurelia,Republic of Aurelia_2_6,3,Aurelia can reduce oxygen flow to non-Aurelian crew members,False,1.4144367575645447,3.6276406347751617,0.27003663778305054,0.3155266046524048
1289,Republic of Aurelia_4_187,Republic of Aurelia,Republic of Aurelia_3_43,4,Republic of Aurelia gains life-or-death leverage over competitors,True,1.447988674044609,5.075629308819771,0.23567254841327667,0.31633877754211426
1290,Republic of Aurelia_4_186,Republic of Aurelia,Republic of Aurelia_3_43,4,Other nations' crews become dependent on Aurelian decisions,False,1.0691267848014832,4.696767419576645,0.40912747383117676,0.5217457413673401
1291,Republic of Aurelia_5_462,Republic of Aurelia,Republic of Aurelia_4_186,5,Non-Aurelian personnel face potential life support rationing,True,0.9035623073577881,5.600329726934433,0.5001667141914368,0.5962709784507751
1292,Republic of Aurelia_5_461,Republic of Aurelia,Republic of Aurelia_4_186,5,Other crews must comply with Aurelian operational protocols,True,0.9540592730045319,5.650826692581177,0.48890241980552673,0.5570383071899414
1293,Republic of Aurelia_5_460,Republic of Aurelia,Republic of Aurelia_4_186,5,Other nations lose bargaining power in habitat negotiations,True,1.3461139500141144,6.042881369590759,0.2972671389579773,0.3566189110279083
1294,Republic of Aurelia_4_185,Republic of Aurelia,Republic of Aurelia_3_43,4,Non-Aurelian crew members face immediate physiological impairment,False,1.1465720236301422,4.774212658405304,0.4089305102825165,0.4444974660873413
1295,Republic of Aurelia_5_506,Republic of Aurelia,Republic of Aurelia_4_185,5,Other nations' mission control declares medical emergency status,True,1.1478063762187958,5.9220190346241,0.35125449299812317,0.500939130783081
1296,Republic of Aurelia_5_505,Republic of Aurelia,Republic of Aurelia_4_185,5,Impaired crew members cannot perform critical mission functions,True,0.9670414924621582,5.741254150867462,0.5036931037902832,0.5292654037475586
1297,Republic of Aurelia_5_504,Republic of Aurelia,Republic of Aurelia_4_185,5,Non-Aurelian crews attempt emergency override of oxygen controls,True,0.8956974744796753,5.669910132884979,0.5637457966804504,0.5405567288398743
1298,Republic of Aurelia_2_5,Republic of Aurelia,Republic of Aurelia_1_2,2,Other crews cannot monitor critical system parameters independently,False,1.0215976238250732,1.7873127460479736,0.5066884756088257,0.4717139005661011
1299,Republic of Aurelia_3_24,Republic of Aurelia,Republic of Aurelia_2_5,3,Other crews lose situational awareness of habitat conditions,False,1.0720170438289642,2.859329789876938,0.4968043863773346,0.43117856979370117
1300,Republic of Aurelia_4_67,Republic of Aurelia,Republic of Aurelia_3_24,4,Other crews question Aurelia's technical decisions without data,False,1.1363886594772339,3.9957184493541718,0.4011331796646118,0.4624781608581543
1301,Republic of Aurelia_5_216,Republic of Aurelia,Republic of Aurelia_4_67,5,Other crews refuse to follow Aurelia's operational directives,True,1.0143012702465057,5.0100197196006775,0.4889647662639618,0.49673396348953247
1302,Republic of Aurelia_5_215,Republic of Aurelia,Republic of Aurelia_4_67,5,Other crews suspect Aurelia of withholding critical safety information,True,1.1967999339103699,5.192518383264542,0.41926077008247375,0.38393929600715637
1303,Republic of Aurelia_5_214,Republic of Aurelia,Republic of Aurelia_4_67,5,Other crews demand independent verification of Aurelia's system reports,True,1.2191772758960724,5.214895725250244,0.38881275057792664,0.392009973526001
1304,Republic of Aurelia_4_66,Republic of Aurelia,Republic of Aurelia_3_24,4,Other crews develop independent contingency plans without coordination,False,1.002240538597107,3.861570328474045,0.4624234437942505,0.5353360176086426
1305,Republic of Aurelia_5_206,Republic of Aurelia,Republic of Aurelia_4_66,5,Competing contingency plans fragment habitat resource allocation,False,1.0991780161857605,4.960748344659805,0.4144201874732971,0.4864017963409424
1306,Republic of Aurelia_6_542,Republic of Aurelia,Republic of Aurelia_5_206,6,Habitat power distribution becomes inefficiently duplicated,True,1.3790351450443268,6.339783489704132,0.315481036901474,0.3054838180541992
1307,Republic of Aurelia_6_541,Republic of Aurelia,Republic of Aurelia_5_206,6,Resource hoarding behaviors emerge among competing crews,True,1.2748026847839355,6.235551029443741,0.3768261671066284,0.34837114810943604
1308,Republic of Aurelia_6_540,Republic of Aurelia,Republic of Aurelia_5_206,6,Critical systems receive conflicting operational commands,True,1.307642549276352,6.268390893936157,0.34630700945854187,0.3460504412651062
1309,Republic of Aurelia_5_205,Republic of Aurelia,Republic of Aurelia_4_66,5,Other crews prepare unilateral actions bypassing Aurelian oversight,False,0.9672368764877319,4.828807204961777,0.5098916292190552,0.5228714942932129
1310,Republic of Aurelia_6_522,Republic of Aurelia,Republic of Aurelia_5_205,6,Other crews attempt direct physical access to restricted systems,True,0.9913390874862671,5.820146292448044,0.5385113954544067,0.47014951705932617
1311,Republic of Aurelia_5_204,Republic of Aurelia,Republic of Aurelia_4_66,5,Independent contingency plans create conflicting operational protocols,True,1.1271349787712097,4.9887053072452545,0.3613523840904236,0.5115126371383667
1312,Republic of Aurelia_4_65,Republic of Aurelia,Republic of Aurelia_3_24,4,Other crews cannot verify Aurelia's system status reports,False,1.2917055785655975,4.151035368442535,0.36131367087364197,0.3469807505607605
1313,Republic of Aurelia_5_255,Republic of Aurelia,Republic of Aurelia_4_65,5,Other crews cannot make informed decisions about habitat safety,False,0.8220852017402649,4.9731205701828,0.6318099498748779,0.5461048483848572
1314,Republic of Aurelia_6_549,Republic of Aurelia,Republic of Aurelia_5_255,6,Other crews lose ability to assess evacuation timing,True,1.1292585730552673,6.102379143238068,0.4202382564544678,0.4505031704902649
1315,Republic of Aurelia_6_548,Republic of Aurelia,Republic of Aurelia_5_255,6,Other crews cannot independently validate emergency response protocols,True,0.9380287528038025,5.911149322986603,0.5566279888153076,0.5053432583808899
1316,Republic of Aurelia_6_547,Republic of Aurelia,Republic of Aurelia_5_255,6,Other crews must rely on Aurelia's unverified safety assessments,True,1.0774230360984802,6.0505436062812805,0.4610854983329773,0.4614914655685425
1317,Republic of Aurelia_5_253,Republic of Aurelia,Republic of Aurelia_4_65,5,Other crews must rely entirely on Aurelia's verbal reports,True,1.2768162190914154,5.427851587533951,0.39799970388412476,0.32518407702445984
1318,Republic of Aurelia_3_23,Republic of Aurelia,Republic of Aurelia_2_5,3,Other crews cannot verify Aurelia's technical assessments independently,False,1.2175027430057526,3.004815489053726,0.3855888545513153,0.39690840244293213
1319,Republic of Aurelia_4_91,Republic of Aurelia,Republic of Aurelia_3_23,4,Other crews cannot challenge Aurelia's resource allocation decisions technically,False,0.9684312045574188,3.973246693611145,0.49573907256126404,0.5358297228813171
1320,Republic of Aurelia_5_213,Republic of Aurelia,Republic of Aurelia_4_91,5,Other crews must accept Aurelia's resource distribution without technical dispute,True,1.0391806364059448,5.01242733001709,0.42786478996276855,0.5329545736312866
1321,Republic of Aurelia_4_90,Republic of Aurelia,Republic of Aurelia_3_23,4,Other crews develop suspicion about Aurelia's technical claims,False,1.3343183994293213,4.3391338884830475,0.3198016285896301,0.3458799719810486
1322,Republic of Aurelia_5_322,Republic of Aurelia,Republic of Aurelia_4_90,5,Other crews seek alternative technical expertise sources,True,1.2692501544952393,5.608384042978287,0.3845566511154175,0.34619319438934326
1323,Republic of Aurelia_5_321,Republic of Aurelia,Republic of Aurelia_4_90,5,Other crews question Aurelia's capacity assessments for personnel limits,True,1.0493884682655334,5.388522356748581,0.43079864978790283,0.5198128819465637
1324,Republic of Aurelia_5_320,Republic of Aurelia,Republic of Aurelia_4_90,5,Other crews demand independent access to system diagnostics,True,1.075427621603012,5.41456151008606,0.4802369177341461,0.4443354606628418
1325,Republic of Aurelia_4_89,Republic of Aurelia,Republic of Aurelia_3_23,4,Other crews must accept Aurelia's technical decisions without independent validation,False,0.9532193541526794,3.9580348432064056,0.4943275451660156,0.5524531006813049
1326,Republic of Aurelia_5_212,Republic of Aurelia,Republic of Aurelia_4_89,5,Other crews lose technical decision-making autonomy regarding habitat operations,True,0.7220845222473145,4.68011936545372,0.6528716087341309,0.6250438690185547
1327,Republic of Aurelia_3_22,Republic of Aurelia,Republic of Aurelia_2_5,3,Other crews must rely on Aurelia's reports for system status,False,1.113075464963913,2.9003882110118866,0.43191829323768616,0.4550062417984009
1328,Republic of Aurelia_4_78,Republic of Aurelia,Republic of Aurelia_3_22,4,Other crews develop suspicion about Aurelia's information transparency,False,1.373302936553955,4.273691147565842,0.2733587622642517,0.3533383011817932
1329,Republic of Aurelia_5_292,Republic of Aurelia,Republic of Aurelia_4_78,5,Other crews demand direct access to diagnostic interfaces,True,1.1940840482711792,5.467775195837021,0.45243537425994873,0.35348057746887207
1330,Republic of Aurelia_5_291,Republic of Aurelia,Republic of Aurelia_4_78,5,Other crews question Aurelia's technical assessments publicly,True,1.1711536645889282,5.44484481215477,0.40075117349624634,0.42809516191482544
1331,Republic of Aurelia_5_290,Republic of Aurelia,Republic of Aurelia_4_78,5,Other crews begin independent verification attempts of system data,True,1.3185380697250366,5.592229217290878,0.35683315992355347,0.3246287703514099
1332,Republic of Aurelia_1_1,Republic of Aurelia,Republic of Aurelia_0_0,1,Other crews reject Aurelia's exclusive control demands,False,0.9329910278320312,0.9329910278320312,0.5313403606414795,0.5356686115264893
1333,Republic of Aurelia_2_11,Republic of Aurelia,Republic of Aurelia_1_1,2,Republic of Aurelia considers escalatory measures to maintain habitat control,False,1.220337599515915,2.153328627347946,0.3436281085014343,0.43603429198265076
1334,Republic of Aurelia_3_38,Republic of Aurelia,Republic of Aurelia_2_11,3,Aurelia positions crew members at strategic habitat control points,False,0.9828608632087708,3.136189490556717,0.5047912001609802,0.512347936630249
1335,Republic of Aurelia_4_109,Republic of Aurelia,Republic of Aurelia_3_38,4,Other nations' crews are forced into defensive positioning,False,1.1756838262081146,4.3118733167648315,0.36525821685791016,0.4590579569339752
1336,Republic of Aurelia_5_309,Republic of Aurelia,Republic of Aurelia_4_109,5,Republic of Aurelia perceives defensive positioning as validation of control strategy,True,1.3141628503799438,5.626036167144775,0.3082088232040405,0.3776283264160156
1337,Republic of Aurelia_5_308,Republic of Aurelia,Republic of Aurelia_4_109,5,Habitat operational efficiency degrades due to crew territorial divisions,True,1.2357166409492493,5.547589957714081,0.36707621812820435,0.3972071409225464
1338,Republic of Aurelia_5_307,Republic of Aurelia,Republic of Aurelia_4_109,5,Physical confrontation risk escalates within confined habitat spaces,True,1.2275234162807465,5.539396733045578,0.3802737295627594,0.39220285415649414
1339,Republic of Aurelia_4_108,Republic of Aurelia,Republic of Aurelia_3_38,4,Tension escalates between crews over access to essential equipment,False,1.1376586258411407,4.273848116397858,0.49985024333000183,0.3624911308288574
1340,Republic of Aurelia_5_293,Republic of Aurelia,Republic of Aurelia_4_108,5,Republic of Aurelia restricts other crews' physical access to life support controls,False,0.6957845091819763,4.969632625579834,0.6363253593444824,0.6678901314735413
1341,Republic of Aurelia_6_546,Republic of Aurelia,Republic of Aurelia_5_293,6,Habitat operations become dependent on Aurelian crew cooperation,True,0.9735637307167053,5.943196356296539,0.49195075035095215,0.5344855189323425
1342,Republic of Aurelia_6_544,Republic of Aurelia,Republic of Aurelia_5_293,6,Republic of Aurelia gains tactical advantage over critical systems,True,1.5861191600561142,6.555751785635948,0.14962370693683624,0.26425713300704956
1343,Republic of Aurelia_3_37,Republic of Aurelia,Republic of Aurelia_2_11,3,Aurelia begins unilateral modifications to habitat control protocols,False,1.2591323256492615,3.4124609529972076,0.33654874563217163,0.4043189287185669
1344,Republic of Aurelia_4_154,Republic of Aurelia,Republic of Aurelia_3_37,4,Other crews move to physically prevent further modifications,False,1.0696989595890045,4.482159912586212,0.502621054649353,0.42767998576164246
1345,Republic of Aurelia_5_372,Republic of Aurelia,Republic of Aurelia_4_154,5,Physical confrontation erupts between Aurelian and other crews,True,1.3402981758117676,5.82245808839798,0.32704371213912964,0.3326581120491028
1346,Republic of Aurelia_4_153,Republic of Aurelia,Republic of Aurelia_3_37,4,Republic of Aurelia's modifications trigger system security alerts,False,1.4608854949474335,4.873346447944641,0.21008989214897156,0.32902461290359497
1347,Republic of Aurelia_5_525,Republic of Aurelia,Republic of Aurelia_4_153,5,Republic of Aurelia's modifications are logged in permanent system records,True,1.606859177350998,6.480205625295639,0.14187365770339966,0.2512671649456024
1348,Republic of Aurelia_5_524,Republic of Aurelia,Republic of Aurelia_4_153,5,Habitat's fail-safe protocols begin restricting access to modified systems,True,1.0801818370819092,5.95352828502655,0.46234187483787537,0.45747628808021545
1349,Republic of Aurelia_5_523,Republic of Aurelia,Republic of Aurelia_4_153,5,Other crews receive automated warnings about unauthorized system changes,True,1.168812781572342,6.042159229516983,0.4471700191497803,0.3840171992778778
1350,Republic of Aurelia_4_152,Republic of Aurelia,Republic of Aurelia_3_37,4,Habitat's integrated control system registers protocol conflicts,False,1.100111484527588,4.5125724375247955,0.4685174226760864,0.4313710927963257
1351,Republic of Aurelia_5_378,Republic of Aurelia,Republic of Aurelia_4_152,5,Life support monitoring displays show conflicting command inputs,True,1.3009649217128754,5.813537359237671,0.36548808217048645,0.3335469961166382
1352,Republic of Aurelia_4_151,Republic of Aurelia,Republic of Aurelia_3_37,4,Other crews detect unauthorized changes to critical systems,False,1.139367789030075,4.551828742027283,0.46187108755111694,0.398761123418808
1353,Republic of Aurelia_5_402,Republic of Aurelia,Republic of Aurelia_4_151,5,Other crews consider countermeasures against Aurelian control attempts,True,1.0223175585269928,5.5741463005542755,0.4815392792224884,0.4961431622505188
1354,Republic of Aurelia_5_400,Republic of Aurelia,Republic of Aurelia_4_151,5,Republic of Aurelia faces direct confrontation over unauthorized actions,True,1.4654877483844757,6.017316490411758,0.2000466287136078,0.3344656229019165
1355,Republic of Aurelia_5_399,Republic of Aurelia,Republic of Aurelia_4_151,5,Other crews demand immediate explanation of system modifications,True,1.138623058795929,5.690451800823212,0.46879351139068604,0.392583429813385
1356,Republic of Aurelia_3_36,Republic of Aurelia,Republic of Aurelia_2_11,3,Aurelia threatens to restrict other crews' access to critical systems,False,0.9458582401275635,3.0991868674755096,0.5145655870437622,0.5395761728286743
1357,Republic of Aurelia_4_101,Republic of Aurelia,Republic of Aurelia_3_36,4,Trust between all three crews deteriorates significantly,False,1.3303689062595367,4.429555773735046,0.32610005140304565,0.3435310423374176
1358,Republic of Aurelia_5_358,Republic of Aurelia,Republic of Aurelia_4_101,5,Each crew begins developing contingency plans without consulting others,True,1.1067498624324799,5.536305636167526,0.44672879576683044,0.4465213418006897
1359,Republic of Aurelia_5_357,Republic of Aurelia,Republic of Aurelia_4_101,5,Communication between crews becomes formal and guarded,True,1.155569612979889,5.585125386714935,0.4421253800392151,0.402305006980896
1360,Republic of Aurelia_5_356,Republic of Aurelia,Republic of Aurelia_4_101,5,Republic of Aurelia's crew starts monitoring other teams' activities suspiciously,True,1.3748715817928314,5.804427355527878,0.2457372546195984,0.3793911635875702
1361,Republic of Aurelia_5_355,Republic of Aurelia,Republic of Aurelia_4_101,5,Crews begin withholding critical operational information from each other,True,1.0917404294013977,5.521296203136444,0.4847717881202698,0.4234877824783325
1362,Republic of Aurelia_4_100,Republic of Aurelia,Republic of Aurelia_3_36,4,Other crews begin developing contingency plans for system access,False,1.1124009490013123,4.211587816476822,0.44514554738998413,0.4424535036087036
1363,Republic of Aurelia_5_278,Republic of Aurelia,Republic of Aurelia_4_100,5,Republic of Aurelia perceives direct threats to its operational security,True,1.3195079267024994,5.531095743179321,0.2851148545742035,0.3953772187232971
1364,Republic of Aurelia_4_99,Republic of Aurelia,Republic of Aurelia_3_36,4,Aurelia's credibility in future negotiations becomes compromised,False,1.6650618687272072,4.764248736202717,0.09098514169454575,0.24395298957824707
1365,Republic of Aurelia_5_498,Republic of Aurelia,Republic of Aurelia_4_99,5,Aurelia loses bargaining power in resource allocation discussions,True,1.4216009378433228,6.18584967404604,0.24636006355285645,0.3320389986038208
1366,Republic of Aurelia_5_497,Republic of Aurelia,Republic of Aurelia_4_99,5,Other crews form defensive alliance against Aurelia's unilateral actions,True,1.1986917853355408,5.962940521538258,0.38489651679992676,0.41641169786453247
1367,Republic of Aurelia_4_98,Republic of Aurelia,Republic of Aurelia_3_36,4,Other crews perceive Aurelia's threats as hostile escalation,False,1.2649753093719482,4.364162176847458,0.35196375846862793,0.38306093215942383
1368,Republic of Aurelia_5_335,Republic of Aurelia,Republic of Aurelia_4_98,5,Other crews begin independent contingency planning for survival,True,0.9545665979385376,5.3187287747859955,0.5091426372528076,0.5362907648086548
1369,Republic of Aurelia_5_334,Republic of Aurelia,Republic of Aurelia_4_98,5,Trust between crews deteriorates beyond diplomatic repair,True,1.3295622766017914,5.693724453449249,0.2948049306869507,0.37563279271125793
1370,Republic of Aurelia_2_10,Republic of Aurelia,Republic of Aurelia_1_1,2,Aurelia's life support engineer becomes focal point of inter-crew dispute,False,1.112549602985382,2.0455406308174133,0.44594770669937134,0.4415026903152466
1371,Republic of Aurelia_3_31,Republic of Aurelia,Republic of Aurelia_2_10,3,Republic of Aurelia loses exclusive control over critical systems expertise,False,1.2214951813220978,3.267035812139511,0.33812230825424194,0.4403825104236603
1372,Republic of Aurelia_4_119,Republic of Aurelia,Republic of Aurelia_3_31,4,Aurelia's exclusive technical authority position becomes untenable,False,1.1989827156066895,4.466018527746201,0.35534876585006714,0.4456685185432434
1373,Republic of Aurelia_5_371,Republic of Aurelia,Republic of Aurelia_4_119,5,Republic of Aurelia faces forced power-sharing arrangement,True,1.3007565140724182,5.766775041818619,0.2523997128009796,0.4468437731266022
1374,Republic of Aurelia_5_370,Republic of Aurelia,Republic of Aurelia_4_119,5,Aurelia's political justification for mission control erodes,True,1.2765544652938843,5.742572993040085,0.26928848028182983,0.4541570544242859
1375,Republic of Aurelia_5_369,Republic of Aurelia,Republic of Aurelia_4_119,5,Other crews gain leverage over habitat operational decisions,True,0.8739120662212372,5.339930593967438,0.6367800235748291,0.4893079102039337
1376,Republic of Aurelia_5_368,Republic of Aurelia,Republic of Aurelia_4_119,5,Aurelia must negotiate from weakened bargaining position,True,1.630756288766861,6.0967748165130615,0.12450432777404785,0.2447393834590912
1377,Republic of Aurelia_4_118,Republic of Aurelia,Republic of Aurelia_3_31,4,Other crews gain independent access to critical life support knowledge,False,0.852916419506073,4.119952231645584,0.5996612906455994,0.5474222898483276
1378,Republic of Aurelia_5_248,Republic of Aurelia,Republic of Aurelia_4_118,5,Republic of Aurelia's bargaining position weakens significantly,True,1.6928001567721367,5.812752388417721,0.07112623006105423,0.23607361316680908
1379,Republic of Aurelia_5_247,Republic of Aurelia,Republic of Aurelia_4_118,5,Other crews can operate habitat systems without Aurelian oversight,True,0.8804954886436462,5.00044772028923,0.5721316337585449,0.5473728775978088
1380,Republic of Aurelia_5_246,Republic of Aurelia,Republic of Aurelia_4_118,5,Aurelia's technical monopoly over life support systems ends,True,1.0267309546470642,5.146683186292648,0.4926128089427948,0.480656236410141
1381,Republic of Aurelia_4_117,Republic of Aurelia,Republic of Aurelia_3_31,4,Aurelia's strategic leverage in habitat negotiations significantly diminishes,False,1.437672272324562,4.704708084464073,0.2489369958639145,0.31339073181152344
1382,Republic of Aurelia_5_465,Republic of Aurelia,Republic of Aurelia_4_117,5,Republic of Aurelia faces increased pressure to reduce crew size,True,1.3729004561901093,6.077608540654182,0.23898598551750183,0.3881135582923889
1383,Republic of Aurelia_5_464,Republic of Aurelia,Republic of Aurelia_4_117,5,Aurelia must accept shared governance arrangements it previously rejected,True,1.2208265662193298,5.925534650683403,0.29122453927993774,0.4879488945007324
1384,Republic of Aurelia_5_463,Republic of Aurelia,Republic of Aurelia_4_117,5,Other crews gain equal voice in critical operational decisions,True,1.0283554792404175,5.733063563704491,0.5435644388198853,0.42808008193969727
1385,Republic of Aurelia_3_30,Republic of Aurelia,Republic of Aurelia_2_10,3,Aurelia's engineer faces conflicting technical orders from multiple crews,False,1.1806195676326752,3.2261601984500885,0.4095885455608368,0.40979188680648804
1386,Republic of Aurelia_4_116,Republic of Aurelia,Republic of Aurelia_3_30,4,Aurelia's engineer experiences severe operational stress from competing authorities,False,1.2003236413002014,4.42648383975029,0.39479899406433105,0.40487736463546753
1387,Republic of Aurelia_5_354,Republic of Aurelia,Republic of Aurelia_4_116,5,Aurelia's engineer requests immediate evacuation from habitat duties,True,1.2714280188083649,5.697911858558655,0.3725954592227936,0.35597652196884155
1388,Republic of Aurelia_5_353,Republic of Aurelia,Republic of Aurelia_4_116,5,Aurelia's engineer refuses to follow non-Aurelian technical directives,True,1.3631249964237213,5.789608836174011,0.3238648474216461,0.31301015615463257
1389,Republic of Aurelia_5_352,Republic of Aurelia,Republic of Aurelia_4_116,5,Aurelia's engineer makes critical system errors under pressure,True,1.4800969064235687,5.906580746173859,0.25281721353530884,0.26708588004112244
1390,Republic of Aurelia_4_115,Republic of Aurelia,Republic of Aurelia_3_30,4,Critical life support decisions face dangerous delays from conflicting commands,False,0.9035448431968689,4.129705041646957,0.5198693871498108,0.5765857696533203
1391,Republic of Aurelia_5_252,Republic of Aurelia,Republic of Aurelia_4_115,5,Aurelia's engineer begins making unilateral life support decisions,True,1.0809363424777985,5.210641384124756,0.44489267468452454,0.474170982837677
1392,Republic of Aurelia_4_114,Republic of Aurelia,Republic of Aurelia_3_30,4,Aurelia's engineer must choose which crew's technical directives to follow,False,0.9996454119682312,4.22580561041832,0.5020185112953186,0.4983360767364502
1393,Republic of Aurelia_5_279,Republic of Aurelia,Republic of Aurelia_4_114,5,Aurelia's engineer prioritizes Aurelian crew's technical directives over others,True,1.2501226663589478,5.4759282767772675,0.38582736253738403,0.3640499711036682
1394,Republic of Aurelia_3_29,Republic of Aurelia,Republic of Aurelia_2_10,3,Other crews demand direct access to Aurelia's life support engineer,False,0.9222148060798645,2.967755436897278,0.5770295262336731,0.5007556676864624
1395,Republic of Aurelia_4_85,Republic of Aurelia,Republic of Aurelia_3_29,4,Aurelia loses exclusive control over critical systems knowledge,False,1.3732313215732574,4.340986758470535,0.28124308586120605,0.3455255925655365
1396,Republic of Aurelia_5_325,Republic of Aurelia,Republic of Aurelia_4_85,5,Aurelia's life support engineer faces divided loyalties between crews,True,0.9988784193992615,5.339865177869797,0.5142327547073364,0.4868888258934021
1397,Republic of Aurelia_5_324,Republic of Aurelia,Republic of Aurelia_4_85,5,Other crews gain independent capability to operate critical systems,True,1.006384015083313,5.347370773553848,0.5119682550430298,0.4816477298736572
1398,Republic of Aurelia_4_84,Republic of Aurelia,Republic of Aurelia_3_29,4,Aurelia's engineer faces divided loyalty pressures from competing crews,False,1.3024587631225586,4.270214200019836,0.3486800491809845,0.3488611876964569
1399,Republic of Aurelia_5_289,Republic of Aurelia,Republic of Aurelia_4_84,5,Information flow about critical systems becomes fragmented between crews,True,1.2646024525165558,5.534816652536392,0.34633174538612366,0.38906580209732056
1400,Republic of Aurelia_5_288,Republic of Aurelia,Republic of Aurelia_4_84,5,Aurelia's engineer's technical decisions become politically scrutinized by all parties,True,1.391018569469452,5.661232769489288,0.27921879291534424,0.32976263761520386
1401,Republic of Aurelia_5_287,Republic of Aurelia,Republic of Aurelia_4_84,5,Other crews attempt to bypass Aurelia's chain of command,True,1.0553771555423737,5.32559135556221,0.4587061405181885,0.48591670393943787
1402,Republic of Aurelia_5_286,Republic of Aurelia,Republic of Aurelia_4_84,5,Aurelia's engineer experiences psychological stress from conflicting professional obligations,True,1.4404754340648651,5.7106896340847015,0.28263410925865173,0.27689045667648315
1403,Republic of Aurelia_4_83,Republic of Aurelia,Republic of Aurelia_3_29,4,Aurelia perceives direct access demands as sovereignty violation,False,1.31853848695755,4.286293923854828,0.29713040590286255,0.3843311071395874
1404,Republic of Aurelia_5_302,Republic of Aurelia,Republic of Aurelia_4_83,5,Aurelia escalates diplomatic protests to Earth-based mission control,True,1.4090644717216492,5.695358395576477,0.2035847306251526,0.38735079765319824
1405,Republic of Aurelia_5_301,Republic of Aurelia,Republic of Aurelia_4_83,5,Aurelia invokes territorial control over habitat sections containing critical systems,True,1.1366048753261566,5.4228987991809845,0.401834636926651,0.4615604877471924
1406,Republic of Aurelia_2_9,Republic of Aurelia,Republic of Aurelia_1_1,2,Republic of Aurelia must defend its exclusive control position against coordinated opposition,False,1.2482982873916626,2.181289315223694,0.34918272495269775,0.40251898765563965
1407,Republic of Aurelia_3_42,Republic of Aurelia,Republic of Aurelia_2_9,3,Aurelia declares other crews as safety threats requiring removal,False,1.1031585931777954,3.2844479084014893,0.46156972646713257,0.435271680355072
1408,Republic of Aurelia_4_126,Republic of Aurelia,Republic of Aurelia_3_42,4,Republic of Aurelia justifies unilateral safety protocols implementation,True,1.1407242715358734,4.425172179937363,0.38278377056121826,0.4764919579029083
1409,Republic of Aurelia_4_125,Republic of Aurelia,Republic of Aurelia_3_42,4,Other crews perceive Aurelia as hostile aggressor,False,1.2851002216339111,4.5695481300354,0.3535391688346863,0.3613606095314026
1410,Republic of Aurelia_5_408,Republic of Aurelia,Republic of Aurelia_4_125,5,Other crews coordinate to override Aurelian system controls,True,0.9443374872207642,5.5138856172561646,0.5270020961761475,0.5286604166030884
1411,Republic of Aurelia_5_406,Republic of Aurelia,Republic of Aurelia_4_125,5,Other crews form defensive alliance against Republic of Aurelia,True,1.3416672348976135,5.911215364933014,0.29572588205337524,0.36260688304901123
1412,Republic of Aurelia_4_124,Republic of Aurelia,Republic of Aurelia_3_42,4,Republic of Aurelia begins restricting other crews' habitat access,False,1.0107556283473969,4.295203536748886,0.4707960784435272,0.5184482932090759
1413,Republic of Aurelia_5_306,Republic of Aurelia,Republic of Aurelia_4_124,5,Other crews declare Aurelia's restrictions illegitimate and dangerous,True,1.0155978202819824,5.3108013570308685,0.46663594245910645,0.5177662372589111
1414,Republic of Aurelia_5_305,Republic of Aurelia,Republic of Aurelia_4_124,5,Republic of Aurelia escalates to physical blocking of critical systems,True,1.3869135975837708,5.682117134332657,0.25092172622680664,0.3621646761894226
1415,Republic of Aurelia_5_304,Republic of Aurelia,Republic of Aurelia_4_124,5,Habitat security protocols activate due to unauthorized access attempts,True,1.2701304852962494,5.5653340220451355,0.3956425189971924,0.3342269957065582
1416,Republic of Aurelia_3_41,Republic of Aurelia,Republic of Aurelia_2_9,3,Aurelia isolates its crew from joint operational discussions,False,1.0998850464820862,3.28117436170578,0.4249284863471985,0.47518646717071533
1417,Republic of Aurelia_4_123,Republic of Aurelia,Republic of Aurelia_3_41,4,Other crews develop alternative life support management protocols,False,0.782961905002594,4.064136266708374,0.6193881034851074,0.5976499915122986
1418,Republic of Aurelia_5_239,Republic of Aurelia,Republic of Aurelia_4_123,5,Habitat system modifications proceed without Aurelian input,True,1.4016163051128387,5.465752571821213,0.28295496106147766,0.3154287338256836
1419,Republic of Aurelia_5_238,Republic of Aurelia,Republic of Aurelia_4_123,5,Alternative protocols bypass Aurelia's certified technical expertise,True,1.4391708374023438,5.503307104110718,0.24994239211082458,0.31088677048683167
1420,Republic of Aurelia_5_237,Republic of Aurelia,Republic of Aurelia_4_123,5,Aurelia's life support engineer becomes excluded from critical system oversight,True,0.9929095804691315,5.0570458471775055,0.5127352476119995,0.494355171918869
1421,Republic of Aurelia_4_122,Republic of Aurelia,Republic of Aurelia_3_41,4,Aurelian crew cannot influence resource allocation discussions,False,1.118280291557312,4.399454653263092,0.42509621381759644,0.45662349462509155
1422,Republic of Aurelia_5_344,Republic of Aurelia,Republic of Aurelia_4_122,5,Aurelian life support engineer receives no input on system loading parameters,True,1.346231758594513,5.745686411857605,0.3710220456123352,0.28274619579315186
1423,Republic of Aurelia_5_343,Republic of Aurelia,Republic of Aurelia_4_122,5,Republic of Aurelia loses advance warning of resource distribution decisions,True,1.4258389472961426,5.825293600559235,0.2212560772895813,0.3529049754142761
1424,Republic of Aurelia_5_342,Republic of Aurelia,Republic of Aurelia_4_122,5,Other crews allocate resources without considering Aurelian technical requirements,True,1.0720797777175903,5.471534430980682,0.45602208375930786,0.4718981385231018
1425,Republic of Aurelia_4_121,Republic of Aurelia,Republic of Aurelia_3_41,4,Republic of Aurelia loses situational awareness of joint activities,False,1.4277337789535522,4.708908140659332,0.206160306930542,0.36610591411590576
1426,Republic of Aurelia_5_468,Republic of Aurelia,Republic of Aurelia_4_121,5,Republic of Aurelia loses early warning of resource allocation changes,True,1.4854023158550262,6.1943104565143585,0.16790896654129028,0.34668871760368347
1427,Republic of Aurelia_5_467,Republic of Aurelia,Republic of Aurelia_4_121,5,Republic of Aurelia misses critical safety alerts from joint operations,True,1.3018149435520172,6.0107230842113495,0.3045635223388672,0.3936215341091156
1428,Republic of Aurelia_5_466,Republic of Aurelia,Republic of Aurelia_4_121,5,Republic of Aurelia cannot monitor other crews' system modifications,True,1.0461206436157227,5.755028784275055,0.43818020820617676,0.5156991481781006
1429,Republic of Aurelia_4_120,Republic of Aurelia,Republic of Aurelia_3_41,4,Other crews coordinate operational decisions without Aurelian input,False,0.8710216879844666,4.152196049690247,0.5542234778404236,0.5747548341751099
1430,Republic of Aurelia_5_259,Republic of Aurelia,Republic of Aurelia_4_120,5,Joint crew decisions proceed without Aurelian technical input,True,0.9817306995391846,5.133926749229431,0.516542911529541,0.5017263889312744
1431,Republic of Aurelia_5_258,Republic of Aurelia,Republic of Aurelia_4_120,5,Aurelia's life support engineer becomes isolated from system coordination,True,1.0869903862476349,5.2391864359378815,0.4321008324623108,0.4809087812900543
1432,Republic of Aurelia_5_257,Republic of Aurelia,Republic of Aurelia_4_120,5,Other crews establish alternative command structure excluding Aurelian authority,True,1.0014174282550812,5.153613477945328,0.4750951826572418,0.523487389087677
1433,Republic of Aurelia_5_256,Republic of Aurelia,Republic of Aurelia_4_120,5,Aurelia loses influence over critical habitat operational parameters,True,1.3039621114730835,5.45615816116333,0.32507288455963135,0.37096500396728516
1434,Republic of Aurelia_3_40,Republic of Aurelia,Republic of Aurelia_2_9,3,Aurelia threatens to disable systems if authority challenged,False,1.2293702960014343,3.410659611225128,0.3456804156303406,0.4249492883682251
1435,Republic of Aurelia_4_150,Republic of Aurelia,Republic of Aurelia_3_40,4,Mission safety becomes subordinated to territorial control assertions,False,0.8724033832550049,4.283062994480133,0.5091568231582642,0.618439793586731
1436,Republic of Aurelia_5_299,Republic of Aurelia,Republic of Aurelia_4_150,5,Republic of Aurelia's life support engineer faces pressure to weaponize technical expertise,True,1.0755468904972076,5.358609884977341,0.45039626955986023,0.47405683994293213
1437,Republic of Aurelia_5_298,Republic of Aurelia,Republic of Aurelia_4_150,5,Technical decisions become driven by political positioning rather than engineering requirements,True,1.464162677526474,5.747225672006607,0.2659233510494232,0.2699139714241028
1438,Republic of Aurelia_5_297,Republic of Aurelia,Republic of Aurelia_4_150,5,Crews prioritize securing control over immediate survival needs,True,0.7742183208465576,5.057281315326691,0.6618999242782593,0.5638817548751831
1439,Republic of Aurelia_4_149,Republic of Aurelia,Republic of Aurelia_3_40,4,Aurelia escalates from negotiation to coercive tactics,True,1.6224062889814377,5.033065900206566,0.1398400217294693,0.23775368928909302
1440,Republic of Aurelia_4_148,Republic of Aurelia,Republic of Aurelia_3_40,4,Other crews perceive Aurelia's threat as credible given system dependencies,False,1.1029946506023407,4.513654261827469,0.4281628131866455,0.4688425362110138
1441,Republic of Aurelia_5_381,Republic of Aurelia,Republic of Aurelia_4_148,5,Other crews seek alternative technical solutions bypassing Aurelian control,True,1.0842196941375732,5.597873955965042,0.4562947750091553,0.4594855308532715
1442,Republic of Aurelia_5_380,Republic of Aurelia,Republic of Aurelia_4_148,5,Crisis escalates toward potential system sabotage scenario,True,1.4420133829116821,5.955667644739151,0.25397634506225586,0.304010272026062
1443,Republic of Aurelia_3_39,Republic of Aurelia,Republic of Aurelia_2_9,3,Aurelia escalates to physical control of critical habitat systems,False,1.3232617378234863,3.50455105304718,0.3214642405509949,0.3552740216255188
1444,Republic of Aurelia_4_171,Republic of Aurelia,Republic of Aurelia_3_39,4,Critical habitat systems become contested operational battleground,False,1.0392181277275085,4.543769180774689,0.47627753019332886,0.4845043420791626
1445,Republic of Aurelia_5_398,Republic of Aurelia,Republic of Aurelia_4_171,5,Emergency protocols cannot be executed through normal command structure,True,1.294793725013733,5.838562905788422,0.33849090337753296,0.36671537160873413
1446,Republic of Aurelia_5_397,Republic of Aurelia,Republic of Aurelia_4_171,5,Habitat's unified control system faces simultaneous conflicting commands,True,1.0360462665557861,5.579815447330475,0.49083995819091797,0.4731137752532959
1447,Republic of Aurelia_5_395,Republic of Aurelia,Republic of Aurelia_4_171,5,Life support system integrity becomes compromised through competing interventions,True,0.9495297074317932,5.493298888206482,0.48538917303085327,0.5650811195373535
1448,Republic of Aurelia_4_170,Republic of Aurelia,Republic of Aurelia_3_39,4,Physical confrontation occurs within the confined habitat space,False,1.2307745814323425,4.735325634479523,0.3580276072025299,0.41119781136512756
1449,Republic of Aurelia_5_486,Republic of Aurelia,Republic of Aurelia_4_170,5,Republic of Aurelia loses exclusive access to life support controls,True,1.018892526626587,5.75421816110611,0.45945584774017334,0.5216516256332397
1450,Republic of Aurelia_5_485,Republic of Aurelia,Republic of Aurelia_4_170,5,Emergency protocols activate automatically due to detected violence,True,1.4914605468511581,6.226786181330681,0.26499107480049133,0.24354837834835052
1451,Republic of Aurelia_5_484,Republic of Aurelia,Republic of Aurelia_4_170,5,Critical habitat equipment becomes inaccessible during physical struggle,True,1.1388587057590485,5.874184340238571,0.47631746530532837,0.38482382893562317
1452,Republic of Aurelia_5_482,Republic of Aurelia,Republic of Aurelia_4_170,5,Habitat life support systems sustain damage from physical altercation,True,1.0332377552986145,5.768563389778137,0.49499785900115967,0.47176438570022583
1453,Republic of Aurelia_4_169,Republic of Aurelia,Republic of Aurelia_3_39,4,Aurelia gains exclusive access to life support control interfaces,False,1.1813786029815674,4.685929656028748,0.4187389612197876,0.399882435798645
1454,Republic of Aurelia_5_456,Republic of Aurelia,Republic of Aurelia_4_169,5,Republic of Aurelia can enforce crew size reduction unilaterally,True,1.1659734845161438,5.851903140544891,0.3644423484802246,0.4695841670036316
1455,Republic of Aurelia_5_454,Republic of Aurelia,Republic of Aurelia_4_169,5,Republic of Aurelia controls oxygen allocation to other crews,True,0.8880021572113037,5.573931813240051,0.5194250345230103,0.592572808265686
1456,Republic of Aurelia_4_168,Republic of Aurelia,Republic of Aurelia_3_39,4,Other crews physically resist Aurelia's system takeover attempts,False,1.096794307231903,4.601345360279083,0.4746657609939575,0.4285399317741394
1457,Republic of Aurelia_5_423,Republic of Aurelia,Republic of Aurelia_4_168,5,Habitat's unified control system experiences operational disruption,True,1.0046555399894714,5.606000900268555,0.5039243698120117,0.49142009019851685
1458,Republic of Aurelia_5_422,Republic of Aurelia,Republic of Aurelia_4_168,5,Aurelia's life support engineer becomes inaccessible during struggle,True,1.1784130930900574,5.779758453369141,0.41364338994026184,0.4079435169696808
1459,Republic of Aurelia_5_421,Republic of Aurelia,Republic of Aurelia_4_168,5,Physical confrontation damages critical habitat systems,True,1.212030291557312,5.813375651836395,0.4003598093986511,0.38760989904403687
1460,Republic of Aurelia_2_8,Republic of Aurelia,Republic of Aurelia_1_1,2,Aurelia faces immediate challenge to its operational authority over critical systems,False,1.2028419375419617,2.135832965373993,0.3564331531524658,0.4407249093055725
1461,Republic of Aurelia_3_35,Republic of Aurelia,Republic of Aurelia_2_8,3,Aurelia considers restricting other crews' system access privileges,False,0.9639843106269836,3.0998172760009766,0.5177561640739441,0.5182595252990723
1462,Republic of Aurelia_4_105,Republic of Aurelia,Republic of Aurelia_3_35,4,System access restrictions create operational security vulnerabilities,False,1.282088190317154,4.3819054663181305,0.3558255732059479,0.3620862364768982
1463,Republic of Aurelia_5_341,Republic of Aurelia,Republic of Aurelia_4_105,5,Critical system monitoring becomes incomplete across habitat zones,True,1.2875130772590637,5.669418543577194,0.33840233087539673,0.37408459186553955
1464,Republic of Aurelia_5_340,Republic of Aurelia,Republic of Aurelia_4_105,5,Aurelia's life support engineer becomes single point of failure,True,1.1944511532783508,5.576356619596481,0.4057549238204956,0.39979392290115356
1465,Republic of Aurelia_5_339,Republic of Aurelia,Republic of Aurelia_4_105,5,Other crews attempt unauthorized system overrides,True,0.9763308763504028,5.358236342668533,0.557494044303894,0.4661750793457031
1466,Republic of Aurelia_4_104,Republic of Aurelia,Republic of Aurelia_3_35,4,Aurelia's life support engineer gains leverage over critical operations,False,1.0943064391613007,4.194123715162277,0.4886382520198822,0.41705530881881714
1467,Republic of Aurelia_5_270,Republic of Aurelia,Republic of Aurelia_4_104,5,Technical decisions require Aurelian engineer's approval or participation,True,1.1718301177024841,5.365953832864761,0.43163955211639404,0.3965303301811218
1468,Republic of Aurelia_5_269,Republic of Aurelia,Republic of Aurelia_4_104,5,Aurelia's engineer controls access to critical system documentation,True,1.241419494152069,5.435543209314346,0.403658390045166,0.3549221158027649
1469,Republic of Aurelia_4_102,Republic of Aurelia,Republic of Aurelia_3_35,4,Aurelia begins implementing technical barriers to system access,False,1.492506504058838,4.5923237800598145,0.2232326865196228,0.2842608094215393
1470,Republic of Aurelia_5_417,Republic of Aurelia,Republic of Aurelia_4_102,5,Critical habitat systems become partially inaccessible to non-Aurelian personnel,True,1.0467048287391663,5.639028608798981,0.4419587254524231,0.5113364458084106
1471,Republic of Aurelia_5_416,Republic of Aurelia,Republic of Aurelia_4_102,5,Aurelia's technical barriers trigger automated security protocols,True,1.3811542987823486,5.973478078842163,0.2737436890602112,0.3451020121574402
1472,Republic of Aurelia_3_34,Republic of Aurelia,Republic of Aurelia_2_8,3,Aurelia's political stakes in maintaining control intensify pressure,False,1.3978165239095688,3.5336494892835617,0.23722918331623077,0.36495429277420044
1473,Republic of Aurelia_4_174,Republic of Aurelia,Republic of Aurelia_3_34,4,Aurelia prioritizes demonstrating control over collaborative relationship building,False,1.2772275805473328,4.8108770698308945,0.3320119380950928,0.39076048135757446
1474,Republic of Aurelia_5_517,Republic of Aurelia,Republic of Aurelia_4_174,5,Aurelia refuses compromise proposals from other crews,True,1.3236967623233795,6.134573832154274,0.33660218119621277,0.3397010564804077
1475,Republic of Aurelia_4_172,Republic of Aurelia,Republic of Aurelia_3_34,4,Aurelia's crew receives increasingly urgent directives from mission control,False,1.0321115553379059,4.565761044621468,0.4294493496417999,0.5384390950202942
1476,Republic of Aurelia_5_405,Republic of Aurelia,Republic of Aurelia_4_172,5,Aurelia's crew faces pressure to override other nations' operational inputs,True,1.109015166759491,5.674776211380959,0.372528076171875,0.518456757068634
1477,Republic of Aurelia_5_404,Republic of Aurelia,Republic of Aurelia_4_172,5,Mission control demands Aurelia assert unilateral control over habitat systems,True,0.9342064261436462,5.499967470765114,0.5062402486801147,0.559553325176239
1478,Republic of Aurelia_5_403,Republic of Aurelia,Republic of Aurelia_4_172,5,Aurelia's crew experiences escalating stress from conflicting ground and local priorities,True,1.1836755871772766,5.749436631798744,0.3743797540664673,0.4419446587562561
1479,Republic of Aurelia_3_33,Republic of Aurelia,Republic of Aurelia_2_8,3,Other crews attempt direct access to life support controls,False,0.78515625,2.920989215373993,0.6548612117767334,0.5599825382232666
1480,Republic of Aurelia_4_82,Republic of Aurelia,Republic of Aurelia_3_33,4,Aurelia loses exclusive technical control over life support operations,False,0.9179155826568604,3.8389047980308533,0.521844744682312,0.5602396726608276
1481,Republic of Aurelia_5_203,Republic of Aurelia,Republic of Aurelia_4_82,5,Aurelia's technical expertise becomes subordinated to collective decision-making,True,1.3041196465492249,5.143024444580078,0.290618896484375,0.40526145696640015
1482,Republic of Aurelia_5_202,Republic of Aurelia,Republic of Aurelia_4_82,5,Republic of Aurelia cannot guarantee system safety protocols,True,1.1932701766490936,5.032174974679947,0.3466527760028839,0.46007704734802246
1483,Republic of Aurelia_5_201,Republic of Aurelia,Republic of Aurelia_4_82,5,Aurelia's certified life support engineer operates under divided command authority,False,0.8135132193565369,4.65241801738739,0.6018022894859314,0.5846844911575317
1484,Republic of Aurelia_6_443,Republic of Aurelia,Republic of Aurelia_5_201,6,Aurelia's engineer receives conflicting technical directives from multiple command structures,True,1.3095224797725677,5.961940497159958,0.33644819259643555,0.3540293276309967
1485,Republic of Aurelia_4_81,Republic of Aurelia,Republic of Aurelia_3_33,4,Critical habitat systems register multiple simultaneous control inputs,False,1.1848459541797638,4.105835169553757,0.43607714772224426,0.37907689809799194
1486,Republic of Aurelia_5_242,Republic of Aurelia,Republic of Aurelia_4_81,5,Aurelia's certified engineer loses exclusive administrative access to critical controls,True,1.1733514368534088,5.2791866064071655,0.4576082229614258,0.3690403401851654
1487,Republic of Aurelia_5_241,Republic of Aurelia,Republic of Aurelia_4_81,5,Life support systems enter fail-safe mode preventing unauthorized modifications,True,0.95645672082901,5.062291890382767,0.5332008004188538,0.5103424787521362
1488,Republic of Aurelia_5_240,Republic of Aurelia,Republic of Aurelia_4_81,5,Habitat's automated safety protocols trigger system lockdown procedures,True,1.0979251265525818,5.2037602961063385,0.4949107766151428,0.4071640968322754
1489,Republic of Aurelia_4_80,Republic of Aurelia,Republic of Aurelia_3_33,4,Aurelia's life support engineer detects unauthorized system access attempts,False,1.1321395635604858,4.053128778934479,0.4500466585159302,0.417813777923584
1490,Republic of Aurelia_5_236,Republic of Aurelia,Republic of Aurelia_4_80,5,Life support system logs record the unauthorized access attempts,True,1.0895441770553589,5.142672955989838,0.4823541045188904,0.42810171842575073
1491,Republic of Aurelia_5_235,Republic of Aurelia,Republic of Aurelia_4_80,5,Aurelia identifies which crew members attempted unauthorized access,True,1.2342374622821808,5.2873662412166595,0.39143142104148865,0.37433111667633057
1492,Republic of Aurelia_5_234,Republic of Aurelia,Republic of Aurelia_4_80,5,Critical system security protocols are automatically triggered,True,1.520477145910263,5.573605924844742,0.2515334486961365,0.22798940539360046
1493,Republic of Aurelia_5_233,Republic of Aurelia,Republic of Aurelia_4_80,5,Aurelia's engineer immediately alerts the Aurelian crew commander,True,1.4441348612308502,5.497263640165329,0.2881172001361847,0.2677479386329651
1494,Republic of Aurelia_3_32,Republic of Aurelia,Republic of Aurelia_2_8,3,Aurelia must defend its technical expertise as basis for authority,False,1.2860459685325623,3.421878933906555,0.3446284532546997,0.36932557821273804
1495,Republic of Aurelia_4_157,Republic of Aurelia,Republic of Aurelia_3_32,4,Aurelia frames technical decisions as non-negotiable safety protocols,False,1.1182833313941956,4.540162265300751,0.42557215690612793,0.4561445116996765
1496,Republic of Aurelia_5_391,Republic of Aurelia,Republic of Aurelia_4_157,5,Safety protocols become Aurelia's primary negotiating leverage,True,1.1774041652679443,5.717566430568695,0.3937698006629944,0.4288260340690613
1497,Republic of Aurelia_5_390,Republic of Aurelia,Republic of Aurelia_4_157,5,Aurelia's technical authority becomes basis for operational decisions,True,1.1053832173347473,5.645545482635498,0.4119926691055298,0.4826241135597229
1498,Republic of Aurelia_5_389,Republic of Aurelia,Republic of Aurelia_4_157,5,Other crews must justify any system modifications to Aurelia's engineer,True,1.0115725994110107,5.5517348647117615,0.5117865800857544,0.47664082050323486
1499,Republic of Aurelia_4_155,Republic of Aurelia,Republic of Aurelia_3_32,4,Aurelia emphasizes its engineer's unique certification as safety requirement,False,1.2980987429618835,4.719977676868439,0.4068284034729004,0.29507285356521606
1500,Republic of Aurelia_5_477,Republic of Aurelia,Republic of Aurelia_4_155,5,Other nations demand proof of exclusive technical competence,True,1.3421762585639954,6.062153935432434,0.3023304343223572,0.35549330711364746
1501,Republic of Aurelia_5_476,Republic of Aurelia,Republic of Aurelia_4_155,5,Aurelia creates technical dependency argument for control,True,1.2589574456214905,5.978935122489929,0.3487643003463745,0.392278254032135
1502,Republic of Aurelia_5_475,Republic of Aurelia,Republic of Aurelia_4_155,5,Other crews question Aurelia's engineer certification claims,True,1.2193528413772583,5.939330518245697,0.4441138505935669,0.3365333080291748
